sample_id,y_true,y_pred,prob_negative,prob_neutral,prob_positive
train-u0000017,1,1,0.19256826,0.6461369,0.16129492
train-u0000018,2,2,0.11281948,0.43926144,0.44791904
train-u0000019,0,0,0.5556845,0.23623173,0.20808376
train-u0000020,0,1,0.14890052,0.58832455,0.26277494
train-u0000021,0,0,0.6140157,0.21748616,0.16849813
train-u0000022,1,2,0.09027819,0.17059243,0.73912936
train-u0000023,1,1,0.25519377,0.61686695,0.1279393
train-u0000024,1,1,0.10973356,0.45385724,0.43640918
train-u0000025,1,1,0.12888204,0.63623434,0.2348836
train-u0000026,0,2,0.18999514,0.31466955,0.49533528
train-u0000027,2,1,0.09302856,0.58648956,0.32048196
train-u0000028,0,1,0.2822336,0.49202782,0.22573853
train-u0000029,1,1,0.15508135,0.6526641,0.19225445
train-u0000030,1,1,0.22476926,0.7026381,0.07259263
train-u0000031,0,1,0.39323103,0.39684767,0.20992135
train-u0000091,1,1,0.07704292,0.7979865,0.12497056
train-u0000092,0,0,0.5827564,0.19644602,0.22079761
train-u0000093,0,0,0.5343461,0.17590147,0.28975233
train-u0000094,0,2,0.19595394,0.06298432,0.7410617
train-u0000095,0,1,0.1674977,0.5435481,0.28895426
train-u0000096,1,2,0.13589256,0.3625317,0.5015758
train-u0000097,1,1,0.11113084,0.6731282,0.21574101
train-u0000098,2,1,0.30196166,0.52015656,0.17788182
train-u0000099,0,1,0.40858436,0.42568377,0.16573185
train-u0000100,1,2,0.23303555,0.1566947,0.6102697
train-u0000101,2,2,0.13373941,0.1769442,0.68931645
train-u0000102,2,2,0.08286626,0.07650998,0.84062374
train-u0000103,1,1,0.08965034,0.7715272,0.13882254
train-u0000104,0,2,0.11261083,0.09639213,0.790997
train-u0000105,2,2,0.23900063,0.3030758,0.4579236
train-u0000106,0,2,0.13823918,0.17977287,0.68198794
train-u0000107,1,1,0.12125966,0.6013423,0.277398
train-u0000108,1,2,0.19446559,0.28469762,0.5208368
train-u0000109,1,1,0.123597935,0.59897596,0.2774261
train-u0000110,1,1,0.10588839,0.51389873,0.380213
train-u0000111,1,1,0.13251452,0.7955859,0.07189956
train-u0000376,0,1,0.3357393,0.5223733,0.1418874
train-u0000377,0,1,0.15080582,0.5573208,0.29187348
train-u0000378,0,1,0.18112504,0.45489192,0.36398306
train-u0000379,0,2,0.30620223,0.22336285,0.4704349
train-u0000380,1,1,0.083611496,0.73017925,0.1862093
train-u0000381,2,2,0.20051871,0.16398285,0.6354984
train-u0000382,0,0,0.4399204,0.40369478,0.15638486
train-u0000383,0,1,0.08451717,0.78628707,0.12919572
train-u0000384,1,1,0.155048,0.7827766,0.06217543
train-u0000385,0,1,0.13525489,0.5151977,0.34954736
train-u0000386,1,1,0.1334876,0.5001081,0.36640424
train-u0000387,0,1,0.11397939,0.7499292,0.13609146
train-u0000388,1,1,0.08421952,0.68356615,0.23221433
train-u0000389,0,1,0.119391024,0.7465578,0.13405125
train-u0000390,2,2,0.107874304,0.13271047,0.75941527
train-u0000391,1,1,0.060549166,0.8531164,0.08633449
train-u0000392,1,1,0.2426461,0.6424503,0.11490368
train-u0000393,1,1,0.17859662,0.7022923,0.119111
train-u0000394,1,2,0.1014157,0.42255697,0.4760274
train-u0000424,2,2,0.09472592,0.12556568,0.7797084
train-u0000425,0,2,0.10867108,0.40141332,0.48991552
train-u0000426,0,2,0.39795974,0.17462386,0.4274164
train-u0000427,0,0,0.4648271,0.28183547,0.25333747
train-u0000428,0,0,0.47189254,0.1554272,0.37268025
train-u0000434,1,1,0.15560953,0.47379532,0.37059513
train-u0000435,1,0,0.4617854,0.3967904,0.14142427
train-u0000436,1,1,0.10832557,0.76157033,0.13010405
train-u0000437,1,1,0.26048273,0.4303233,0.30919397
train-u0000438,1,1,0.3373936,0.5553045,0.10730186
train-u0000468,2,2,0.36052248,0.25059393,0.3888836
train-u0000469,0,1,0.27081487,0.51216555,0.21701968
train-u0000470,0,1,0.19426298,0.7001911,0.10554592
train-u0000471,0,0,0.62844825,0.20377949,0.16777228
train-u0000472,0,2,0.18720426,0.29219595,0.5205997
train-u0000473,2,2,0.2388641,0.14631617,0.61481977
train-u0000474,1,1,0.1820702,0.47913247,0.3387974
train-u0000475,0,0,0.81895936,0.114765376,0.06627529
train-u0000505,0,0,0.43688336,0.3213565,0.24176008
train-u0000506,0,1,0.08095667,0.7708117,0.14823164
train-u0000507,0,2,0.24902323,0.35768142,0.3932953
train-u0000508,1,1,0.3644884,0.5827275,0.052784156
train-u0000509,1,1,0.12057651,0.83606493,0.043358576
train-u0000510,1,1,0.20421441,0.71645355,0.07933196
train-u0000511,0,0,0.38567188,0.24890155,0.3654266
train-u0000610,2,2,0.08092243,0.05507806,0.8639995
train-u0000611,1,1,0.31043705,0.44839022,0.24117278
train-u0000612,0,0,0.6811461,0.24739698,0.07145702
train-u0000613,1,0,0.74448997,0.101413906,0.15409617
train-u0000614,0,2,0.12345346,0.32751718,0.54902935
train-u0000615,0,0,0.56787497,0.35006067,0.08206439
train-u0000616,0,0,0.35487556,0.31810504,0.3270194
train-u0000617,0,0,0.5029345,0.30631652,0.19074897
train-u0000698,1,1,0.063716404,0.8370952,0.09918843
train-u0000699,0,0,0.52319676,0.23428722,0.24251598
train-u0000700,0,2,0.2395463,0.22025454,0.5401991
train-u0000701,0,1,0.28241917,0.614038,0.1035429
train-u0000702,0,0,0.51109296,0.38874492,0.10016214
train-u0000703,0,0,0.45292762,0.22644524,0.32062715
train-u0000704,0,1,0.22626807,0.67764896,0.09608288
train-u0000705,0,0,0.432287,0.2264043,0.34130874
train-u0000706,0,0,0.5663477,0.18943584,0.24421638
train-u0000707,0,2,0.36466035,0.075627215,0.55971247
train-u0000708,0,0,0.7456859,0.0678115,0.18650267
train-u0000709,0,0,0.5308141,0.19827831,0.27090758
train-u0000710,0,0,0.7158791,0.24518329,0.038937695
train-u0000711,0,0,0.5232498,0.21883297,0.25791726
train-u0000712,0,0,0.65617734,0.10603065,0.23779197
train-u0000713,0,1,0.2076158,0.5616607,0.23072352
train-u0000714,0,2,0.113424174,0.27011323,0.6164626
train-u0000715,0,2,0.17214745,0.3844204,0.44343215
train-u0000744,0,0,0.43870655,0.26160616,0.29968727
train-u0000745,0,0,0.80189145,0.09471086,0.10339771
train-u0000746,0,0,0.42418274,0.32950824,0.24630906
train-u0000747,0,0,0.4496287,0.11288982,0.43748152
train-u0000748,0,1,0.07626863,0.7428038,0.18092759
train-u0000749,0,2,0.27939048,0.21992932,0.5006802
train-u0000750,2,2,0.09888994,0.07720248,0.8239076
train-u0000751,0,2,0.25780445,0.28369948,0.4584961
train-u0000752,0,2,0.152266,0.34650186,0.50123215
train-u0000753,2,2,0.119794056,0.15911691,0.72108907
train-u0000754,1,1,0.23730701,0.6244933,0.13819967
train-u0000755,0,1,0.42134807,0.49140963,0.08724229
train-u0000756,0,1,0.2435162,0.55877215,0.19771159
train-u0000757,0,0,0.42306456,0.29485068,0.28208473
train-u0000758,0,0,0.6766191,0.11437111,0.20900974
train-u0000759,1,1,0.10341129,0.8627269,0.033861764
train-u0000833,0,1,0.23466384,0.43081033,0.33452582
train-u0000834,2,2,0.1436466,0.21914567,0.63720775
train-u0000835,0,1,0.2526566,0.4862977,0.26104575
train-u0000836,0,1,0.26010945,0.6874726,0.052417923
train-u0000837,0,1,0.113973364,0.8259481,0.06007857
train-u0000838,0,0,0.55062985,0.3354113,0.11395888
train-u0000915,1,1,0.40457395,0.5579075,0.03751854
train-u0000916,0,1,0.30480492,0.42808905,0.26710603
train-u0000917,1,1,0.13807563,0.5692582,0.29266614
train-u0000918,1,0,0.5672091,0.2677836,0.16500722
train-u0000919,0,2,0.32304797,0.2583986,0.4185535
train-u0000920,0,0,0.4749474,0.17888051,0.3461722
train-u0000921,0,0,0.4819772,0.22289917,0.2951236
train-u0000969,1,1,0.21068019,0.7430852,0.046234526
train-u0000970,1,1,0.13040665,0.7850428,0.08455046
train-u0000971,0,2,0.3242355,0.304364,0.3714006
train-u0000972,1,1,0.16169615,0.5565688,0.2817351
train-u0000973,1,1,0.19072539,0.6423253,0.16694938
train-u0000974,1,2,0.24368389,0.3138739,0.4424422
train-u0000975,1,1,0.2652006,0.65822214,0.07657728
train-u0000976,1,1,0.181344,0.50938743,0.3092685
train-u0000977,1,1,0.19838288,0.67589396,0.1257231
train-u0000978,1,1,0.25159413,0.6432695,0.10513636
train-u0000979,1,0,0.55985,0.29672503,0.14342497
train-u0000980,0,0,0.4616471,0.28592,0.25243288
train-u0000981,2,0,0.5182692,0.1581451,0.32358572
train-u0000982,2,0,0.40921208,0.19567291,0.39511496
train-u0001074,0,0,0.39716282,0.289261,0.3135761
train-u0001075,2,1,0.13337536,0.7981806,0.06844404
train-u0001076,0,0,0.5754889,0.15563041,0.26888064
train-u0001077,0,0,0.6605314,0.09127167,0.24819691
train-u0001078,0,2,0.36585322,0.21666338,0.41748333
train-u0001079,0,1,0.21057282,0.58871365,0.20071352
train-u0001080,1,1,0.0853868,0.7983401,0.11627314
train-u0001081,0,0,0.62614036,0.30891365,0.064945936
train-u0001082,0,0,0.8147347,0.07876665,0.10649867
train-u0001083,0,1,0.17044778,0.6767293,0.15282291
train-u0001084,0,1,0.29777882,0.42118067,0.28104055
train-u0001170,0,0,0.48988813,0.2959489,0.21416305
train-u0001171,1,0,0.4741857,0.24355899,0.28225523
train-u0001172,1,1,0.29860216,0.68103886,0.020358955
train-u0001173,0,2,0.2911806,0.21925732,0.48956212
train-u0001174,1,0,0.6334367,0.23628119,0.13028206
train-u0001175,1,2,0.281094,0.29501814,0.42388788
train-u0001176,2,2,0.15215735,0.06334756,0.7844951
train-u0001177,2,0,0.47788098,0.08763325,0.43448582
train-u0001178,1,1,0.26371968,0.6430128,0.093267515
train-u0001179,2,2,0.39124867,0.1300168,0.47873455
train-u0001180,0,0,0.5288565,0.14983118,0.32131228
train-u0001181,1,1,0.19351585,0.6719568,0.1345274
train-u0001182,1,0,0.49992728,0.20987591,0.29019675
train-u0001183,1,1,0.31252712,0.44937417,0.23809865
train-u0001205,0,0,0.50455827,0.20736012,0.2880816
train-u0001206,0,2,0.39178854,0.2152444,0.39296713
train-u0001207,0,0,0.49675792,0.34532094,0.15792109
train-u0001208,1,1,0.12778176,0.8428607,0.029357476
train-u0001209,1,1,0.15898393,0.46246162,0.37855452
train-u0001210,1,0,0.6848803,0.17808703,0.13703266
train-u0001211,1,1,0.09277274,0.866332,0.040895317
train-u0001212,0,0,0.5869672,0.30684283,0.10618996
train-u0001213,2,1,0.28089392,0.55469346,0.16441256
train-u0001214,2,2,0.21014895,0.10908361,0.6807675
train-u0001215,2,2,0.3230352,0.23012261,0.44684216
train-u0001216,2,0,0.6658987,0.111282416,0.22281888
train-u0001217,1,1,0.3182625,0.40457553,0.27716196
train-u0001218,0,1,0.21739411,0.62006116,0.16254467
train-u0001219,2,2,0.21586104,0.28108746,0.5030515
train-u0001220,1,1,0.23842259,0.69808555,0.06349192
train-u0001221,1,2,0.16620703,0.34875536,0.48503765
train-u0001230,2,0,0.61582094,0.11930614,0.26487288
train-u0001231,1,0,0.47559148,0.35429722,0.17011127
train-u0001232,1,1,0.32820126,0.39405772,0.27774101
train-u0001233,0,0,0.46991023,0.26372695,0.2663629
train-u0001234,2,2,0.34880948,0.18605815,0.46513236
train-u0001235,2,2,0.3593716,0.19917798,0.44145045
train-u0001236,2,0,0.63650167,0.20675804,0.15674034
train-u0001237,1,1,0.07810569,0.75586563,0.16602871
train-u0001238,1,1,0.20355377,0.62867284,0.1677734
train-u0001239,0,0,0.6103327,0.0847157,0.30495152
train-u0001240,2,2,0.21366046,0.075333945,0.7110056
train-u0001241,0,1,0.31623214,0.6344767,0.04929122
train-u0001336,0,0,0.6505224,0.26413906,0.08533859
train-u0001337,1,1,0.13757174,0.6331585,0.22926983
train-u0001338,0,1,0.43620238,0.5056527,0.05814496
train-u0001339,2,2,0.19940542,0.26916167,0.5314329
train-u0001340,2,1,0.4151696,0.47865102,0.106179334
train-u0001341,2,2,0.11967118,0.108184986,0.77214384
train-u0001342,2,2,0.3770298,0.14198309,0.48098713
train-u0001343,0,2,0.16605632,0.30882487,0.5251188
train-u0001344,2,2,0.30958623,0.15669693,0.5337168
train-u0001345,2,1,0.21809906,0.6146028,0.16729814
train-u0001346,0,1,0.41513917,0.5400636,0.044797245
train-u0001347,0,0,0.65681607,0.24414666,0.09903717
train-u0001348,1,0,0.67460287,0.14703861,0.17835848
train-u0001349,0,0,0.63983154,0.2405011,0.11966738
train-u0001350,0,0,0.52849615,0.2874014,0.18410248
train-u0001351,1,1,0.3111506,0.53303623,0.15581316
train-u0001352,1,1,0.06426783,0.8225823,0.113149844
train-u0001353,0,1,0.37104744,0.4127121,0.2162405
train-u0001354,0,0,0.5622046,0.4089618,0.028833592
train-u0001483,2,2,0.45206624,0.092349626,0.4555841
train-u0001484,0,1,0.36958447,0.47320178,0.15721375
train-u0001485,0,2,0.1756738,0.27186555,0.5524606
train-u0001486,2,2,0.34210712,0.19384967,0.46404323
train-u0001487,0,0,0.50063616,0.13555063,0.36381328
train-u0001488,2,0,0.397248,0.3447221,0.25802997
train-u0001489,0,0,0.4897636,0.11490343,0.39533293
train-u0001490,0,0,0.8180064,0.06373259,0.118261054
train-u0001539,0,0,0.6211826,0.14823121,0.23058616
train-u0001540,1,0,0.8027637,0.10618202,0.09105429
train-u0001541,1,0,0.6729585,0.24197683,0.08506465
train-u0001542,2,1,0.3693458,0.5773789,0.053275228
train-u0001543,2,2,0.4344812,0.09200899,0.47350976
train-u0001544,2,0,0.548951,0.37329394,0.07775503
train-u0001545,2,2,0.16882485,0.3603104,0.47086474
train-u0001546,2,2,0.15619606,0.09115396,0.75265
train-u0001547,1,0,0.5231227,0.17414476,0.3027325
train-u0001548,2,1,0.32628477,0.46671212,0.20700304
train-u0001549,0,0,0.7033968,0.09878399,0.19781917
train-u0001550,2,0,0.49073464,0.17575207,0.33351332
train-u0001551,1,1,0.29659665,0.5384115,0.16499193
train-u0001552,2,2,0.35262114,0.1963296,0.45104927
train-u0001553,2,1,0.21761875,0.69280595,0.08957528
train-u0001554,1,1,0.304452,0.61387795,0.081669964
train-u0001555,0,1,0.10686148,0.79000807,0.10313045
train-u0001556,0,2,0.33069023,0.31681585,0.35249388
train-u0001557,2,2,0.35330704,0.1699016,0.47679147
train-u0001567,1,1,0.35339412,0.4290294,0.21757635
train-u0001568,1,1,0.16071275,0.66519326,0.17409396
train-u0001569,1,2,0.20404048,0.2787651,0.51719433
train-u0001570,1,1,0.25978523,0.45917773,0.28103703
train-u0001571,1,1,0.1946888,0.53338724,0.27192405
train-u0001572,1,2,0.34834033,0.20357004,0.44808957
train-u0001573,1,1,0.35592392,0.52429813,0.11977798
train-u0001574,0,0,0.59354186,0.24438293,0.16207524
train-u0001575,2,2,0.23711127,0.27770555,0.4851832
train-u0001576,0,0,0.58549875,0.28901216,0.12548912
train-u0001630,0,0,0.51030034,0.23894757,0.2507521
train-u0001631,1,1,0.27286512,0.40324697,0.3238879
train-u0001632,2,2,0.2683926,0.32022065,0.41138673
train-u0001633,1,2,0.07036439,0.43398184,0.49565378
train-u0001634,2,1,0.14548953,0.73527277,0.1192377
train-u0001635,0,0,0.6678957,0.2024297,0.12967466
train-u0001636,1,1,0.15681571,0.5773463,0.26583797
train-u0001637,0,2,0.4202972,0.09466374,0.48503906
train-u0001638,1,1,0.09069609,0.72649306,0.18281086
train-u0001639,1,1,0.16922103,0.5808652,0.24991384
train-u0001640,2,0,0.4884086,0.23789077,0.2737007
train-u0001641,2,2,0.083640076,0.055085294,0.8612746
train-u0001642,0,0,0.719443,0.2530893,0.027467685
train-u0001643,0,0,0.42142928,0.22867389,0.34989682
train-u0001719,0,0,0.8092407,0.08481647,0.10594271
train-u0001720,0,0,0.6618389,0.13569175,0.20246932
train-u0001721,0,1,0.13996579,0.75740457,0.10262962
train-u0001722,2,0,0.65881675,0.08826001,0.25292325
train-u0001723,2,2,0.3340403,0.06780376,0.5981559
train-u0001724,2,2,0.36621353,0.15968712,0.47409925
train-u0001725,2,1,0.363983,0.5976824,0.038334623
train-u0001726,0,2,0.3165883,0.16128497,0.52212673
train-u0001727,2,0,0.54411274,0.2449707,0.2109166
train-u0001728,0,0,0.49661082,0.30506137,0.19832778
train-u0001729,0,0,0.54633915,0.39388198,0.05977889
train-u0001730,2,0,0.74221575,0.09335707,0.16442715
train-u0001743,1,0,0.4511501,0.43983302,0.109016955
train-u0001744,0,0,0.84337384,0.06693568,0.0896905
train-u0001745,1,1,0.20082138,0.7522733,0.04690522
train-u0001746,1,1,0.3636712,0.4462347,0.19009408
train-u0001747,2,2,0.348669,0.19862284,0.45270827
train-u0001748,1,1,0.15912032,0.66387695,0.17700274
train-u0001788,1,0,0.3948423,0.3705231,0.23463453
train-u0001789,0,0,0.62901515,0.29990342,0.071081355
train-u0001790,1,1,0.23176593,0.6889042,0.07932986
train-u0001791,1,0,0.7097612,0.23754251,0.05269625
train-u0001792,0,0,0.6971356,0.19608507,0.106779344
train-u0001793,0,0,0.75518787,0.13960804,0.10520405
train-u0001794,1,1,0.4188361,0.46453977,0.11662415
train-u0001795,1,1,0.3074097,0.6174819,0.07510839
train-u0001796,1,0,0.47681162,0.37496403,0.1482243
train-u0001845,0,0,0.73514307,0.11265022,0.15220667
train-u0001846,1,1,0.24174882,0.6849717,0.073279455
train-u0001847,2,2,0.101201065,0.23236527,0.6664337
train-u0001848,2,1,0.15411516,0.6098312,0.23605354
train-u0001849,0,0,0.61996543,0.21503241,0.16500212
train-u0001850,0,2,0.3266574,0.10520477,0.5681378
train-u0001851,2,0,0.49714687,0.15202636,0.35082668
train-u0001852,2,1,0.07827077,0.8739694,0.04775983
train-u0001853,0,2,0.20641437,0.29644647,0.4971391
train-u0001854,0,0,0.5798846,0.14406192,0.2760535
train-u0001855,0,0,0.54126513,0.27401948,0.18471535
train-u0001856,1,1,0.36483037,0.4212661,0.21390346
train-u0001928,2,1,0.28681934,0.49301216,0.22016849
train-u0001929,1,0,0.8372913,0.11137835,0.05133041
train-u0001930,2,1,0.1916141,0.6043144,0.20407143
train-u0001931,2,0,0.4591515,0.27321738,0.26763117
train-u0001932,2,0,0.5057211,0.29177305,0.20250586
train-u0001933,0,0,0.7969601,0.102134585,0.10090529
train-u0001934,2,2,0.19958562,0.06228046,0.73813385
train-u0001935,2,2,0.2238563,0.19831641,0.5778273
train-u0001936,0,0,0.6568924,0.14095277,0.20215487
train-u0001937,0,0,0.5182812,0.13498352,0.34673527
train-u0001938,2,2,0.2850252,0.18385696,0.5311178
train-u0001939,1,0,0.5408369,0.17303045,0.28613266
train-u0002060,1,1,0.14747207,0.5334143,0.31911367
train-u0002061,0,0,0.73724157,0.095367104,0.16739136
train-u0002062,1,1,0.2143273,0.45662835,0.3290443
train-u0002063,2,1,0.10211818,0.58955646,0.30832535
train-u0002064,1,1,0.14862904,0.600259,0.25111195
train-u0002128,0,2,0.29286054,0.15988582,0.5472536
train-u0002129,0,2,0.14274491,0.14947346,0.7077816
train-u0002130,0,0,0.46838403,0.21192352,0.31969252
train-u0002131,0,0,0.6899471,0.08225037,0.2278025
train-u0002132,0,1,0.32859263,0.44227347,0.2291339
train-u0002133,0,1,0.37652647,0.3983951,0.22507843
train-u0002134,0,0,0.37326187,0.31728408,0.30945408
train-u0002135,0,1,0.3112721,0.39632145,0.29240635
train-u0002136,2,2,0.29581398,0.08865469,0.6155313
train-u0002163,0,1,0.16809255,0.7780118,0.053895693
train-u0002164,0,0,0.7034823,0.23946592,0.057051774
train-u0002165,0,2,0.44192138,0.0959792,0.4620994
train-u0002166,0,1,0.27537978,0.62281454,0.10180572
train-u0002167,0,2,0.36889946,0.17328389,0.45781657
train-u0002168,0,1,0.39312014,0.53794974,0.06893012
train-u0002326,1,1,0.21198289,0.62853426,0.15948284
train-u0002327,0,0,0.54475385,0.24564438,0.2096018
train-u0002328,0,0,0.81525666,0.138445,0.046298325
train-u0002329,0,1,0.32966217,0.5723135,0.098024346
train-u0002330,1,1,0.054866772,0.90041417,0.044719085
train-u0002331,1,1,0.172769,0.70593256,0.12129841
train-u0002332,0,1,0.20304258,0.62332916,0.17362824
train-u0002333,1,1,0.065675214,0.89287585,0.041448854
train-u0002334,1,1,0.18038191,0.480664,0.33895397
train-u0002335,0,0,0.44574326,0.4429249,0.1113319
train-u0002336,1,1,0.11180311,0.7217164,0.1664805
train-u0002337,0,2,0.24316917,0.13632882,0.62050205
train-u0002338,1,1,0.111865245,0.806002,0.0821327
train-u0002339,1,1,0.2410325,0.67836076,0.080606684
train-u0002340,1,1,0.2266141,0.47804672,0.29533917
train-u0002341,1,0,0.55337083,0.40167212,0.044957075
train-u0002342,2,0,0.83682215,0.103936106,0.059241727
train-u0002343,2,2,0.19327609,0.2665875,0.54013646
train-u0002344,2,1,0.28616923,0.53245664,0.18137413
train-u0002345,1,1,0.37392986,0.6042536,0.021816494
train-u0002346,2,1,0.10879761,0.55935526,0.3318472
train-u0002347,2,1,0.10386933,0.6866731,0.20945759
train-u0002348,1,1,0.22719947,0.60388136,0.16891916
train-u0002349,0,1,0.2030819,0.7507136,0.046204448
train-u0002350,1,0,0.5177253,0.42089194,0.061382722
train-u0002351,0,1,0.113097064,0.8345619,0.0523411
train-u0002352,0,2,0.26777223,0.35643464,0.37579313
train-u0002353,1,1,0.32976615,0.4960907,0.17414312
train-u0002354,1,1,0.084418654,0.84131855,0.07426288
train-u0002355,0,1,0.24650674,0.52653545,0.22695783
train-u0002356,0,1,0.2669322,0.54204154,0.19102617
train-u0002357,1,1,0.26519474,0.5691805,0.16562478
train-u0002358,1,1,0.121615894,0.8046201,0.07376398
train-u0002412,0,1,0.30765334,0.47998607,0.21236058
train-u0002413,2,2,0.14496365,0.2935332,0.5615031
train-u0002414,2,1,0.17768817,0.4834558,0.33885607
train-u0002415,1,2,0.27068964,0.28350866,0.4458017
train-u0002416,0,0,0.59845966,0.2499451,0.15159522
train-u0002417,0,0,0.727214,0.10191883,0.17086716
train-u0002418,0,0,0.56293434,0.16815299,0.2689127
train-u0002419,0,0,0.3847977,0.3519982,0.26320407
train-u0002420,1,2,0.18020362,0.13459475,0.68520164
train-u0002421,2,0,0.4874768,0.15133543,0.3611878
train-u0002422,0,2,0.38526863,0.1387107,0.47602063
train-u0002423,0,0,0.6375755,0.18921822,0.17320624
train-u0002424,0,2,0.33931136,0.15860651,0.50208217
train-u0002425,1,0,0.46204302,0.26830468,0.2696523
train-u0002426,0,0,0.5715539,0.095934376,0.33251175
train-u0002528,1,0,0.4698168,0.40213683,0.12804635
train-u0002529,1,0,0.5512388,0.21228735,0.23647383
train-u0002530,0,2,0.31007195,0.31360105,0.37632704
train-u0002531,2,1,0.09624816,0.83776486,0.06598703
train-u0002532,2,1,0.43420967,0.4859982,0.07979213
train-u0002533,1,1,0.31784043,0.59723514,0.08492447
train-u0002534,1,0,0.48171014,0.31628972,0.20200011
train-u0002535,0,1,0.2096733,0.5856857,0.20464112
train-u0002536,1,0,0.3860157,0.23149626,0.382488
train-u0002583,0,1,0.24288724,0.51226264,0.24485008
train-u0002584,1,0,0.44643673,0.4343863,0.11917693
train-u0002585,0,2,0.32806638,0.23016399,0.44176957
train-u0002586,0,0,0.4707238,0.26319012,0.26608607
train-u0002587,2,0,0.47231898,0.41244134,0.11523973
train-u0002618,0,0,0.6782602,0.19938257,0.12235728
train-u0002619,0,2,0.40508336,0.14564598,0.4492707
train-u0002620,0,1,0.41041723,0.45334226,0.13624048
train-u0002621,2,0,0.676236,0.08260559,0.24115844
train-u0002622,0,0,0.8028398,0.1026239,0.09453634
train-u0002623,1,0,0.5134272,0.45422915,0.032343622
train-u0002624,1,1,0.19677208,0.708063,0.09516496
train-u0002645,2,2,0.1962602,0.3616585,0.44208133
train-u0002646,2,0,0.6625184,0.104117624,0.23336393
train-u0002647,2,2,0.23820052,0.10601607,0.6557834
train-u0002648,2,2,0.16790457,0.05348176,0.7786137
train-u0002649,2,2,0.103741616,0.09272458,0.80353373
train-u0002650,2,0,0.62953365,0.2249548,0.14551161
train-u0002651,2,2,0.09348351,0.0863352,0.82018125
train-u0002652,2,2,0.101920225,0.18942478,0.708655
train-u0002653,2,2,0.19435693,0.09928538,0.7063577
train-u0002654,2,1,0.34854573,0.46649197,0.18496226
train-u0002655,2,1,0.21964712,0.56260663,0.21774627
train-u0002656,0,0,0.6077518,0.22247232,0.16977596
train-u0002657,2,0,0.6629613,0.1405049,0.19653378
train-u0002658,2,1,0.26106063,0.5987889,0.14015047
train-u0002659,2,1,0.12022385,0.83219177,0.04758441
train-u0002660,2,2,0.23051026,0.29463026,0.47485942
train-u0002661,1,1,0.323544,0.43868554,0.23777048
train-u0002662,2,0,0.47547382,0.12998459,0.39454162
train-u0002663,2,2,0.33311146,0.2917176,0.37517104
train-u0002664,2,2,0.45074436,0.065029286,0.48422632
train-u0002665,2,0,0.4828636,0.27980775,0.23732863
train-u0002666,2,0,0.5019655,0.23222083,0.26581362
train-u0002667,2,0,0.64158034,0.11305569,0.24536392
train-u0002668,0,1,0.17539603,0.75006366,0.074540235
train-u0002669,2,2,0.19615404,0.07264601,0.7311999
train-u0002670,2,2,0.1202135,0.05215382,0.8276327
train-u0002671,0,0,0.5104866,0.32898116,0.16053225
train-u0002672,0,2,0.28639483,0.06882237,0.6447827
train-u0002673,0,0,0.57658935,0.20320459,0.22020611
train-u0002674,1,1,0.079658456,0.7146543,0.20568725
train-u0002675,0,0,0.506341,0.14774604,0.34591293
train-u0002676,2,2,0.17530921,0.24393225,0.5807586
train-u0002888,2,2,0.228246,0.13054816,0.64120585
train-u0002889,2,1,0.3193878,0.38052127,0.300091
train-u0002890,2,0,0.6557845,0.10437517,0.23984042
train-u0002891,1,0,0.5355187,0.12455315,0.3399281
train-u0002892,2,2,0.2822513,0.07741125,0.6403374
train-u0002893,2,0,0.6847673,0.10440402,0.21082863
train-u0002894,2,2,0.31454957,0.084782615,0.60066783
train-u0002972,1,1,0.28166816,0.5626842,0.15564767
train-u0002973,1,1,0.23165195,0.53779197,0.23055615
train-u0002974,1,0,0.5142931,0.1479604,0.33774653
train-u0002975,1,1,0.32709163,0.46303123,0.20987716
train-u0002976,1,2,0.21612206,0.32292432,0.4609536
train-u0002977,2,2,0.16156074,0.092609204,0.74583
train-u0003008,1,1,0.119536854,0.8290809,0.051382322
train-u0003009,0,0,0.48778707,0.45723432,0.05497861
train-u0003010,0,0,0.6350781,0.08072926,0.28419262
train-u0003011,1,1,0.13356155,0.7790974,0.08734097
train-u0003012,1,1,0.18436271,0.6902587,0.1253786
train-u0003013,1,1,0.10617566,0.7355913,0.15823312
train-u0003014,0,0,0.6490301,0.22030243,0.13066752
train-u0003015,2,2,0.23222108,0.11278054,0.65499836
train-u0003043,1,1,0.27198428,0.6652647,0.06275105
train-u0003044,2,2,0.12786163,0.12681207,0.7453263
train-u0003045,0,0,0.62347734,0.15837334,0.2181493
train-u0003046,0,0,0.7379001,0.20881431,0.0532857
train-u0003047,2,2,0.19254127,0.35021397,0.45724472
train-u0003048,2,2,0.17334794,0.17031388,0.6563382
train-u0003049,1,2,0.1212199,0.4040037,0.4747763
train-u0003050,0,2,0.24867792,0.23049533,0.52082676
train-u0003051,2,2,0.11479177,0.4121081,0.4731001
train-u0003052,1,2,0.15112166,0.40832216,0.44055617
train-u0003053,1,0,0.7508265,0.06819543,0.18097816
train-u0003054,1,0,0.46775183,0.27231333,0.2599348
train-u0003055,0,0,0.85579693,0.10330356,0.040899463
train-u0003056,1,1,0.20951545,0.6803849,0.11009972
train-u0003057,0,0,0.46173248,0.3853324,0.1529351
train-u0003090,0,2,0.4582701,0.07260559,0.46912438
train-u0003091,0,0,0.5620553,0.09440438,0.3435403
train-u0003092,1,2,0.37901643,0.21162443,0.4093592
train-u0003093,1,2,0.14856105,0.09678958,0.75464934
train-u0003094,2,0,0.37330148,0.3399179,0.28678066
train-u0003095,1,0,0.35088754,0.33098432,0.3181282
train-u0003096,1,1,0.13804072,0.80614984,0.055809464
train-u0003282,0,0,0.64844865,0.1426322,0.20891918
train-u0003283,0,0,0.85108036,0.13126758,0.017652016
train-u0003284,0,2,0.2478121,0.24501659,0.50717133
train-u0003285,2,2,0.28024858,0.18346733,0.53628415
train-u0003286,0,1,0.41380927,0.4666781,0.119512714
train-u0003287,0,0,0.7361286,0.20221257,0.061658863
train-u0003288,1,0,0.52130085,0.14517815,0.33352095
train-u0003289,1,2,0.26389286,0.28157622,0.45453092
train-u0003290,1,1,0.15929198,0.74054855,0.10015948
train-u0003291,2,1,0.270854,0.37997666,0.3491693
train-u0003292,2,2,0.12436543,0.084530406,0.7911042
train-u0003293,1,1,0.24082822,0.65573305,0.1034387
train-u0003294,1,0,0.40879732,0.2935685,0.2976341
train-u0003295,2,2,0.21575186,0.2977832,0.48646498
train-u0003296,0,1,0.3108836,0.4131322,0.2759842
train-u0003297,1,1,0.2716503,0.6078263,0.12052333
train-u0003298,1,2,0.19584502,0.38938114,0.4147739
train-u0003299,2,2,0.33853713,0.28599456,0.3754683
train-u0003300,1,2,0.3488503,0.24581312,0.4053366
train-u0003301,1,1,0.36695138,0.38325804,0.24979061
train-u0003302,1,1,0.35014912,0.47741997,0.17243086
train-u0003303,1,1,0.101469144,0.7910342,0.10749663
train-u0003347,2,2,0.20419806,0.06432431,0.7314776
train-u0003348,2,2,0.14472333,0.069014095,0.7862626
train-u0003349,1,1,0.41494063,0.42461264,0.16044676
train-u0003350,0,0,0.6986706,0.171034,0.13029541
train-u0003351,2,2,0.1841478,0.0673194,0.7485328
train-u0003352,0,0,0.47216952,0.33839658,0.18943386
train-u0003378,1,1,0.26995194,0.4257261,0.30432197
train-u0003379,2,1,0.08717848,0.8792021,0.033619426
train-u0003380,1,2,0.09346634,0.30135816,0.6051755
train-u0003381,2,2,0.28286272,0.17211702,0.5450203
train-u0003382,1,2,0.10767894,0.24983196,0.64248914
train-u0003383,2,0,0.56582814,0.14369988,0.29047194
train-u0003384,1,1,0.32791743,0.6328793,0.039203238
train-u0003385,0,0,0.38891092,0.37423214,0.23685698
train-u0003386,1,0,0.7921425,0.12455722,0.08330033
train-u0003387,0,0,0.47486416,0.10033182,0.4248041
train-u0003388,0,1,0.2633419,0.47791484,0.25874323
train-u0003389,1,2,0.31837305,0.15520242,0.5264245
train-u0003390,1,0,0.4822496,0.21949373,0.29825675
train-u0003391,0,2,0.19025764,0.1585105,0.6512318
train-u0003392,1,1,0.13864294,0.553859,0.307498
train-u0003393,2,0,0.49811286,0.1864463,0.31544086
train-u0003442,2,2,0.15585384,0.042833924,0.80131227
train-u0003443,0,2,0.12697275,0.04951963,0.82350767
train-u0003444,1,1,0.36647248,0.45154968,0.18197784
train-u0003445,1,1,0.2497379,0.6564228,0.09383924
train-u0003446,0,0,0.5378988,0.1142153,0.34788585
train-u0003447,2,2,0.10084862,0.12336909,0.7757822
train-u0003501,1,1,0.3131424,0.62206596,0.06479165
train-u0003502,2,2,0.10750202,0.32382575,0.56867224
train-u0003503,1,1,0.1952298,0.60951936,0.19525084
train-u0003504,1,2,0.17515908,0.34147406,0.48336682
train-u0003505,1,2,0.2397864,0.15034987,0.6098637
train-u0003506,2,1,0.1964967,0.49991977,0.30358356
train-u0003740,2,2,0.21314584,0.20659208,0.58026206
train-u0003741,1,1,0.18459605,0.7836515,0.0317525
train-u0003742,1,1,0.11628062,0.77950245,0.104216896
train-u0003743,0,2,0.34999937,0.2252666,0.42473397
train-u0003744,0,0,0.758041,0.10026684,0.14169204
train-u0003745,0,0,0.7252641,0.10214832,0.17258762
train-u0003746,2,1,0.31113806,0.5079391,0.18092284
train-u0003747,1,1,0.114932016,0.54693013,0.33813787
train-u0003748,1,1,0.1627157,0.58684325,0.25044107
train-u0003749,0,1,0.3510598,0.4454599,0.20348026
train-u0003750,0,1,0.26565424,0.5909514,0.14339441
train-u0003751,1,2,0.23239206,0.07927067,0.68833727
train-u0003752,0,0,0.5833412,0.36149764,0.05516119
train-u0003780,0,1,0.21149819,0.6452672,0.14323467
train-u0003781,1,1,0.34132275,0.4132619,0.24541536
train-u0003782,0,1,0.40214998,0.45697153,0.14087853
train-u0003783,0,0,0.48886052,0.3178494,0.19329013
train-u0003784,0,0,0.61354625,0.26702875,0.119425
train-u0003785,1,1,0.10311948,0.658165,0.23871556
train-u0003786,1,1,0.21641502,0.63852316,0.14506175
train-u0003787,1,1,0.15212296,0.62314105,0.22473592
train-u0003788,1,1,0.16389947,0.7925413,0.04355923
train-u0003789,1,1,0.44978946,0.53006774,0.020142803
train-u0003790,1,1,0.2287689,0.45962507,0.31160605
train-u0003791,1,1,0.20436636,0.72144866,0.074185
train-u0003792,1,1,0.19996038,0.7434262,0.056613356
train-u0003854,2,0,0.5543192,0.35238355,0.093297236
train-u0003855,1,0,0.5411575,0.3914579,0.06738456
train-u0003856,1,1,0.114554435,0.81072235,0.07472318
train-u0003857,0,1,0.20534298,0.75720716,0.037449863
train-u0003858,1,0,0.47514817,0.22857139,0.29628047
train-u0003859,2,2,0.104960494,0.09518228,0.7998572
train-u0003860,1,0,0.5545521,0.31298977,0.13245824
train-u0003919,0,2,0.23221408,0.16277957,0.60500634
train-u0003920,1,1,0.24982817,0.5952175,0.15495431
train-u0003921,1,1,0.063814774,0.9111588,0.025026465
train-u0003922,0,0,0.6688267,0.27959192,0.051581435
train-u0003923,2,2,0.24570733,0.08508688,0.6692058
train-u0004089,0,1,0.3889271,0.528782,0.08229086
train-u0004090,0,1,0.11858125,0.836962,0.044456713
train-u0004091,0,1,0.06561599,0.89119637,0.04318759
train-u0004092,0,0,0.78369856,0.17421287,0.042088613
train-u0004093,0,0,0.76786375,0.16542555,0.06671069
train-u0004094,0,0,0.7674094,0.08150782,0.15108281
train-u0004095,0,2,0.3188216,0.16300412,0.51817423
train-u0004096,0,0,0.6954281,0.22432989,0.08024203
train-u0004097,0,0,0.6711437,0.085772134,0.24308409
train-u0004098,0,0,0.83455133,0.11938022,0.046068437
train-u0004099,2,2,0.426595,0.05695321,0.51645184
train-u0004100,2,2,0.40771648,0.06384849,0.5284351
train-u0004101,0,1,0.21778613,0.48206973,0.30014414
train-u0004102,2,0,0.5196211,0.2046629,0.27571604
train-u0004103,0,2,0.22498411,0.06242817,0.7125877
train-u0004104,0,2,0.10208943,0.44457713,0.4533335
train-u0004105,1,1,0.065615624,0.7888407,0.14554359
train-u0004106,0,2,0.2828809,0.14158104,0.575538
train-u0004107,0,0,0.52288336,0.3886431,0.088473536
train-u0004108,0,2,0.20442759,0.06654408,0.7290284
train-u0004109,0,2,0.28014943,0.08059133,0.6392593
train-u0004110,0,0,0.63052094,0.21076563,0.15871347
train-u0004111,0,2,0.30786204,0.24886222,0.44327575
train-u0004112,2,2,0.33811525,0.15251504,0.50936973
train-u0004113,0,1,0.28648007,0.48164308,0.2318769
train-u0004146,1,1,0.32636622,0.48263058,0.19100323
train-u0004147,1,1,0.32491148,0.50160927,0.17347924
train-u0004148,0,1,0.40193564,0.4167843,0.1812801
train-u0004149,0,1,0.21749611,0.6552341,0.12726977
train-u0004150,1,1,0.2183876,0.43117878,0.35043362
train-u0004151,0,0,0.60338223,0.30253857,0.09407923
train-u0004324,0,0,0.5492967,0.28760648,0.1630969
train-u0004325,0,1,0.16235904,0.8053393,0.032301713
train-u0004326,0,1,0.21619268,0.6742235,0.109583735
train-u0004327,1,1,0.07252353,0.6513879,0.27608863
train-u0004328,0,0,0.43740422,0.27136457,0.29123122
train-u0004360,0,0,0.6749765,0.09868487,0.22633858
train-u0004361,0,0,0.47048235,0.26597327,0.26354444
train-u0004362,0,1,0.31620136,0.3770662,0.30673248
train-u0004363,0,2,0.41371396,0.089659944,0.4966261
train-u0004364,1,1,0.4543625,0.5156164,0.030021105
train-u0004365,1,1,0.3857658,0.5748036,0.03943058
train-u0004366,2,2,0.21455848,0.117563345,0.66787815
train-u0004413,0,2,0.27027437,0.23865543,0.49107018
train-u0004414,0,0,0.7903577,0.08699351,0.1226487
train-u0004415,0,0,0.4932848,0.078344874,0.42837033
train-u0004416,0,2,0.44632488,0.09353094,0.46014425
train-u0004417,0,0,0.4936393,0.40170884,0.10465185
train-u0004418,0,0,0.6163351,0.1883785,0.19528642
train-u0004502,1,1,0.07711186,0.83445,0.08843817
train-u0004503,0,1,0.4411823,0.4561722,0.102645546
train-u0004504,1,1,0.15320523,0.6672726,0.17952214
train-u0004505,0,2,0.15577005,0.2390457,0.6051842
train-u0004506,1,1,0.09378728,0.6744108,0.23180185
train-u0004507,1,1,0.21351233,0.5393639,0.24712382
train-u0004508,0,1,0.12127201,0.7389729,0.13975514
train-u0004509,0,0,0.41012684,0.18127462,0.40859857
train-u0004510,0,1,0.3709244,0.3852024,0.24387327
train-u0004511,0,2,0.1310515,0.41447008,0.45447847
train-u0004512,0,1,0.08769296,0.75351936,0.15878762
train-u0004513,2,1,0.21741347,0.7019262,0.08066033
train-u0004514,0,1,0.07595115,0.8382866,0.085762225
train-u0004515,0,1,0.27552256,0.56444615,0.16003132
train-u0004516,0,1,0.08693159,0.85161656,0.061451837
train-u0004517,0,0,0.40002742,0.31853905,0.2814335
train-u0004518,2,2,0.26640934,0.24757586,0.48601475
train-u0004519,1,0,0.3851743,0.28717673,0.327649
train-u0004520,1,1,0.16213964,0.64324963,0.1946108
train-u0004530,0,0,0.4221606,0.20754644,0.37029293
train-u0004531,1,1,0.27256012,0.64971703,0.07772288
train-u0004532,0,2,0.11229397,0.21541613,0.6722899
train-u0004533,0,1,0.23425905,0.46086612,0.30487484
train-u0004534,0,1,0.30115938,0.4330189,0.26582178
train-u0004535,1,1,0.094189495,0.8521018,0.0537087
train-u0004536,0,2,0.17088635,0.37116787,0.45794585
train-u0004537,2,1,0.08503198,0.5457532,0.3692149
train-u0004538,0,0,0.50430274,0.11786106,0.3778362
train-u0004539,2,2,0.42612752,0.14479187,0.42908064
train-u0004540,1,0,0.4685967,0.37782905,0.1535743
train-u0004541,1,1,0.19950424,0.43828177,0.362214
train-u0004542,1,1,0.29137418,0.66572976,0.042896006
train-u0004554,2,2,0.14842515,0.16635509,0.6852197
train-u0004555,0,1,0.08750531,0.73458457,0.17791018
train-u0004556,2,2,0.121206895,0.08602599,0.7927671
train-u0004557,0,2,0.09407527,0.40709993,0.49882486
train-u0004558,2,1,0.2093587,0.56453705,0.22610424
train-u0004559,0,0,0.8041613,0.11546834,0.08037031
train-u0004560,0,0,0.55470574,0.26700515,0.17828913
train-u0004561,0,0,0.8296578,0.13005911,0.040283095
train-u0004574,0,1,0.33386573,0.40174052,0.26439372
train-u0004575,0,0,0.6165985,0.15768464,0.22571687
train-u0004576,2,2,0.38225916,0.06679458,0.5509463
train-u0004577,0,2,0.2058327,0.16536283,0.62880445
train-u0004578,0,2,0.27513102,0.34669018,0.3781788
train-u0004579,0,0,0.8972359,0.04785981,0.054904286
train-u0004595,1,2,0.12049828,0.3925959,0.48690593
train-u0004596,0,1,0.15285699,0.75361127,0.09353175
train-u0004597,1,1,0.12513694,0.6749937,0.19986936
train-u0004598,1,1,0.18790407,0.7090469,0.10304899
train-u0004599,2,0,0.8351321,0.045851473,0.11901638
train-u0004600,2,1,0.16302964,0.4439242,0.39304623
train-u0004601,2,0,0.46651822,0.18104893,0.3524328
train-u0004637,0,0,0.63595736,0.17687646,0.18716626
train-u0004638,0,2,0.17361704,0.13486497,0.69151795
train-u0004639,0,1,0.26665282,0.6250938,0.10825339
train-u0004640,2,1,0.10311766,0.49987027,0.39701208
train-u0004641,0,1,0.10221552,0.8071447,0.09063976
train-u0004642,0,1,0.36146933,0.5706527,0.067877874
train-u0004643,0,0,0.5611876,0.21550255,0.22330987
train-u0004644,0,1,0.27402288,0.38242045,0.34355667
train-u0004645,0,0,0.66001403,0.25466207,0.08532395
train-u0004646,2,2,0.14635424,0.09814748,0.75549823
train-u0004647,2,0,0.40605333,0.30089682,0.29304984
train-u0004757,0,0,0.6625969,0.27471966,0.062683426
train-u0004758,0,0,0.46704715,0.27760744,0.25534537
train-u0004759,0,2,0.23060223,0.20498915,0.56440866
train-u0004760,0,2,0.2367104,0.27209434,0.49119532
train-u0004761,0,0,0.47610742,0.3953888,0.12850377
train-u0004762,0,1,0.33048654,0.5233918,0.14612165
train-u0004763,1,2,0.27167544,0.24843073,0.4798938
train-u0004764,2,2,0.3287099,0.16813502,0.50315505
train-u0004765,0,0,0.5686709,0.22635545,0.20497365
train-u0004766,0,0,0.71936685,0.11372182,0.16691136
train-u0004767,2,2,0.2098306,0.078689285,0.7114801
train-u0004768,2,0,0.5116427,0.2935739,0.1947834
train-u0004769,0,0,0.5276407,0.19003023,0.28232902
train-u0004770,2,2,0.41225672,0.14148888,0.4462545
train-u0004897,0,1,0.17258435,0.7931191,0.034296643
train-u0004898,0,1,0.38244596,0.4106846,0.20686945
train-u0004899,2,1,0.3201479,0.37320182,0.30665022
train-u0004900,0,1,0.46392974,0.47957626,0.056493975
train-u0004901,1,1,0.22812195,0.73202103,0.039857026
train-u0004902,0,2,0.42815194,0.13009806,0.44175005
train-u0004998,0,0,0.8025147,0.12648746,0.07099785
train-u0004999,0,0,0.70339954,0.17833959,0.11826083
train-u0005000,2,0,0.699083,0.22240368,0.07851327
train-u0005001,2,0,0.38547888,0.2870858,0.3274353
train-u0005002,0,0,0.72126997,0.21458393,0.064146094
train-u0005073,0,1,0.2915944,0.56089014,0.14751546
train-u0005074,1,1,0.12097215,0.8006337,0.07839406
train-u0005075,2,1,0.3138063,0.5292794,0.15691432
train-u0005076,2,1,0.14609452,0.43232173,0.4215838
train-u0005077,2,0,0.55439293,0.226621,0.21898612
train-u0005136,0,0,0.45039904,0.41322982,0.13637118
train-u0005137,0,0,0.87431514,0.05146212,0.074222706
train-u0005138,1,1,0.11987328,0.740498,0.13962872
train-u0005139,0,0,0.5320912,0.3111251,0.15678369
train-u0005140,2,2,0.14911719,0.32863796,0.5222449
train-u0005141,1,1,0.06477968,0.6653626,0.26985776
train-u0005142,0,0,0.43957096,0.2785985,0.2818305
train-u0005188,0,0,0.836132,0.08621832,0.07764968
train-u0005189,0,0,0.5722594,0.3306115,0.09712898
train-u0005190,0,0,0.5037498,0.31173813,0.18451212
train-u0005191,0,0,0.61984795,0.113123454,0.2670286
train-u0005192,0,0,0.68619394,0.19889663,0.11490942
train-u0005193,1,1,0.24546896,0.69418555,0.0603454
train-u0005194,1,1,0.3073678,0.4094859,0.2831463
train-u0005195,1,2,0.18111204,0.17977396,0.639114
train-u0005196,1,1,0.074227236,0.83368826,0.09208443
train-u0005197,1,1,0.057246946,0.85243994,0.09031315
train-u0005198,1,1,0.25273415,0.41615015,0.33111578
train-u0005199,1,1,0.1875065,0.54632527,0.26616818
train-u0005200,1,2,0.13237847,0.087723136,0.7798984
train-u0005201,1,1,0.10334977,0.64131594,0.25533435
train-u0005202,1,1,0.30175427,0.3689462,0.3292995
train-u0005203,1,2,0.27547526,0.35687223,0.36765254
train-u0005204,0,1,0.2914334,0.47040194,0.23816471
train-u0005205,1,2,0.15612209,0.29927084,0.54460704
train-u0005275,0,0,0.5664005,0.108104825,0.32549468
train-u0005276,2,1,0.38157392,0.40791604,0.21051005
train-u0005277,1,1,0.061201595,0.9155926,0.023205822
train-u0005278,1,1,0.15496433,0.6616147,0.18342096
train-u0005279,1,0,0.40739253,0.3586925,0.233915
train-u0005333,0,2,0.3780872,0.14145373,0.4804591
train-u0005334,2,2,0.33368117,0.13540377,0.530915
train-u0005335,2,2,0.25139767,0.11116914,0.6374332
train-u0005336,1,1,0.3230388,0.5513898,0.12557137
train-u0005337,1,1,0.37164927,0.46011472,0.16823606
train-u0005338,0,2,0.22378348,0.27840382,0.4978127
train-u0005392,2,0,0.4058773,0.24036822,0.3537545
train-u0005393,1,1,0.13801013,0.5899533,0.27203655
train-u0005394,1,0,0.56506735,0.22715686,0.20777577
train-u0005395,2,0,0.7128302,0.17923954,0.10793026
train-u0005396,2,1,0.23228039,0.3897694,0.37795022
train-u0005397,1,1,0.22954571,0.46103695,0.3094174
train-u0005398,2,2,0.31136486,0.21297878,0.47565636
train-u0005399,1,1,0.18030854,0.7743735,0.04531803
train-u0005400,1,0,0.68007094,0.13499196,0.18493709
train-u0005401,1,1,0.32000968,0.37949124,0.30049908
train-u0005402,1,1,0.3623019,0.45005864,0.18763952
train-u0005403,0,0,0.7106257,0.20897184,0.08040243
train-u0005404,1,1,0.2684052,0.6748033,0.05679149
train-u0005405,1,2,0.35927033,0.08967596,0.5510537
train-u0005406,1,2,0.23362653,0.25056583,0.5158077
train-u0005407,0,0,0.62118924,0.07986497,0.29894584
train-u0005408,2,1,0.33734798,0.34545025,0.31720173
train-u0005409,1,1,0.2769833,0.48792365,0.23509312
train-u0005410,1,1,0.09526583,0.81336695,0.09136727
train-u0005411,1,1,0.21522975,0.6480393,0.13673103
train-u0005412,1,1,0.23680493,0.42908975,0.3341053
train-u0005413,1,1,0.197032,0.45339817,0.34956983
train-u0005414,2,1,0.24664836,0.6018442,0.15150745
train-u0005415,1,1,0.10431264,0.5028499,0.39283744
train-u0005416,1,1,0.114523545,0.7605581,0.12491834
train-u0005417,0,0,0.3769548,0.3017797,0.3212655
train-u0005443,0,0,0.4834811,0.32619673,0.1903221
train-u0005444,1,1,0.10632119,0.8184244,0.07525439
train-u0005445,2,0,0.64870244,0.0846522,0.2666454
train-u0005446,0,0,0.8366019,0.06525463,0.09814355
train-u0005447,0,0,0.72593945,0.15960418,0.11445642
train-u0005448,0,0,0.423424,0.24942474,0.32715124
train-u0005449,1,1,0.30832583,0.6499345,0.041739672
train-u0005450,1,1,0.3396084,0.5761817,0.0842099
train-u0005451,1,0,0.4701754,0.39089036,0.13893427
train-u0005452,1,1,0.39391258,0.5501607,0.055926695
train-u0005453,1,1,0.33964393,0.47676063,0.18359542
train-u0005454,1,1,0.42057595,0.43548548,0.14393859
train-u0005455,1,0,0.49797156,0.47910634,0.022922128
train-u0005456,1,1,0.35376108,0.3701418,0.27609718
train-u0005457,1,1,0.14724074,0.46504545,0.38771376
train-u0005458,0,0,0.75257105,0.1982825,0.049146403
train-u0005475,0,0,0.6426874,0.14221385,0.21509872
train-u0005476,1,0,0.4966377,0.21878505,0.28457722
train-u0005477,2,2,0.34005475,0.21899919,0.440946
train-u0005478,0,0,0.36661735,0.34077358,0.29260907
train-u0005479,2,2,0.23974977,0.15858212,0.6016681
train-u0005520,1,1,0.11117737,0.8158293,0.0729933
train-u0005521,1,1,0.117426425,0.77260447,0.109969035
train-u0005522,1,1,0.109552264,0.77531284,0.11513491
train-u0005523,1,0,0.4338738,0.32287037,0.24325582
train-u0005524,1,1,0.15088871,0.6261593,0.222952
train-u0005525,1,1,0.15918557,0.5708815,0.26993293
train-u0005526,1,0,0.45526192,0.38432172,0.16041633
train-u0005527,1,0,0.41257983,0.1774056,0.41001454
train-u0005633,1,1,0.30830532,0.4345323,0.2571624
train-u0005634,0,2,0.35932037,0.17679308,0.4638866
train-u0005635,0,0,0.4302943,0.39377624,0.17592953
train-u0005636,2,2,0.44778025,0.07119582,0.48102397
train-u0005637,2,1,0.16910934,0.5799794,0.25091118
train-u0005638,1,1,0.13003698,0.58292323,0.28703976
train-u0005639,2,2,0.2840201,0.066504925,0.6494749
train-u0005640,2,2,0.22043318,0.13423468,0.64533216
train-u0005641,1,2,0.28371668,0.18098666,0.53529674
train-u0005642,1,1,0.16522641,0.74155754,0.09321599
train-u0005643,2,1,0.12173846,0.48573256,0.392529
train-u0005644,1,1,0.11231519,0.6990389,0.18864587
train-u0005645,1,1,0.2407693,0.40550575,0.353725
train-u0005646,2,2,0.32120976,0.09238008,0.5864101
train-u0005647,1,1,0.086284935,0.7367311,0.176984
train-u0005648,0,0,0.56438303,0.21557747,0.22003944
train-u0005649,0,0,0.48643622,0.18489376,0.32867008
train-u0005650,0,0,0.49563766,0.11582371,0.38853857
train-u0005651,0,0,0.6193466,0.20013984,0.18051353
train-u0005652,2,0,0.50319046,0.113854446,0.38295507
train-u0005653,0,1,0.26690015,0.4879178,0.24518207
train-u0005654,2,0,0.43509743,0.15883784,0.4060647
train-u0005655,2,2,0.21602102,0.17554982,0.60842913
train-u0005767,2,0,0.6794822,0.13936591,0.18115193
train-u0005768,2,2,0.31208897,0.14534207,0.5425689
train-u0005769,0,1,0.22407545,0.7262761,0.049648445
train-u0005770,1,0,0.53271943,0.40871936,0.05856116
train-u0005771,1,2,0.33177525,0.27813026,0.39009452
train-u0005788,0,0,0.5873444,0.12113921,0.29151636
train-u0005789,2,2,0.1684893,0.12531066,0.70620006
train-u0005790,0,0,0.5725687,0.118072666,0.30935857
train-u0005791,2,0,0.40117493,0.23727018,0.3615549
train-u0005792,2,2,0.14309071,0.252114,0.6047952
train-u0005844,1,2,0.12030787,0.094316475,0.7853757
train-u0005845,2,1,0.26934087,0.54604596,0.1846131
train-u0005846,0,1,0.2362356,0.53106606,0.23269837
train-u0005847,1,2,0.30105662,0.30303884,0.39590457
train-u0005848,1,1,0.14038454,0.7022228,0.15739264
train-u0005849,1,2,0.36813563,0.2600941,0.37177026
train-u0005850,1,1,0.100722186,0.5559238,0.34335393
train-u0005851,1,0,0.46912053,0.25975257,0.2711269
train-u0005852,2,0,0.4691549,0.13627842,0.39456668
train-u0005853,1,1,0.22082914,0.57320833,0.2059625
train-u0005917,1,0,0.48788247,0.313293,0.19882461
train-u0005918,1,1,0.09962691,0.66810125,0.2322718
train-u0005919,1,1,0.115101226,0.4835578,0.40134087
train-u0005920,1,0,0.5207795,0.3433257,0.13589482
train-u0005921,2,2,0.2303911,0.08373101,0.6858779
train-u0005922,2,2,0.08378009,0.4478096,0.46841028
train-u0005923,2,2,0.20779343,0.3297335,0.46247315
train-u0005924,0,2,0.35944775,0.15700763,0.48354465
train-u0005925,1,1,0.087345414,0.7855849,0.1270696
train-u0005926,0,1,0.19874915,0.5700614,0.2311895
train-u0005927,0,0,0.82148534,0.14431435,0.034200314
train-u0005928,1,1,0.15011333,0.70418066,0.14570597
train-u0005929,1,1,0.1641359,0.7860897,0.0497744
train-u0005930,0,0,0.7723281,0.13688236,0.09078954
train-u0005936,2,1,0.18617356,0.46928194,0.3445445
train-u0005937,2,1,0.31389883,0.419702,0.26639917
train-u0005938,1,1,0.22853658,0.5918129,0.17965049
train-u0005939,2,1,0.12865864,0.73571503,0.13562638
train-u0005940,1,2,0.25918967,0.23293822,0.5078721
train-u0005941,1,1,0.06753167,0.81813484,0.11433347
train-u0005942,1,2,0.1696135,0.41200534,0.41838118
train-u0005943,1,1,0.34789014,0.5548379,0.09727204
train-u0005944,1,1,0.30624065,0.43035725,0.26340207
train-u0005945,1,0,0.47055128,0.35376695,0.17568181
train-u0005946,2,0,0.60857546,0.25654864,0.13487586
train-u0005947,1,1,0.18751666,0.6707643,0.14171897
train-u0005948,0,0,0.5704702,0.33026838,0.09926137
train-u0005949,1,1,0.36045063,0.5965412,0.043008186
train-u0005950,1,0,0.55967224,0.20425445,0.2360733
train-u0005951,0,1,0.39524016,0.5600484,0.04471141
train-u0005952,1,1,0.16812038,0.7082538,0.12362581
train-u0005953,1,1,0.23141235,0.58064526,0.18794243
train-u0005960,2,0,0.49665463,0.23697515,0.2663702
train-u0005961,2,0,0.4589826,0.09803509,0.4429823
train-u0005962,2,2,0.22950056,0.22851579,0.5419836
train-u0005963,1,0,0.48240367,0.16684344,0.35075286
train-u0005964,2,2,0.34100837,0.09422527,0.56476635
train-u0005965,1,1,0.12026852,0.5964459,0.2832856
train-u0005966,2,1,0.3367672,0.3467636,0.31646913
train-u0005967,1,1,0.12544128,0.6415367,0.233022
train-u0005968,2,2,0.31591967,0.10965496,0.57442534
train-u0005969,1,0,0.47713143,0.2834453,0.2394233
train-u0005970,2,0,0.6815179,0.2342012,0.08428095
train-u0005971,2,1,0.14147171,0.8009832,0.05754509
train-u0005972,0,0,0.59803134,0.115365796,0.2866029
train-u0005973,2,2,0.24440221,0.15612046,0.5994773
train-u0005974,2,0,0.5488772,0.09717311,0.35394967
train-u0005975,2,1,0.12047151,0.44939137,0.43013716
train-u0006002,1,0,0.4689147,0.29434314,0.23674218
train-u0006003,0,0,0.5671116,0.24809653,0.18479188
train-u0006004,1,2,0.27734303,0.31489584,0.4077611
train-u0006005,0,0,0.67254597,0.11322915,0.21422487
train-u0006006,2,2,0.39286038,0.16610242,0.4410372
train-u0006007,2,2,0.11610835,0.06170098,0.8221907
train-u0006008,1,1,0.148108,0.6834086,0.16848338
train-u0006009,0,2,0.33019695,0.06985106,0.599952
train-u0006010,1,1,0.119784884,0.8673968,0.012818339
train-u0006011,0,1,0.21365425,0.6923406,0.094005115
train-u0006012,1,1,0.0935131,0.7167307,0.18975618
train-u0006013,1,1,0.12088305,0.79828554,0.0808314
train-u0006014,1,1,0.091877125,0.68261695,0.22550598
train-u0006015,1,1,0.21717423,0.6723835,0.110442266
train-u0006016,1,1,0.24821743,0.5326624,0.21912022
train-u0006017,1,1,0.13972805,0.5656569,0.29461506
train-u0006018,1,0,0.57804614,0.2336077,0.1883461
train-u0006019,0,0,0.5051622,0.23142283,0.263415
train-u0006152,2,2,0.4764753,0.040848855,0.4826759
train-u0006153,0,0,0.9061776,0.07263064,0.021191731
train-u0006154,2,0,0.6149287,0.07447835,0.31059292
train-u0006155,0,0,0.8266552,0.076603174,0.09674164
train-u0006156,0,0,0.7051802,0.20070587,0.09411385
train-u0006157,2,0,0.6553441,0.13620467,0.2084512
train-u0006158,1,0,0.4262472,0.27357584,0.30017695
train-u0006159,1,2,0.277747,0.17260887,0.5496442
train-u0006165,0,1,0.39798555,0.45661095,0.1454035
train-u0006166,2,2,0.31028217,0.1777103,0.5120075
train-u0006167,2,0,0.6883358,0.12636687,0.18529738
train-u0006168,2,2,0.3810048,0.19705273,0.42194247
train-u0006169,1,1,0.34327635,0.54187953,0.11484408
train-u0006170,1,0,0.80528665,0.06201318,0.13270022
train-u0006171,0,2,0.20704284,0.059249487,0.7337077
train-u0006201,0,2,0.22014387,0.1800718,0.5997843
train-u0006202,2,1,0.25245497,0.38326085,0.3642842
train-u0006203,0,0,0.46593785,0.071269386,0.46279275
train-u0006204,0,2,0.36746433,0.17168963,0.46084598
train-u0006205,1,1,0.2141313,0.6700806,0.11578804
train-u0006206,0,0,0.53342485,0.26247954,0.20409566
train-u0006207,1,1,0.09474664,0.7954763,0.109777115
train-u0006317,0,1,0.18244216,0.74117845,0.07637938
train-u0006318,0,1,0.22485891,0.6907837,0.08435744
train-u0006319,0,0,0.7148448,0.23617463,0.04898058
train-u0006320,0,2,0.20380531,0.06604928,0.7301454
train-u0006321,0,0,0.4418352,0.23304293,0.32512185
train-u0006322,0,1,0.09256417,0.8408579,0.06657791
train-u0006323,1,1,0.22953412,0.6747624,0.09570346
train-u0006324,1,1,0.13270245,0.75916463,0.10813293
train-u0006325,1,1,0.16817737,0.77102727,0.060795363
train-u0006326,0,1,0.19266541,0.75818795,0.049146652
train-u0006327,0,1,0.2873901,0.47548193,0.237128
train-u0006328,1,1,0.3542123,0.55318904,0.09259867
train-u0006329,0,1,0.26802972,0.43406123,0.2979091
train-u0006330,0,2,0.22276728,0.2117163,0.5655165
train-u0006331,0,1,0.31420967,0.6434559,0.04233439
train-u0006332,0,1,0.18569331,0.5630898,0.25121692
train-u0006333,2,1,0.26429656,0.65821767,0.07748589
train-u0006334,0,0,0.71394205,0.17697121,0.10908674
train-u0006335,2,1,0.13280949,0.7602775,0.10691303
train-u0006336,2,1,0.32037783,0.6289871,0.05063512
train-u0006351,0,0,0.42463282,0.28512746,0.29023966
train-u0006352,1,0,0.60591775,0.31694162,0.07714054
train-u0006353,0,0,0.43952078,0.29537442,0.26510486
train-u0006354,0,0,0.5981716,0.20963404,0.19219437
train-u0006355,0,2,0.42200318,0.08254847,0.49544832
train-u0006356,0,1,0.23948573,0.48078695,0.27972734
train-u0006527,0,1,0.44887272,0.48738283,0.06374448
train-u0006528,0,1,0.23180433,0.59455794,0.17363772
train-u0006529,0,0,0.41016677,0.20486107,0.3849721
train-u0006530,2,2,0.1437653,0.15803279,0.69820195
train-u0006531,0,1,0.35444662,0.36639643,0.27915695
train-u0006532,0,1,0.28283125,0.4153455,0.30182332
train-u0006533,0,2,0.29867733,0.25643125,0.4448914
train-u0006534,0,1,0.3766759,0.5202267,0.10309744
train-u0006535,1,0,0.40030453,0.30835766,0.29133782
train-u0006536,0,0,0.47681367,0.32753327,0.19565299
train-u0006537,0,2,0.2926628,0.07794782,0.6293894
train-u0006538,0,1,0.29346508,0.47149706,0.23503786
train-u0006539,0,2,0.1170971,0.15869027,0.72421265
train-u0006540,0,1,0.21711893,0.54158986,0.2412912
train-u0006541,0,1,0.4404137,0.50314575,0.05644046
train-u0006542,0,0,0.5889663,0.095048904,0.31598476
train-u0006583,0,0,0.6389455,0.15049806,0.21055639
train-u0006584,0,1,0.18306156,0.79340637,0.023532072
train-u0006585,0,1,0.32534823,0.3876768,0.286975
train-u0006586,1,1,0.22816807,0.70072365,0.071108304
train-u0006587,2,1,0.2355268,0.47236887,0.29210427
train-u0006588,0,1,0.24286324,0.6361547,0.120982096
train-u0006589,0,1,0.1634779,0.7458017,0.09072048
train-u0006590,0,1,0.38791797,0.48211786,0.12996417
train-u0006591,0,0,0.61999017,0.33037087,0.049638923
train-u0006592,0,1,0.12655167,0.7041556,0.16929273
train-u0006593,0,1,0.12037004,0.59917015,0.28045982
train-u0006806,0,1,0.35994142,0.50559336,0.1344652
train-u0006807,1,0,0.68047345,0.27453715,0.044989355
train-u0006808,0,1,0.34622064,0.3743351,0.27944425
train-u0006809,1,1,0.23477465,0.43517768,0.33004764
train-u0006810,1,1,0.325858,0.5473105,0.12683159
train-u0006849,0,0,0.5203618,0.33761418,0.1420241
train-u0006850,1,1,0.103854306,0.8503113,0.04583446
train-u0006851,0,0,0.524427,0.18104714,0.29452595
train-u0006852,0,0,0.7283338,0.12916432,0.14250198
train-u0006853,0,0,0.49147573,0.1941336,0.31439066
train-u0006883,0,0,0.7783653,0.116948485,0.10468612
train-u0006884,0,0,0.49631047,0.2073531,0.2963364
train-u0006885,0,0,0.6684688,0.20490347,0.12662768
train-u0006886,0,2,0.23828718,0.16168544,0.6000274
train-u0006887,0,2,0.12072688,0.10506709,0.774206
train-u0006888,0,1,0.2884525,0.5758254,0.13572212
train-u0006903,2,2,0.34221497,0.09591344,0.5618715
train-u0006904,2,2,0.46723634,0.05293792,0.47982574
train-u0006905,2,2,0.30434543,0.11125336,0.58440125
train-u0006906,2,2,0.19800225,0.06096209,0.74103564
train-u0006907,2,2,0.09066172,0.104475565,0.80486274
train-u0006908,2,0,0.40097663,0.32757336,0.27145007
train-u0006915,0,1,0.14637378,0.7884418,0.06518449
train-u0006916,0,0,0.43284568,0.42806172,0.13909261
train-u0006917,0,1,0.20438518,0.7059685,0.089646295
train-u0006918,0,1,0.4484574,0.4923429,0.059199728
train-u0006919,2,1,0.08608293,0.5976417,0.31627533
train-u0006920,1,0,0.69155324,0.203242,0.10520478
train-u0006921,2,0,0.6451459,0.14801072,0.20684342
train-u0006922,0,1,0.40028733,0.490625,0.10908769
train-u0006923,1,1,0.24988541,0.7143986,0.035715967
train-u0006924,0,1,0.04300662,0.92794365,0.029049695
train-u0006925,0,0,0.612724,0.24746102,0.13981491
train-u0006926,1,1,0.07791355,0.7961694,0.125917
train-u0006927,0,1,0.11557177,0.7788955,0.10553273
train-u0006928,0,1,0.225985,0.6851355,0.0888794
train-u0006929,0,1,0.18554772,0.68491447,0.12953773
train-u0006930,0,0,0.41353574,0.19260596,0.39385834
train-u0006931,0,1,0.22262643,0.6031176,0.174256
train-u0006932,0,1,0.32503283,0.50848395,0.16648322
train-u0006968,0,0,0.7220755,0.10802,0.16990444
train-u0006969,2,0,0.48717225,0.42263487,0.090192884
train-u0006970,0,0,0.5650016,0.28166264,0.15333577
train-u0006971,0,1,0.238255,0.6182986,0.14344642
train-u0006972,0,1,0.2502784,0.69344026,0.056281317
train-u0006991,0,2,0.109270595,0.12746234,0.76326704
train-u0006992,2,2,0.1471574,0.14361636,0.70922625
train-u0006993,0,0,0.654748,0.10947504,0.23577693
train-u0006994,0,0,0.5557514,0.16057213,0.28367648
train-u0006995,2,2,0.31036648,0.2741776,0.4154559
train-u0006996,2,0,0.73896325,0.10992488,0.15111187
train-u0007082,2,2,0.27087998,0.29263097,0.4364891
train-u0007083,1,1,0.13054784,0.74894947,0.12050269
train-u0007084,1,1,0.08954482,0.69629985,0.2141553
train-u0007085,2,2,0.25324398,0.124988675,0.62176734
train-u0007086,2,1,0.28754,0.42490944,0.28755054
train-u0007087,0,2,0.303337,0.14852962,0.5481334
train-u0007088,2,2,0.3688168,0.10414432,0.5270389
train-u0007089,2,1,0.13570954,0.5126177,0.3516728
train-u0007232,2,1,0.09966094,0.6782585,0.22208056
train-u0007233,0,1,0.21402547,0.75142294,0.034551527
train-u0007234,1,1,0.09895855,0.79277074,0.108270645
train-u0007235,2,1,0.097248055,0.6761405,0.2266115
train-u0007236,1,1,0.30172583,0.53170073,0.16657348
train-u0007351,1,1,0.32419667,0.51778555,0.15801781
train-u0007352,2,1,0.18271755,0.51309997,0.3041825
train-u0007353,1,1,0.40461317,0.5225424,0.07284443
train-u0007354,2,1,0.38871378,0.5280837,0.083202556
train-u0007355,2,1,0.29486182,0.5625485,0.14258969
train-u0007356,0,2,0.38056046,0.11500499,0.5044345
train-u0007357,1,1,0.08636885,0.8973504,0.01628076
train-u0007421,1,1,0.14856979,0.75956285,0.09186741
train-u0007422,1,1,0.105412714,0.748444,0.14614324
train-u0007423,2,2,0.21375176,0.22597042,0.5602779
train-u0007424,1,1,0.38396636,0.46494925,0.15108432
train-u0007425,1,1,0.2931849,0.44843328,0.2583818
train-u0007426,1,1,0.26001337,0.4608276,0.279159
train-u0007427,1,0,0.5227298,0.09047205,0.38679817
train-u0007490,0,0,0.4291248,0.3530353,0.21783987
train-u0007491,2,2,0.19568656,0.054846864,0.74946654
train-u0007492,2,2,0.3047842,0.051187642,0.6440281
train-u0007493,1,0,0.43249682,0.28908285,0.27842033
train-u0007494,2,1,0.3765411,0.44018573,0.18327314
train-u0007508,2,2,0.27779528,0.31076735,0.41143733
train-u0007509,2,0,0.5393173,0.26914096,0.19154169
train-u0007510,2,2,0.11376485,0.21374723,0.6724879
train-u0007511,1,1,0.11537009,0.61384934,0.2707806
train-u0007512,1,0,0.5181816,0.35516,0.12665842
train-u0007513,1,1,0.3064117,0.549152,0.1444363
train-u0007514,1,1,0.24606967,0.4370191,0.31691128
train-u0007515,2,2,0.13809176,0.06305194,0.7988563
train-u0007516,2,1,0.12534167,0.6731099,0.20154846
train-u0007517,1,1,0.27871993,0.5379891,0.18329087
train-u0007518,1,2,0.239517,0.30410057,0.4563825
train-u0007519,2,2,0.111564696,0.08435361,0.8040817
train-u0007520,0,0,0.7113616,0.07895316,0.20968524
train-u0007521,2,2,0.25451702,0.22045247,0.52503043
train-u0007553,2,1,0.20250952,0.40834537,0.3891451
train-u0007554,2,1,0.19597247,0.44893628,0.35509127
train-u0007555,2,1,0.21821867,0.6318201,0.14996131
train-u0007556,2,2,0.09887611,0.21309787,0.68802595
train-u0007557,2,2,0.09527622,0.33737403,0.5673498
train-u0007558,1,1,0.14373082,0.5788699,0.27739927
train-u0007642,2,2,0.1883102,0.08529894,0.7263909
train-u0007643,2,0,0.5607701,0.114745446,0.32448444
train-u0007644,0,0,0.78675866,0.077108935,0.13613236
train-u0007645,0,0,0.6695259,0.114955,0.21551915
train-u0007646,2,2,0.29176953,0.13526782,0.57296264
train-u0007728,0,0,0.54898626,0.07889781,0.3721159
train-u0007729,1,0,0.51562303,0.10150689,0.38287014
train-u0007730,2,1,0.26020858,0.38340208,0.35638934
train-u0007731,1,0,0.4450735,0.37928787,0.17563859
train-u0007732,1,0,0.44346267,0.22485739,0.33167994
train-u0007733,2,0,0.43924806,0.21912429,0.34162775
train-u0007734,1,0,0.53781295,0.3282563,0.13393071
train-u0007735,1,1,0.20328815,0.6789537,0.11775811
train-u0007736,2,2,0.27185372,0.08224125,0.6459051
train-u0007737,1,1,0.38678157,0.43613613,0.17708233
train-u0007738,2,2,0.28139827,0.1937845,0.5248172
train-u0007739,2,0,0.51640105,0.09098142,0.39261746
train-u0007740,0,0,0.7130385,0.12525253,0.16170895
train-u0007741,1,1,0.2967041,0.38554576,0.31775016
train-u0007742,1,2,0.23706272,0.27091402,0.49202332
train-u0007743,2,2,0.21643887,0.22081697,0.5627441
train-u0007744,1,1,0.2800875,0.6560408,0.06387168
train-u0007745,0,0,0.45977485,0.43639085,0.1038343
train-u0007746,1,2,0.19902591,0.19659181,0.6043822
train-u0007747,1,2,0.37052423,0.11617224,0.5133036
train-u0007885,0,0,0.4806779,0.42497113,0.094351046
train-u0007886,0,0,0.55351424,0.2859776,0.16050816
train-u0007887,0,0,0.65687233,0.19499286,0.14813483
train-u0007888,1,1,0.20757447,0.44582915,0.34659642
train-u0007889,1,1,0.2609971,0.5904184,0.14858444
train-u0007898,2,1,0.09124294,0.6488569,0.25990018
train-u0007899,2,2,0.3098484,0.107265264,0.5828864
train-u0007900,1,1,0.29014602,0.6160295,0.09382445
train-u0007901,1,1,0.14910872,0.6945507,0.15634061
train-u0007902,1,1,0.113622,0.7375037,0.14887431
train-u0007903,1,0,0.45284432,0.23839173,0.3087639
train-u0007904,2,2,0.35800582,0.16621868,0.47577554
train-u0007905,1,2,0.1969956,0.39924505,0.40375936
train-u0007906,0,1,0.15130596,0.78139824,0.06729577
train-u0007907,1,1,0.08414271,0.49669173,0.41916552
train-u0007908,1,1,0.06195367,0.65689474,0.28115162
train-u0007909,1,1,0.09348125,0.85399455,0.052524142
train-u0007910,2,0,0.4705421,0.2229804,0.30647758
train-u0007911,1,1,0.17025712,0.7743658,0.055377115
train-u0007912,2,2,0.3327058,0.06894567,0.5983485
train-u0008101,0,0,0.7828693,0.07938959,0.1377411
train-u0008102,1,2,0.34893715,0.28220195,0.36886093
train-u0008103,0,1,0.33842337,0.34939024,0.31218633
train-u0008104,0,0,0.46355245,0.24016288,0.29628465
train-u0008105,1,1,0.08883696,0.85029453,0.060868498
train-u0008202,1,1,0.14812416,0.67090243,0.18097337
train-u0008203,1,1,0.14138049,0.7752809,0.08333858
train-u0008204,1,1,0.2430586,0.622133,0.13480842
train-u0008205,1,1,0.4249087,0.466751,0.10834026
train-u0008206,0,0,0.7545336,0.16908298,0.076383464
train-u0008207,1,1,0.15119244,0.7887288,0.060078725
train-u0008208,2,1,0.110494636,0.57249165,0.31701377
train-u0008209,2,1,0.31181172,0.46570164,0.22248664
train-u0008218,2,2,0.20183846,0.28673407,0.51142746
train-u0008219,0,0,0.48408118,0.23081394,0.28510487
train-u0008220,2,0,0.42896274,0.23424472,0.3367925
train-u0008221,2,2,0.2014174,0.06422331,0.73435926
train-u0008222,0,0,0.54920465,0.1941087,0.25668663
train-u0008223,0,0,0.58490574,0.14237927,0.2727149
train-u0008224,0,0,0.39278495,0.2785733,0.3286417
train-u0008225,2,1,0.3150091,0.4997697,0.18522123
train-u0008226,2,1,0.24588205,0.64470506,0.10941289
train-u0008227,0,2,0.41619578,0.14096692,0.44283736
train-u0008228,0,2,0.2552827,0.1026404,0.6420769
train-u0008289,2,2,0.40714833,0.13792138,0.45493025
train-u0008290,2,0,0.43037584,0.42755592,0.14206822
train-u0008291,0,0,0.611551,0.16592382,0.22252525
train-u0008292,2,0,0.44775784,0.407052,0.14519015
train-u0008293,1,1,0.18124971,0.75646704,0.06228328
train-u0008294,1,1,0.37574375,0.5236862,0.10057003
train-u0008295,1,2,0.3475097,0.29257575,0.35991454
train-u0008296,2,1,0.10888237,0.6209083,0.27020925
train-u0008297,1,1,0.077877074,0.87795764,0.044165283
train-u0008298,0,0,0.6093028,0.07940316,0.31129405
train-u0008299,2,2,0.34407815,0.05294548,0.6029763
train-u0008300,2,1,0.25047985,0.43896478,0.3105554
train-u0008301,2,2,0.23484923,0.18547884,0.57967186
train-u0008302,2,2,0.2330347,0.07816534,0.6887999
train-u0008303,0,2,0.4136388,0.060190976,0.5261702
train-u0008304,0,2,0.3763121,0.07869167,0.5449962
train-u0008381,0,0,0.5127119,0.35524842,0.13203979
train-u0008382,0,1,0.102355346,0.7922291,0.10541556
train-u0008383,0,2,0.3445317,0.21688655,0.43858173
train-u0008384,0,0,0.64939964,0.19245562,0.15814479
train-u0008385,2,2,0.28115374,0.21012437,0.5087219
train-u0008386,2,2,0.25013396,0.07670996,0.6731561
train-u0008387,2,2,0.4328793,0.07306549,0.49405515
train-u0008388,2,2,0.11178525,0.10830867,0.77990615
train-u0008389,0,0,0.66522974,0.26140025,0.07337002
train-u0008390,0,0,0.6213827,0.17803557,0.20058173
train-u0008391,0,0,0.47113776,0.41553605,0.1133262
train-u0008392,0,2,0.25454962,0.106718816,0.6387316
train-u0008393,0,0,0.42832428,0.17989029,0.39178538
train-u0008394,0,0,0.4683602,0.35866067,0.17297913
train-u0008395,0,2,0.1843018,0.25057122,0.5651271
train-u0008396,0,1,0.21061823,0.50581163,0.28357005
train-u0008604,2,2,0.24481238,0.20774539,0.5474422
train-u0008605,2,1,0.09061227,0.7983702,0.11101759
train-u0008606,2,1,0.081416,0.674048,0.24453598
train-u0008607,2,1,0.05445043,0.79978657,0.14576301
train-u0008608,1,1,0.15960954,0.71353555,0.1268549
train-u0008609,2,2,0.067259036,0.39672682,0.53601414
train-u0008610,2,2,0.12561437,0.07720172,0.7971839
train-u0008611,2,2,0.17524706,0.051782366,0.77297056
train-u0008612,2,2,0.30259147,0.21734466,0.48006392
train-u0008613,2,2,0.16089182,0.08044018,0.758668
train-u0008654,1,1,0.1242553,0.79427737,0.0814674
train-u0008655,2,2,0.30414128,0.32171425,0.37414446
train-u0008656,1,0,0.5934722,0.37254164,0.033986114
train-u0008657,1,1,0.24734358,0.5642679,0.18838856
train-u0008658,1,0,0.45182902,0.4425026,0.10566844
train-u0008659,1,0,0.7138839,0.1347898,0.1513264
train-u0008660,1,1,0.11779398,0.8412641,0.040941857
train-u0008661,1,0,0.51580906,0.33297926,0.15121165
train-u0008662,0,0,0.6502086,0.26459703,0.08519439
train-u0008663,1,1,0.09453087,0.6982721,0.20719709
train-u0008664,2,2,0.21067576,0.12104048,0.66828376
train-u0008665,1,0,0.5966869,0.17389187,0.22942124
train-u0008666,2,0,0.48800024,0.116049774,0.39595
train-u0008667,2,1,0.18543936,0.6709114,0.1436493
train-u0008668,1,0,0.66298723,0.28534126,0.05167145
train-u0008669,1,1,0.24612923,0.6902903,0.06358054
train-u0008670,1,0,0.45717266,0.44915253,0.09367484
train-u0008671,1,1,0.3128043,0.62850153,0.058694195
train-u0008672,2,1,0.40391067,0.46894944,0.12713991
train-u0008807,2,0,0.57929575,0.23701872,0.18368556
train-u0008808,1,0,0.5604369,0.2761419,0.16342123
train-u0008809,1,1,0.1342317,0.8299311,0.03583716
train-u0008810,2,1,0.1486877,0.7963285,0.054983746
train-u0008811,1,1,0.327163,0.5685792,0.10425784
train-u0008812,1,1,0.07966738,0.85080224,0.069530375
train-u0008813,1,1,0.21549027,0.6602654,0.12424439
train-u0008814,1,1,0.08479132,0.8682024,0.047006313
train-u0008815,1,1,0.23850252,0.43562132,0.32587618
train-u0008816,2,1,0.264614,0.52978754,0.20559853
train-u0008817,2,2,0.15503229,0.25487912,0.59008867
train-u0008818,1,1,0.1460414,0.6507014,0.20325723
train-u0008819,2,2,0.27963734,0.09930142,0.6210613
train-u0008820,2,0,0.5035159,0.36327115,0.13321292
train-u0008821,2,2,0.30278563,0.09747724,0.5997371
train-u0008822,2,2,0.115060575,0.41060627,0.4743332
train-u0008823,2,1,0.09209363,0.45864236,0.44926405
train-u0008824,0,1,0.14189188,0.54793596,0.31017217
train-u0008832,2,2,0.31005156,0.112902634,0.5770458
train-u0008833,2,2,0.2550662,0.07844166,0.66649216
train-u0008834,1,1,0.15320843,0.5084235,0.33836806
train-u0008835,1,1,0.06010239,0.8097057,0.13019198
train-u0008836,0,0,0.6520117,0.27708724,0.07090105
train-u0008837,0,2,0.08212038,0.10241482,0.8154648
train-u0008838,2,1,0.05824766,0.81007886,0.13167346
train-u0008839,2,2,0.24121055,0.092062235,0.6667273
train-u0008840,1,2,0.23626885,0.28369355,0.48003766
train-u0008841,2,2,0.15233074,0.21748772,0.63018155
train-u0008842,1,1,0.17726918,0.68669724,0.13603356
train-u0008843,2,2,0.1304599,0.07313781,0.7964023
train-u0008844,1,2,0.30437294,0.24571328,0.44991377
train-u0008845,1,1,0.1470004,0.6020764,0.2509231
train-u0008846,1,0,0.43592897,0.27494866,0.28912237
train-u0008847,1,0,0.43180645,0.4039985,0.16419505
train-u0008848,1,2,0.22749364,0.15934661,0.6131598
train-u0008849,0,0,0.58613473,0.28221798,0.13164733
train-u0008850,2,2,0.1291709,0.2866504,0.5841787
train-u0008851,1,0,0.67913204,0.2820118,0.038856138
train-u0008852,1,1,0.37908092,0.55551356,0.06540554
train-u0008853,1,1,0.20158072,0.73407334,0.06434589
train-u0008866,1,1,0.08572053,0.8443539,0.069925524
train-u0008867,0,0,0.47909638,0.27917257,0.24173102
train-u0008868,1,1,0.1304096,0.8026497,0.066940695
train-u0008869,1,1,0.15279914,0.62751156,0.21968926
train-u0008870,0,2,0.17031951,0.0680682,0.7616123
train-u0008883,1,2,0.2887822,0.17271523,0.5385026
train-u0008884,1,1,0.14628546,0.68669724,0.16701727
train-u0008885,0,0,0.72057915,0.13729829,0.14212254
train-u0008886,2,0,0.40492624,0.24338333,0.35169047
train-u0008887,1,1,0.285712,0.53369945,0.18058854
train-u0008893,1,1,0.08418114,0.7750418,0.140777
train-u0008894,1,0,0.59969205,0.29268292,0.10762503
train-u0008895,0,2,0.37661532,0.109964356,0.5134203
train-u0008896,1,1,0.30350673,0.4472022,0.24929108
train-u0008897,0,0,0.45197135,0.2812395,0.26678908
train-u0008898,1,0,0.51678777,0.20171067,0.28150153
train-u0008899,1,1,0.23703307,0.6165234,0.14644356
train-u0008900,1,1,0.08406697,0.8317481,0.08418489
train-u0008901,0,0,0.71317613,0.24378197,0.043041904
train-u0008902,2,0,0.43791798,0.3070673,0.25501466
train-u0008903,0,0,0.7566177,0.14928792,0.09409428
train-u0008904,1,1,0.3601333,0.4685333,0.17133343
train-u0008905,1,1,0.080746725,0.6604843,0.25876898
train-u0009036,0,1,0.19560644,0.5375165,0.26687706
train-u0009037,2,2,0.31916592,0.15801597,0.52281815
train-u0009038,2,2,0.27477857,0.22245264,0.5027688
train-u0009039,2,1,0.2644854,0.5218283,0.21368629
train-u0009040,2,0,0.47133955,0.22672077,0.30193967
train-u0009041,2,1,0.28031376,0.4863371,0.23334911
train-u0009042,2,2,0.10147488,0.15913182,0.7393933
train-u0009043,2,0,0.5826221,0.112280354,0.3050976
train-u0009044,1,1,0.116872326,0.679921,0.20320664
train-u0009045,1,1,0.206845,0.39890596,0.39424902
train-u0009083,1,1,0.08450795,0.6469621,0.26852986
train-u0009084,2,1,0.24627326,0.65466154,0.09906516
train-u0009085,0,0,0.49253345,0.22474176,0.2827248
train-u0009086,2,2,0.11486322,0.31802166,0.5671151
train-u0009087,2,1,0.2271235,0.39628795,0.37658852
train-u0009088,2,2,0.15837446,0.09780201,0.7438235
train-u0009089,0,0,0.4591397,0.09374219,0.4471181
train-u0009090,0,0,0.69293135,0.22424336,0.08282529
train-u0009091,1,1,0.28602672,0.5608308,0.15314253
train-u0009092,1,1,0.15848526,0.7075444,0.1339703
train-u0009093,1,0,0.59516543,0.30503502,0.09979954
train-u0009094,0,0,0.49884728,0.12457129,0.37658134
train-u0009095,2,2,0.15459271,0.16935945,0.6760478
train-u0009096,1,1,0.106434,0.78943455,0.104131475
train-u0009097,2,2,0.17511433,0.40416554,0.42072016
train-u0009136,1,1,0.19193864,0.65219456,0.1558668
train-u0009137,1,1,0.22237943,0.71049774,0.06712288
train-u0009138,1,2,0.16616786,0.15105332,0.6827788
train-u0009139,2,1,0.15424307,0.6201659,0.2255911
train-u0009140,2,2,0.23351748,0.28373843,0.48274407
train-u0009141,1,0,0.43286505,0.33787513,0.22925985
train-u0009142,0,0,0.60053945,0.109258465,0.29020208
train-u0009143,2,2,0.31035146,0.31220305,0.3774455
train-u0009164,1,0,0.82589436,0.08982157,0.08428405
train-u0009165,1,1,0.27742764,0.5700816,0.15249078
train-u0009166,2,0,0.57317847,0.2596119,0.16720963
train-u0009167,0,0,0.69966346,0.19226362,0.10807294
train-u0009168,1,1,0.26068646,0.56909746,0.17021608
train-u0009169,1,0,0.6647106,0.25135761,0.083931744
train-u0009170,2,1,0.30190194,0.3984053,0.29969272
train-u0009171,1,1,0.39745253,0.47149876,0.13104868
train-u0009172,1,0,0.7786812,0.14925705,0.07206182
train-u0009173,2,0,0.68790835,0.23383382,0.07825787
train-u0009174,1,0,0.384682,0.26780343,0.3475146
train-u0009175,1,0,0.44950017,0.24584061,0.30465925
train-u0009181,0,0,0.65565056,0.21518974,0.12915978
train-u0009182,2,0,0.7667494,0.11754259,0.11570798
train-u0009183,1,0,0.42748716,0.31715465,0.25535816
train-u0009184,1,0,0.56135267,0.39391407,0.044733215
train-u0009185,0,0,0.6042353,0.16858062,0.2271841
train-u0009186,1,2,0.2892526,0.29752466,0.41322267
train-u0009187,1,1,0.21524449,0.7099939,0.074761584
train-u0009188,2,2,0.31116024,0.18254334,0.5062964
train-u0009189,2,2,0.26570895,0.10151867,0.6327724
train-u0009190,0,2,0.19156183,0.1630975,0.6453407
train-u0009191,0,0,0.41634417,0.21958455,0.36407125
train-u0009192,1,0,0.5539658,0.3039267,0.14210741
train-u0009193,0,0,0.80958015,0.10937563,0.08104426
train-u0009194,1,0,0.5635571,0.29854906,0.13789381
train-u0009195,1,1,0.13511558,0.78438634,0.08049801
train-u0009196,0,0,0.6517715,0.24693818,0.10129028
train-u0009197,1,1,0.12441658,0.5989457,0.27663776
train-u0009198,1,1,0.3056275,0.5367244,0.15764813
train-u0009199,1,0,0.53012985,0.41807273,0.051797446
train-u0009219,1,0,0.5285896,0.38358563,0.087824695
train-u0009220,1,1,0.22598915,0.5262643,0.24774654
train-u0009221,1,1,0.2995118,0.66842073,0.032067508
train-u0009222,1,1,0.40102234,0.50350475,0.09547292
train-u0009223,0,0,0.50804585,0.33944723,0.15250695
train-u0009224,0,1,0.38235182,0.42531583,0.19233233
train-u0009225,1,1,0.3145825,0.6316428,0.05377479
train-u0009226,2,1,0.33473274,0.4461882,0.219079
train-u0009410,1,2,0.31908032,0.28902444,0.39189526
train-u0009411,0,0,0.5796423,0.16122015,0.25913748
train-u0009412,2,2,0.38702086,0.098689914,0.51428926
train-u0009413,1,1,0.23856659,0.4399002,0.32153323
train-u0009414,2,2,0.11932193,0.06893032,0.8117478
train-u0009492,0,0,0.50097793,0.17567101,0.32335111
train-u0009493,1,0,0.82707566,0.07070336,0.10222107
train-u0009494,2,2,0.43483835,0.118171155,0.4469905
train-u0009495,1,1,0.31208336,0.51517045,0.17274615
train-u0009496,1,1,0.08217296,0.836167,0.08166001
train-u0009497,2,1,0.18014596,0.5596542,0.2601999
train-u0009498,2,1,0.3095476,0.3647347,0.32571766
train-u0009499,2,2,0.09757819,0.07461091,0.8278108
train-u0009500,1,0,0.35770142,0.3409532,0.30134538
train-u0009501,2,0,0.6866226,0.24385585,0.06952157
train-u0009502,2,2,0.114984415,0.069008015,0.81600755
train-u0009503,2,0,0.43221456,0.18230458,0.38548082
train-u0009504,2,2,0.098350875,0.116860315,0.78478885
train-u0009505,1,1,0.16197987,0.75072795,0.087292135
train-u0009506,2,2,0.27409476,0.17462885,0.55127645
train-u0009507,0,2,0.3604835,0.060599938,0.5789166
train-u0009508,2,2,0.20766218,0.049288426,0.7430494
train-u0009509,2,2,0.19589303,0.07991799,0.72418904
train-u0009510,2,2,0.15006255,0.10256677,0.74737066
train-u0009511,2,2,0.11781624,0.049485806,0.832698
train-u0009512,2,0,0.45866016,0.35868293,0.18265691
train-u0009513,2,2,0.11739241,0.07520053,0.807407
train-u0009514,2,2,0.33358315,0.26925474,0.39716214
train-u0009537,1,1,0.0866447,0.78388727,0.12946805
train-u0009538,1,1,0.15260985,0.7890397,0.05835049
train-u0009539,1,2,0.20498005,0.2041133,0.5909067
train-u0009540,2,2,0.10769624,0.32865644,0.56364733
train-u0009541,1,1,0.122982316,0.644416,0.2326016
train-u0009610,0,2,0.3309754,0.098566614,0.57045794
train-u0009611,0,0,0.40062612,0.3437311,0.25564277
train-u0009612,0,0,0.78979963,0.13647303,0.07372738
train-u0009613,1,0,0.6803923,0.19601022,0.12359745
train-u0009614,0,0,0.9070602,0.053793196,0.039146658
train-u0009615,1,1,0.15359202,0.767713,0.078694984
train-u0009616,2,1,0.32688284,0.44367987,0.22943732
train-u0009626,0,0,0.89164984,0.06952001,0.03883012
train-u0009627,0,2,0.2874623,0.19327138,0.5192663
train-u0009628,2,2,0.3203614,0.20375665,0.47588187
train-u0009629,1,0,0.46365547,0.46074614,0.07559833
train-u0009630,1,2,0.13884176,0.23379058,0.6273676
train-u0009631,2,2,0.20720635,0.34030402,0.45248955
train-u0009632,0,0,0.6087554,0.24136375,0.14988087
train-u0009727,1,0,0.6555826,0.21801801,0.1263994
train-u0009728,0,2,0.12973064,0.32379705,0.5464723
train-u0009729,0,0,0.58816737,0.3220606,0.089772016
train-u0009730,1,1,0.37617913,0.49615678,0.12766404
train-u0009731,0,0,0.39124528,0.319683,0.28907174
train-u0009732,0,0,0.58730215,0.08664549,0.32605237
train-u0009733,0,0,0.47586277,0.4502784,0.07385874
train-u0009734,0,0,0.7770824,0.18350443,0.03941323
train-u0009804,0,2,0.2699995,0.0962849,0.63371557
train-u0009805,0,0,0.7842822,0.05548187,0.1602359
train-u0009806,2,0,0.57909054,0.098433554,0.32247594
train-u0009807,0,0,0.4902701,0.12247218,0.38725773
train-u0009808,0,2,0.21666998,0.09368609,0.6896439
train-u0009809,0,0,0.6781183,0.050989557,0.27089217
train-u0009810,0,0,0.71373373,0.090211816,0.19605443
train-u0009811,0,0,0.4325652,0.35927635,0.20815843
train-u0009873,1,0,0.6494856,0.24134827,0.10916614
train-u0009874,2,2,0.17121829,0.16703367,0.66174805
train-u0009875,2,2,0.33587503,0.09094182,0.5731831
train-u0009876,2,2,0.21697672,0.3097112,0.47331205
train-u0009877,0,0,0.56743914,0.06799712,0.36456373
train-u0009878,2,2,0.29495198,0.16099319,0.54405487
train-u0009879,0,0,0.8698779,0.060607035,0.06951514
train-u0009880,0,2,0.29759756,0.10088673,0.6015157
train-u0009881,0,0,0.79569954,0.12585735,0.078443214
train-u0009882,2,2,0.27475163,0.120676406,0.604572
train-u0009883,2,0,0.4603514,0.1975311,0.34211746
train-u0009884,0,1,0.2798211,0.5590309,0.16114806
train-u0009885,2,0,0.5433746,0.091375925,0.36524948
train-u0009903,0,1,0.14730567,0.6904095,0.1622848
train-u0009904,0,0,0.71618134,0.14991176,0.13390681
train-u0009905,2,0,0.4960087,0.10082709,0.40316418
train-u0009906,0,2,0.45609987,0.047333665,0.4965665
train-u0009907,0,0,0.8151399,0.13740438,0.047455747
train-u0009908,1,1,0.26947883,0.65985143,0.07066976
train-u0009909,0,2,0.35918424,0.10388138,0.5369344
train-u0009910,0,1,0.23497343,0.5194758,0.24555078
train-u0009911,0,1,0.32002714,0.43786523,0.24210767
train-u0009912,0,0,0.39419818,0.30403486,0.301767
train-u0009913,2,2,0.29546008,0.04584862,0.6586913
train-u0009914,2,0,0.5770177,0.085497364,0.3374849
train-u0009915,0,1,0.3565944,0.44015506,0.20325051
train-u0010022,0,0,0.6918606,0.10579974,0.20233962
train-u0010023,0,0,0.6033872,0.079503,0.31710985
train-u0010024,2,0,0.6747109,0.13734816,0.18794096
train-u0010025,2,1,0.38768798,0.42629686,0.18601514
train-u0010026,2,0,0.5263016,0.25472605,0.21897231
train-u0010027,2,0,0.44484833,0.1838613,0.3712904
train-u0010028,2,2,0.2959176,0.044278882,0.6598035
train-u0010029,0,0,0.5230976,0.13224524,0.3446572
train-u0010074,2,0,0.471459,0.0624029,0.46613804
train-u0010075,1,0,0.49570188,0.3591403,0.14515781
train-u0010076,1,0,0.45487103,0.4225596,0.12256933
train-u0010077,1,1,0.4179885,0.53935915,0.042652305
train-u0010078,2,1,0.17762859,0.48529643,0.33707497
train-u0010079,1,1,0.26451212,0.7023102,0.033177614
train-u0010080,0,0,0.38942215,0.3873023,0.2232755
train-u0010131,0,1,0.20703864,0.48165703,0.31130433
train-u0010132,1,1,0.093924694,0.7382333,0.16784203
train-u0010133,1,1,0.2829784,0.43135938,0.28566217
train-u0010134,1,0,0.6295804,0.2630438,0.10737588
train-u0010135,0,0,0.40750113,0.23062377,0.36187515
train-u0010136,1,1,0.21579628,0.5525026,0.23170118
train-u0010196,1,0,0.39039177,0.369466,0.2401422
train-u0010197,1,1,0.19860658,0.5583535,0.24303985
train-u0010198,2,1,0.12674676,0.50688815,0.36636502
train-u0010199,1,2,0.31955263,0.13739976,0.5430476
train-u0010200,0,1,0.16318025,0.50520927,0.33161047
train-u0010201,1,1,0.2705816,0.5247141,0.20470427
train-u0010202,0,1,0.28302243,0.46695653,0.25002104
train-u0010251,1,1,0.28245682,0.40059957,0.31694362
train-u0010252,0,0,0.49556166,0.25779617,0.2466422
train-u0010253,0,1,0.25591174,0.6920505,0.052037697
train-u0010254,1,1,0.073846094,0.78793544,0.13821842
train-u0010255,1,1,0.120134756,0.73178965,0.14807555
train-u0010256,1,0,0.5033058,0.40001354,0.0966807
train-u0010257,1,1,0.22847839,0.7266746,0.04484696
train-u0010258,1,1,0.15777795,0.45021066,0.3920114
train-u0010259,1,1,0.25797582,0.6448999,0.09712436
train-u0010260,0,1,0.23475708,0.54869133,0.21655165
train-u0010261,0,0,0.37536123,0.30248865,0.32215014
train-u0010262,2,1,0.2353345,0.6763209,0.088344604
train-u0010263,0,0,0.41688815,0.38773596,0.19537592
train-u0010264,2,2,0.4006187,0.15660772,0.44277355
train-u0010265,2,1,0.21172908,0.39573678,0.39253414
train-u0010320,0,1,0.374739,0.38090304,0.2443579
train-u0010321,1,1,0.44462746,0.48951477,0.065857746
train-u0010322,1,1,0.07669609,0.8690654,0.054238424
train-u0010323,1,1,0.13172282,0.81597006,0.052307114
train-u0010324,2,2,0.09979516,0.16399278,0.7362121
train-u0010325,2,1,0.0767169,0.7787078,0.14457522
train-u0010326,1,2,0.17426151,0.39669225,0.42904627
train-u0010327,0,1,0.37299252,0.40088108,0.22612646
train-u0010385,0,0,0.45806056,0.31917354,0.22276583
train-u0010386,0,1,0.21229948,0.5087921,0.2789084
train-u0010387,2,2,0.29309824,0.07324968,0.6336521
train-u0010388,2,2,0.26378173,0.06102912,0.67518914
train-u0010389,2,2,0.2748555,0.34246677,0.38267773
train-u0010390,1,2,0.25224933,0.2935509,0.45419976
train-u0010391,2,0,0.48521465,0.2609366,0.25384876
train-u0010392,1,2,0.35569772,0.23066916,0.41363308
train-u0010393,2,0,0.47448632,0.20007394,0.32543975
train-u0010394,2,2,0.16577072,0.07553793,0.7586913
train-u0010395,2,2,0.16551659,0.06427128,0.7702121
train-u0010396,2,2,0.28325772,0.081394486,0.63534784
train-u0010601,2,2,0.43797874,0.08031019,0.48171106
train-u0010602,0,0,0.9114687,0.0665627,0.021968652
train-u0010603,0,1,0.20774409,0.52475303,0.26750287
train-u0010604,0,0,0.5818391,0.061381154,0.3567797
train-u0010605,2,1,0.36169288,0.47450098,0.16380619
train-u0010606,2,0,0.48338047,0.28424433,0.23237512
train-u0010607,0,0,0.8533863,0.11614769,0.030466028
train-u0010608,0,0,0.88525254,0.07482967,0.039917823
train-u0010609,1,0,0.65062505,0.278472,0.07090289
train-u0010610,1,0,0.39778984,0.21824798,0.38396215
train-u0010611,1,1,0.16217527,0.5375782,0.30024654
train-u0010612,2,2,0.18910497,0.047471914,0.76342314
train-u0010708,0,1,0.24854748,0.71223426,0.03921829
train-u0010709,1,1,0.08474361,0.8897601,0.025496319
train-u0010710,1,0,0.69740576,0.23000792,0.07258632
train-u0010711,1,1,0.12042131,0.79664785,0.08293083
train-u0010712,0,1,0.22752285,0.5344766,0.23800065
train-u0010718,1,1,0.3684314,0.45312563,0.17844294
train-u0010719,2,2,0.2966345,0.168104,0.5352615
train-u0010720,0,0,0.6233359,0.14850965,0.22815448
train-u0010721,1,1,0.2448932,0.6490522,0.10605463
train-u0010722,1,0,0.40119866,0.28198338,0.31681797
train-u0010723,0,0,0.71592814,0.16665575,0.11741609
train-u0010724,0,0,0.82851446,0.12815672,0.043328837
train-u0010742,1,1,0.13509546,0.7943911,0.07051345
train-u0010743,1,1,0.32946193,0.56852025,0.10201783
train-u0010744,1,1,0.35452697,0.6141371,0.031335928
train-u0010745,1,1,0.2501322,0.6964121,0.053455707
train-u0010746,2,1,0.25152737,0.64001375,0.10845892
train-u0010747,0,0,0.69075423,0.195359,0.113886766
train-u0010748,2,1,0.40517005,0.56436867,0.030461341
train-u0010749,0,0,0.67274445,0.19892465,0.1283309
train-u0010750,1,1,0.17180619,0.8003964,0.02779749
train-u0010751,2,2,0.21191664,0.19907716,0.58900625
train-u0010752,2,2,0.3113165,0.09962564,0.58905786
train-u0010753,1,0,0.50948083,0.46932012,0.021198938
train-u0010754,2,0,0.5826219,0.2808795,0.13649866
train-u0010775,1,0,0.60308135,0.27010155,0.12681714
train-u0010776,1,1,0.06788992,0.8961131,0.03599694
train-u0010777,1,1,0.09293241,0.7428138,0.16425373
train-u0010778,1,1,0.26607814,0.5133389,0.22058296
train-u0010779,0,0,0.5688822,0.1595702,0.27154753
train-u0010787,1,1,0.09890175,0.8629203,0.038178004
train-u0010788,1,0,0.49520907,0.32854182,0.17624903
train-u0010789,2,0,0.47734892,0.20701884,0.3156322
train-u0010790,2,2,0.28559333,0.21260722,0.5017994
train-u0010791,2,1,0.20340906,0.6351713,0.16141963
train-u0010792,1,1,0.07567301,0.7790358,0.14529121
train-u0010844,1,1,0.11119776,0.8274797,0.061322432
train-u0010845,1,1,0.22738992,0.7415752,0.031034872
train-u0010846,2,2,0.12093348,0.087960996,0.79110557
train-u0010847,2,0,0.42411014,0.3090114,0.2668784
train-u0010848,2,1,0.09624222,0.6474707,0.25628704
train-u0010849,2,1,0.20559639,0.5744036,0.22000004
train-u0010850,2,1,0.16134222,0.7488081,0.08984968
train-u0010851,2,2,0.12055703,0.092834055,0.7866089
train-u0010852,2,1,0.2158934,0.50248075,0.28162587
train-u0010853,1,1,0.089690104,0.73813665,0.17217317
train-u0010854,2,1,0.15364085,0.70357895,0.14278017
train-u0010855,2,1,0.09988812,0.7819332,0.11817862
train-u0010856,2,1,0.08226416,0.8802159,0.03751988
train-u0010906,2,2,0.24057153,0.33910778,0.42032072
train-u0010907,2,2,0.11676418,0.102682985,0.78055286
train-u0010908,0,1,0.3391976,0.3843147,0.27648768
train-u0010909,0,0,0.59872717,0.23467565,0.16659729
train-u0010910,1,1,0.11236015,0.85591274,0.031727176
train-u0010958,2,1,0.27429366,0.6292672,0.09643916
train-u0010959,1,1,0.20139967,0.5669644,0.23163585
train-u0010960,2,1,0.12035249,0.7945549,0.08509259
train-u0010961,1,2,0.3901068,0.18556674,0.42432645
train-u0010962,0,1,0.32151458,0.56349134,0.11499404
train-u0010963,1,1,0.077332854,0.88126683,0.0414004
train-u0010964,2,2,0.07922262,0.14288038,0.777897
train-u0010965,2,2,0.20924434,0.21440698,0.57634866
train-u0010966,0,1,0.43706238,0.45827898,0.1046586
train-u0010967,1,1,0.07704616,0.6704983,0.2524555
train-u0010968,2,0,0.5192659,0.35872966,0.12200445
train-u0010969,2,2,0.1503932,0.17261405,0.6769928
train-u0011030,0,0,0.6479955,0.16094822,0.19105627
train-u0011031,0,1,0.18098827,0.7270773,0.09193439
train-u0011032,1,1,0.1797685,0.6836728,0.1365587
train-u0011033,1,1,0.39114854,0.5236453,0.0852062
train-u0011034,1,1,0.34855592,0.5034811,0.14796296
train-u0011035,1,1,0.39837062,0.49702287,0.10460654
train-u0011036,1,1,0.16308458,0.48933277,0.34758264
train-u0011037,1,1,0.23329537,0.51099586,0.25570878
train-u0011038,0,1,0.332509,0.44414315,0.22334786
train-u0011039,2,0,0.53705585,0.12927546,0.33366874
train-u0011225,1,1,0.25289392,0.63392586,0.11318032
train-u0011226,0,1,0.453252,0.46334976,0.08339828
train-u0011227,2,2,0.36751476,0.15766662,0.47481862
train-u0011228,0,0,0.5163395,0.32650867,0.15715186
train-u0011229,0,0,0.50522375,0.09412522,0.40065098
train-u0011230,1,0,0.43441674,0.30876356,0.25681975
train-u0011231,1,0,0.611265,0.3099011,0.078833826
train-u0011232,1,0,0.4763107,0.37632582,0.14736345
train-u0011233,1,0,0.7134823,0.224378,0.062139615
train-u0011234,0,0,0.83906704,0.09736848,0.06356456
train-u0011235,0,0,0.69197804,0.20683354,0.101188414
train-u0011236,0,0,0.7112463,0.13558994,0.1531638
train-u0011422,1,1,0.39666826,0.43213,0.17120175
train-u0011423,0,2,0.28557876,0.17287111,0.5415501
train-u0011424,1,0,0.4161516,0.37022758,0.21362081
train-u0011425,2,1,0.119622156,0.46002606,0.42035186
train-u0011426,2,2,0.1607489,0.060122676,0.77912843
train-u0011427,2,1,0.14820857,0.63962376,0.21216764
train-u0011428,1,1,0.30996475,0.6314488,0.05858648
train-u0011561,1,1,0.095179126,0.7900794,0.11474152
train-u0011562,0,1,0.28096408,0.40663537,0.31240052
train-u0011563,2,0,0.6650352,0.16202591,0.17293897
train-u0011564,1,1,0.11989899,0.56179625,0.31830475
train-u0011565,1,1,0.29955402,0.4430895,0.25735652
train-u0011566,1,1,0.2881788,0.648731,0.06309028
train-u0011567,2,2,0.32226887,0.24273694,0.4349942
train-u0011568,0,1,0.26258317,0.7012357,0.03618111
train-u0011569,0,2,0.37388906,0.17393519,0.45217574
train-u0011623,1,1,0.095625564,0.82254165,0.081832744
train-u0011624,1,1,0.07551013,0.8528098,0.071680136
train-u0011625,0,0,0.41384977,0.3226181,0.26353213
train-u0011626,0,1,0.19585998,0.75748914,0.04665091
train-u0011627,0,1,0.13600643,0.81452364,0.04946989
train-u0011628,0,1,0.16690633,0.48026082,0.3528328
train-u0011642,2,1,0.3799621,0.41741675,0.20262115
train-u0011643,1,1,0.36324787,0.43725988,0.19949217
train-u0011644,0,2,0.4074199,0.09818104,0.49439898
train-u0011645,0,0,0.8760867,0.095265485,0.028647743
train-u0011646,2,0,0.46893188,0.12525856,0.40580955
train-u0011647,0,1,0.33431494,0.42485887,0.24082619
train-u0011648,1,1,0.0987124,0.87522215,0.026065355
train-u0011649,2,1,0.13778362,0.5270359,0.33518052
train-u0011650,0,1,0.2895079,0.5779897,0.13250239
train-u0011651,0,2,0.13775691,0.3552221,0.50702095
train-u0011652,0,1,0.2189417,0.6829515,0.09810676
train-u0011707,2,0,0.62352675,0.092492275,0.2839809
train-u0011708,0,0,0.7860191,0.14142431,0.07255664
train-u0011709,1,2,0.10115051,0.114871874,0.7839777
train-u0011710,1,2,0.09860389,0.092527874,0.8088682
train-u0011711,1,1,0.10514047,0.7587074,0.13615213
train-u0011712,2,2,0.2363876,0.35002905,0.4135834
train-u0011713,2,2,0.35640243,0.23806694,0.40553063
train-u0011714,2,2,0.4163882,0.0679453,0.5156665
train-u0011715,0,0,0.83784986,0.0852973,0.076852895
train-u0011716,1,2,0.26029062,0.1632693,0.5764401
train-u0011757,1,1,0.44327912,0.46458465,0.092136286
train-u0011758,0,0,0.5188436,0.12031454,0.36084184
train-u0011759,0,0,0.46872488,0.09327327,0.43800175
train-u0011760,1,2,0.16928522,0.21895608,0.6117587
train-u0011761,1,0,0.4418226,0.3126581,0.24551928
train-u0011762,2,1,0.08720665,0.7696818,0.14311151
train-u0011789,0,1,0.21362841,0.6606073,0.1257643
train-u0011790,0,0,0.42102566,0.1620336,0.41694075
train-u0011791,1,1,0.118144244,0.687335,0.1945207
train-u0011792,1,1,0.4385014,0.4539794,0.10751922
train-u0011793,1,1,0.15303515,0.78069025,0.06627464
train-u0011794,1,1,0.12699747,0.8054448,0.06755783
train-u0011819,1,0,0.6686378,0.11059925,0.2207629
train-u0011820,2,1,0.11344726,0.5461971,0.3403556
train-u0011821,1,1,0.19632654,0.51354456,0.2901289
train-u0011822,0,1,0.34325075,0.5726762,0.08407301
train-u0011823,0,2,0.1837138,0.07526758,0.74101865
train-u0011824,0,1,0.1098539,0.84442914,0.045716997
train-u0011897,0,0,0.5964682,0.30084822,0.1026836
train-u0011898,0,0,0.5157668,0.2755535,0.20867975
train-u0011899,1,0,0.4238593,0.3846515,0.19148916
train-u0011900,1,0,0.57488877,0.39078453,0.034326676
train-u0011901,1,1,0.40127763,0.5198045,0.07891794
train-u0011902,0,1,0.18566602,0.6062775,0.20805643
train-u0011903,0,2,0.332135,0.28947955,0.37838542
train-u0011904,1,2,0.24536723,0.3458532,0.40877956
train-u0011905,0,1,0.2485429,0.5600999,0.19135718
train-u0011906,0,0,0.61453974,0.17738032,0.2080799
train-u0011907,1,1,0.30752623,0.53175586,0.16071789
train-u0012025,0,0,0.5682327,0.21805014,0.21371715
train-u0012026,0,0,0.56985927,0.20196147,0.22817928
train-u0012027,0,0,0.52982724,0.25498188,0.21519093
train-u0012028,0,0,0.39002785,0.36699226,0.2429799
train-u0012029,0,2,0.36101797,0.072756894,0.5662251
train-u0012030,0,1,0.20828423,0.5457174,0.24599834
train-u0012031,0,0,0.60568744,0.1698453,0.22446725
train-u0012032,2,0,0.47195035,0.19436294,0.33368662
train-u0012033,2,0,0.5273517,0.3503616,0.12228684
train-u0012034,0,0,0.68194103,0.264297,0.053761907
train-u0012035,0,0,0.47333106,0.37601307,0.1506558
train-u0012036,0,0,0.4954021,0.3524362,0.15216163
train-u0012037,0,1,0.3473178,0.4593368,0.19334538
train-u0012038,0,2,0.300579,0.24986613,0.44955483
train-u0012178,2,0,0.5127044,0.21321602,0.27407962
train-u0012179,2,1,0.17341776,0.4942415,0.33234072
train-u0012180,1,1,0.10524097,0.6596853,0.23507373
train-u0012181,2,0,0.38412172,0.27997062,0.33590764
train-u0012182,1,1,0.09880681,0.85584617,0.04534697
train-u0012183,0,1,0.26096743,0.5028479,0.23618475
train-u0012184,2,1,0.09038251,0.8120933,0.09752422
train-u0012344,0,2,0.23442937,0.3433559,0.42221475
train-u0012345,1,1,0.13892595,0.7552681,0.10580592
train-u0012346,2,1,0.1745237,0.49982578,0.32565048
train-u0012347,2,2,0.1655772,0.32867968,0.5057431
train-u0012348,1,2,0.25069326,0.21449693,0.5348098
train-u0012349,1,0,0.5797859,0.30307594,0.11713821
train-u0012503,0,1,0.22539519,0.67373854,0.10086628
train-u0012504,0,0,0.82205874,0.13264483,0.045296416
train-u0012505,0,0,0.46723008,0.45383814,0.07893181
train-u0012506,1,1,0.13062486,0.53404266,0.3353325
train-u0012507,1,1,0.25093606,0.43262446,0.31643948
train-u0012508,0,1,0.2798351,0.6709022,0.04926271
train-u0012509,2,2,0.26631764,0.061342824,0.6723395
train-u0012510,2,2,0.13735713,0.04718683,0.8154561
train-u0012511,0,0,0.44301918,0.2336141,0.32336673
train-u0012512,0,0,0.8711669,0.058655735,0.07017733
train-u0012513,2,2,0.37894306,0.15254776,0.46850923
train-u0012567,0,1,0.21602668,0.6276255,0.15634783
train-u0012568,0,1,0.38145548,0.44786364,0.1706809
train-u0012569,0,0,0.6042053,0.33568293,0.060111865
train-u0012570,0,1,0.3891901,0.54390806,0.06690182
train-u0012571,0,0,0.56287014,0.37235862,0.06477125
train-u0012572,0,0,0.5809154,0.19098265,0.22810191
train-u0012573,1,1,0.15626438,0.80766153,0.036074072
train-u0012574,2,1,0.24648082,0.62286747,0.13065176
train-u0012575,2,1,0.110004395,0.58039325,0.30960238
train-u0012576,0,1,0.14677711,0.67283076,0.18039222
train-u0012577,1,1,0.101826325,0.8567807,0.04139292
train-u0012578,1,2,0.2865692,0.34176692,0.37166393
train-u0012579,1,1,0.2999641,0.4541003,0.24593557
train-u0012622,1,1,0.2658523,0.53050804,0.20363966
train-u0012623,1,1,0.17525573,0.72558224,0.09916204
train-u0012624,1,2,0.25389966,0.33765393,0.40844637
train-u0012625,1,1,0.31495574,0.4484735,0.2365708
train-u0012626,2,1,0.24473931,0.45850924,0.2967515
train-u0012627,0,0,0.40784022,0.33920172,0.25295797
train-u0012781,0,1,0.2944678,0.42298198,0.28255022
train-u0012782,2,2,0.22139356,0.11680754,0.6617989
train-u0012783,0,0,0.37571275,0.28995985,0.33432737
train-u0012784,0,0,0.4500018,0.16848117,0.381517
train-u0012785,1,0,0.4491303,0.3628165,0.18805325
train-u0012786,0,0,0.5564282,0.20936267,0.23420915
train-u0012787,0,1,0.10779792,0.73104316,0.16115889
train-u0012788,1,2,0.28689197,0.147525,0.56558305
train-u0012789,2,2,0.093279265,0.17269166,0.7340291
train-u0012839,2,2,0.19598873,0.22829053,0.5757208
train-u0012840,1,1,0.12958401,0.7511383,0.119277656
train-u0012841,1,1,0.28776717,0.6328656,0.0793673
train-u0012842,0,0,0.5676096,0.2416688,0.19072156
train-u0012843,0,1,0.37012973,0.53914016,0.09073011
train-u0012844,0,0,0.45541328,0.42007262,0.12451408
train-u0012845,2,2,0.3590901,0.14111957,0.4997904
train-u0012846,1,1,0.107150085,0.761364,0.13148582
train-u0012847,0,2,0.21471828,0.35496673,0.43031505
train-u0012848,0,2,0.16878615,0.18035026,0.6508636
train-u0012849,0,2,0.16119486,0.06970931,0.76909584
train-u0012850,0,2,0.23059475,0.069357894,0.70004743
train-u0013064,2,2,0.24839476,0.22733842,0.52426684
train-u0013065,0,0,0.5896577,0.24628496,0.1640573
train-u0013066,0,0,0.76327634,0.100745246,0.1359784
train-u0013067,0,0,0.8521337,0.10467792,0.043188337
train-u0013068,2,2,0.19900793,0.21788217,0.5831099
train-u0013069,1,0,0.5855194,0.27039817,0.1440825
train-u0013070,1,1,0.28345323,0.596939,0.11960775
train-u0013071,2,0,0.6285431,0.27436787,0.09708905
train-u0013072,1,1,0.16971482,0.74671423,0.083570935
train-u0013073,1,2,0.44468868,0.07004465,0.48526675
train-u0013074,0,0,0.8787352,0.06905055,0.052214295
train-u0013075,1,0,0.52079016,0.42684546,0.052364383
train-u0013076,1,1,0.2509777,0.5303864,0.21863595
train-u0013077,0,0,0.58939964,0.26174617,0.14885421
train-u0013078,0,0,0.6933374,0.22846167,0.07820091
train-u0013079,2,1,0.28449765,0.51618373,0.19931856
train-u0013080,2,1,0.40792206,0.41363737,0.17844054
train-u0013081,2,1,0.31261227,0.344374,0.3430138
train-u0013082,1,1,0.117730424,0.46380812,0.4184615
train-u0013347,0,2,0.3280262,0.11775822,0.55421555
train-u0013348,0,0,0.5622206,0.37352777,0.06425165
train-u0013349,1,1,0.18315691,0.7598724,0.0569707
train-u0013350,0,0,0.3545897,0.30538288,0.3400274
train-u0013351,0,0,0.8110317,0.09008683,0.09888146
train-u0013352,2,2,0.26111665,0.12199885,0.6168845
train-u0013353,1,2,0.35620737,0.05105203,0.59274065
train-u0013383,0,2,0.43933615,0.06064223,0.5000217
train-u0013384,1,1,0.2551794,0.56563365,0.17918701
train-u0013385,0,1,0.18626928,0.77996504,0.03376574
train-u0013386,0,0,0.6760811,0.2423667,0.08155211
train-u0013387,2,2,0.2641158,0.28722417,0.44866002
train-u0013388,0,1,0.24850398,0.6077943,0.14370176
train-u0013389,0,0,0.6253952,0.2496902,0.124914624
train-u0013390,1,1,0.33171892,0.4527324,0.21554875
train-u0013391,0,0,0.7168718,0.12576644,0.15736182
train-u0013392,0,1,0.33579028,0.5394351,0.12477466
train-u0013393,0,0,0.4562559,0.22251515,0.32122892
train-u0013394,0,0,0.5757486,0.2344598,0.18979159
train-u0013395,2,2,0.29765844,0.071857534,0.630484
train-u0013396,0,0,0.6781021,0.08710501,0.23479292
train-u0013397,2,1,0.34001967,0.34592307,0.3140572
train-u0013398,2,0,0.51644176,0.10404586,0.37951243
train-u0013431,0,1,0.47767407,0.47861952,0.04370641
train-u0013432,0,0,0.7046971,0.23012047,0.06518245
train-u0013433,1,1,0.4306092,0.4797806,0.08961018
train-u0013434,1,0,0.7034552,0.24015084,0.056393955
train-u0013435,2,1,0.41107818,0.49882343,0.0900984
train-u0013436,0,0,0.7120462,0.087809026,0.20014471
train-u0013437,0,1,0.10893136,0.8358079,0.055260785
train-u0013438,1,1,0.19341104,0.5940744,0.2125145
train-u0013439,1,2,0.08965865,0.41305947,0.49728188
train-u0013440,1,1,0.25434405,0.51381457,0.2318414
train-u0013441,2,1,0.2701471,0.48138952,0.2484634
train-u0013442,0,2,0.33251506,0.27641857,0.3910664
train-u0013443,0,1,0.13402231,0.6216138,0.24436386
train-u0013444,2,2,0.15441476,0.09133641,0.75424886
train-u0013445,0,2,0.26284823,0.193668,0.5434838
train-u0013446,0,0,0.5314,0.24665642,0.22194357
train-u0013447,0,1,0.34566718,0.63139486,0.022937931
train-u0013448,1,1,0.079574056,0.7570501,0.16337588
train-u0013449,0,0,0.6795884,0.20573942,0.11467215
train-u0013450,1,0,0.54919523,0.17873968,0.27206513
train-u0013451,1,1,0.14548357,0.7193823,0.13513416
train-u0013452,1,2,0.10373496,0.24104063,0.6552243
train-u0013453,0,1,0.1337297,0.6353004,0.2309699
train-u0013454,0,1,0.3115457,0.45299885,0.23545551
train-u0013455,0,0,0.67740846,0.099051826,0.22353967
train-u0013456,0,1,0.33731252,0.49594417,0.16674335
train-u0013457,0,0,0.7068483,0.20340507,0.08974661
train-u0013458,0,0,0.8484727,0.066744514,0.08478272
train-u0013528,0,2,0.23119476,0.19678107,0.5720241
train-u0013529,2,2,0.25069618,0.36999235,0.3793115
train-u0013530,0,0,0.5435237,0.12504175,0.33143458
train-u0013531,2,0,0.4250015,0.24398237,0.33101612
train-u0013532,0,2,0.27399075,0.32345927,0.40254998
train-u0013533,0,0,0.5654768,0.15928651,0.2752367
train-u0013534,0,1,0.38345337,0.44994986,0.16659674
train-u0013535,1,1,0.101955846,0.64855707,0.2494871
train-u0013536,0,0,0.392944,0.37757352,0.22948244
train-u0013537,0,1,0.29050237,0.49146923,0.21802843
train-u0013538,2,2,0.14091806,0.08563267,0.77344924
train-u0013539,2,0,0.43422374,0.3586293,0.207147
train-u0013540,0,2,0.41163108,0.07163295,0.5167359
train-u0013579,2,0,0.6373726,0.13739726,0.22523017
train-u0013580,1,0,0.50140077,0.36674055,0.13185868
train-u0013581,1,2,0.3721181,0.13079223,0.49708962
train-u0013582,0,0,0.7392783,0.11029454,0.15042715
train-u0013583,0,0,0.5403554,0.4053941,0.054250594
train-u0013584,0,1,0.31945914,0.61098045,0.069560386
train-u0013585,0,0,0.58822626,0.29984465,0.111929104
train-u0013586,0,2,0.29513946,0.29119685,0.41366377
train-u0013587,1,0,0.6652021,0.100428686,0.2343692
train-u0013816,2,2,0.12330906,0.10250393,0.774187
train-u0013817,2,0,0.6162254,0.22862534,0.15514925
train-u0013818,1,0,0.6794811,0.26169032,0.058828644
train-u0013819,1,1,0.24733381,0.67841244,0.07425373
train-u0013820,0,0,0.58415717,0.3238385,0.09200436
train-u0013821,1,1,0.27608395,0.6406189,0.08329717
train-u0013885,1,1,0.18342146,0.6392912,0.17728738
train-u0013886,2,2,0.20805822,0.14754723,0.6443945
train-u0013887,2,2,0.1769691,0.092524976,0.7305059
train-u0013888,2,2,0.2017387,0.36691222,0.4313491
train-u0013889,0,1,0.27183732,0.45011505,0.2780476
train-u0013941,2,1,0.18716314,0.56952137,0.24331555
train-u0013942,1,1,0.14540698,0.7731987,0.081394315
train-u0013943,2,1,0.28150782,0.51612794,0.20236419
train-u0013944,1,1,0.29279935,0.52671176,0.18048885
train-u0013945,2,1,0.25554204,0.482562,0.26189598
train-u0013946,2,1,0.4005848,0.46509087,0.1343244
train-u0013947,1,1,0.13400625,0.8074259,0.058567856
train-u0013948,2,1,0.4430266,0.5116079,0.04536547
train-u0013949,2,2,0.22580588,0.19932275,0.57487136
train-u0013950,1,1,0.11827687,0.62495023,0.25677288
train-u0013951,1,1,0.2348394,0.52205753,0.24310303
train-u0013952,2,0,0.53857285,0.23985852,0.22156857
train-u0014005,2,2,0.16140695,0.14754601,0.6910471
train-u0014006,2,0,0.48741108,0.1529108,0.35967815
train-u0014007,1,1,0.2688793,0.7036975,0.027423294
train-u0014008,1,1,0.46111152,0.4672523,0.07163615
train-u0014009,0,0,0.4359707,0.23234878,0.33168057
train-u0014010,0,0,0.73392373,0.18059427,0.085482
train-u0014011,1,0,0.5974504,0.17250888,0.23004068
train-u0014012,0,0,0.46364,0.33033493,0.20602503
train-u0014013,1,2,0.2654943,0.18206403,0.55244166
train-u0014014,0,1,0.18103823,0.73156506,0.08739664
train-u0014015,0,1,0.32501972,0.4653001,0.20968017
train-u0014016,0,0,0.4578608,0.30443725,0.23770191
train-u0014301,0,1,0.24029158,0.5702382,0.1894702
train-u0014302,2,2,0.1216418,0.11632444,0.76203376
train-u0014303,0,0,0.42666936,0.41543013,0.15790053
train-u0014304,1,1,0.25097007,0.49674428,0.2522857
train-u0014305,1,0,0.49356017,0.4731392,0.03330054
train-u0014306,0,1,0.38113526,0.48714274,0.13172199
train-u0014407,2,2,0.30993897,0.08308038,0.6069807
train-u0014408,0,0,0.5280381,0.30766535,0.16429654
train-u0014409,0,0,0.558922,0.38544527,0.055632737
train-u0014410,0,2,0.33809763,0.117330074,0.54457235
train-u0014411,0,1,0.26390916,0.40631488,0.32977596
train-u0014412,0,0,0.47058627,0.3304272,0.19898655
train-u0014413,2,2,0.26843053,0.15001692,0.5815526
train-u0014414,0,1,0.37344572,0.48239014,0.14416414
train-u0014415,0,0,0.5691612,0.28875196,0.14208682
train-u0014463,0,2,0.1444422,0.08151489,0.7740429
train-u0014464,1,2,0.10077502,0.1434371,0.75578785
train-u0014465,0,1,0.23766135,0.63109183,0.13124673
train-u0014466,1,1,0.39495316,0.51348084,0.09156595
train-u0014467,1,1,0.26453355,0.579839,0.15562746
train-u0014468,1,0,0.44428048,0.42922005,0.1264995
train-u0014469,2,1,0.122547716,0.6345395,0.24291283
train-u0014498,1,1,0.14976227,0.74486136,0.10537633
train-u0014499,1,1,0.26910844,0.6259354,0.10495622
train-u0014500,1,0,0.7659725,0.18714538,0.046882164
train-u0014501,0,0,0.68566996,0.14328489,0.17104512
train-u0014502,1,1,0.20941488,0.59954786,0.19103727
train-u0014503,2,2,0.13706468,0.06472094,0.7982144
train-u0014509,0,0,0.47419092,0.36631575,0.15949333
train-u0014510,0,0,0.5607669,0.32629874,0.11293433
train-u0014511,1,1,0.29839408,0.46295646,0.23864947
train-u0014512,2,1,0.3169249,0.47038636,0.2126887
train-u0014513,1,1,0.082332194,0.88275176,0.034916095
train-u0014552,0,0,0.6347089,0.16420653,0.20108458
train-u0014553,0,1,0.22583222,0.59983546,0.17433228
train-u0014554,2,2,0.16350132,0.09012229,0.7463764
train-u0014555,2,2,0.084754325,0.11989449,0.7953512
train-u0014556,2,2,0.22963133,0.2883414,0.48202735
train-u0014566,2,2,0.123859435,0.40784684,0.46829376
train-u0014567,2,1,0.16504583,0.49199477,0.34295943
train-u0014568,0,2,0.24173884,0.24487916,0.513382
train-u0014569,0,0,0.62684655,0.24742348,0.12572998
train-u0014570,2,1,0.17555693,0.5101457,0.31429732
train-u0014571,0,2,0.1673607,0.07240789,0.76023144
train-u0014572,1,1,0.1268496,0.7183075,0.15484294
train-u0014573,1,1,0.17570618,0.76927996,0.05501387
train-u0014574,1,1,0.10532352,0.61089015,0.2837864
train-u0014575,1,1,0.08510178,0.8904691,0.024429113
train-u0014576,0,0,0.40498453,0.2849287,0.31008676
train-u0014577,1,1,0.0820956,0.83301306,0.08489135
train-u0014578,0,1,0.23373692,0.6222351,0.1440279
train-u0014579,1,2,0.1186212,0.29932582,0.58205295
train-u0014580,0,1,0.23707272,0.71544456,0.047482766
train-u0014581,1,1,0.12317036,0.70137453,0.17545511
train-u0014582,2,1,0.10426068,0.82200235,0.07373698
train-u0014583,1,1,0.0882941,0.81998235,0.0917236
train-u0014584,2,2,0.097678736,0.39705664,0.5052646
train-u0014585,0,2,0.4393572,0.083826475,0.47681636
train-u0014586,2,0,0.47580695,0.19334494,0.3308481
train-u0014587,2,0,0.42816812,0.17173167,0.40010017
train-u0014588,0,1,0.13793692,0.63810664,0.22395648
train-u0014736,1,0,0.5778092,0.3865871,0.035603724
train-u0014737,1,0,0.49504542,0.45477167,0.050182886
train-u0014738,2,0,0.6160689,0.16708326,0.21684782
train-u0014739,1,0,0.5568513,0.28654474,0.15660395
train-u0014740,1,0,0.54669225,0.2774405,0.17586724
train-u0014741,2,0,0.7641316,0.093310215,0.14255813
train-u0014742,1,1,0.22536315,0.69487983,0.07975704
train-u0014743,0,1,0.4428794,0.5004628,0.056657802
train-u0014744,0,0,0.8077712,0.092160806,0.10006795
train-u0014745,2,0,0.66470754,0.121889785,0.21340266
train-u0014746,2,0,0.47075397,0.10737717,0.4218688
train-u0014747,1,0,0.46853575,0.13021457,0.40124965
train-u0014748,0,0,0.6786966,0.20272736,0.11857612
train-u0014825,2,2,0.32226133,0.2789577,0.39878097
train-u0014826,1,1,0.18785106,0.76900417,0.043144792
train-u0014827,0,0,0.78180957,0.13693318,0.081257276
train-u0014828,0,2,0.20928678,0.29218036,0.4985328
train-u0014829,2,0,0.56495017,0.1719488,0.26310104
train-u0014846,1,1,0.22060637,0.59006333,0.18933034
train-u0014847,1,1,0.3947193,0.44787052,0.15741019
train-u0014848,1,1,0.12912492,0.7028179,0.16805726
train-u0014849,2,1,0.29955655,0.41377312,0.28667027
train-u0014850,1,0,0.5540084,0.21385428,0.23213728
train-u0014851,2,2,0.25896817,0.15531547,0.58571637
train-u0014852,1,0,0.3678535,0.316493,0.31565356
train-u0014853,0,0,0.7820938,0.07541975,0.14248633
train-u0014854,0,0,0.58433074,0.20070145,0.21496773
train-u0014931,2,1,0.40715852,0.43983483,0.15300666
train-u0014932,1,1,0.14383644,0.7024469,0.1537167
train-u0014933,1,2,0.1861824,0.30588672,0.50793093
train-u0014934,1,1,0.32134637,0.51820964,0.16044393
train-u0014935,2,2,0.10312051,0.08021709,0.8166624
train-u0014936,1,2,0.33868814,0.08706915,0.5742427
train-u0014937,0,0,0.45375532,0.16150011,0.3847446
train-u0014938,1,1,0.15898356,0.67471826,0.1662982
train-u0014989,1,1,0.28349558,0.3798282,0.33667615
train-u0014990,1,0,0.51608485,0.43500227,0.04891292
train-u0014991,2,1,0.31817627,0.46967617,0.2121475
train-u0014992,1,1,0.32075426,0.60861206,0.07063372
train-u0014993,1,1,0.22202452,0.6534336,0.12454193
train-u0015029,1,2,0.32256907,0.19231142,0.48511958
train-u0015030,1,1,0.21494716,0.6840799,0.100973
train-u0015031,1,1,0.128992,0.66837054,0.20263748
train-u0015032,2,1,0.25031316,0.6625844,0.087102465
train-u0015033,2,2,0.15026045,0.08176807,0.7679715
train-u0015102,2,2,0.39987558,0.16770628,0.43241808
train-u0015103,1,1,0.09185584,0.73841226,0.16973181
train-u0015104,2,1,0.12208937,0.7342118,0.14369878
train-u0015105,1,1,0.07366809,0.70016664,0.22616534
train-u0015106,1,1,0.42457533,0.4592616,0.11616304
train-u0015107,1,1,0.2970936,0.4610402,0.24186623
train-u0015108,0,0,0.44458956,0.1650355,0.390375
train-u0015109,1,0,0.48020488,0.33558077,0.18421432
train-u0015110,0,0,0.53542465,0.18025397,0.28432146
train-u0015111,1,1,0.27872056,0.47193906,0.24934039
train-u0015112,1,1,0.23073956,0.67404306,0.09521745
train-u0015113,1,1,0.11875438,0.7987796,0.082466036
train-u0015120,0,0,0.71403927,0.14127903,0.14468172
train-u0015121,1,2,0.36949834,0.2529945,0.37750718
train-u0015122,2,2,0.08440028,0.068264484,0.8473353
train-u0015123,1,2,0.1494302,0.24654903,0.6040207
train-u0015124,1,0,0.4765583,0.3788073,0.14463444
train-u0015125,1,1,0.19355153,0.66659725,0.13985114
train-u0015126,1,1,0.3607333,0.60292315,0.036343507
train-u0015127,1,1,0.08867178,0.7788062,0.13252199
train-u0015128,2,1,0.38025105,0.5088534,0.1108956
train-u0015129,1,1,0.07779419,0.6691479,0.25305787
train-u0015130,0,0,0.518876,0.34139606,0.13972796
train-u0015131,1,1,0.07531905,0.7682606,0.15642035
train-u0015132,1,1,0.06357179,0.8013561,0.13507217
train-u0015133,2,1,0.27594548,0.65659565,0.06745888
train-u0015187,1,1,0.3599219,0.5498646,0.09021352
train-u0015188,2,1,0.4377573,0.44792563,0.11431707
train-u0015189,0,0,0.41123027,0.34880102,0.23996869
train-u0015190,0,1,0.25577042,0.71051675,0.0337129
train-u0015191,2,1,0.25888902,0.5239317,0.2171793
train-u0015192,1,1,0.18401936,0.6747218,0.14125885
train-u0015193,2,2,0.17535943,0.15391181,0.6707287
train-u0015194,2,2,0.33634973,0.17055495,0.49309528
train-u0015195,1,1,0.28887302,0.6689533,0.04217367
train-u0015196,1,1,0.16213576,0.6279983,0.20986591
train-u0015197,1,1,0.20110516,0.68626094,0.112633884
train-u0015198,1,1,0.16322175,0.75292027,0.08385794
train-u0015199,2,1,0.1905503,0.6791451,0.13030463
train-u0015200,2,2,0.35493213,0.19646396,0.44860393
train-u0015279,2,2,0.08014748,0.120449565,0.7994029
train-u0015280,0,0,0.7664704,0.17183381,0.061695803
train-u0015281,0,0,0.45005217,0.17795537,0.37199244
train-u0015282,0,2,0.29066303,0.21451557,0.49482146
train-u0015283,2,2,0.15727736,0.32219908,0.5205235
train-u0015313,2,1,0.30590552,0.41580534,0.27828917
train-u0015314,2,1,0.16624731,0.5517587,0.28199404
train-u0015315,1,1,0.15252723,0.83271426,0.01475846
train-u0015316,1,1,0.14735988,0.7343112,0.11832892
train-u0015317,1,1,0.22924347,0.6514176,0.11933897
train-u0015318,0,1,0.20375164,0.670681,0.1255673
train-u0015319,0,1,0.2525862,0.62864244,0.11877129
train-u0015320,2,0,0.47959754,0.2740906,0.24631192
train-u0015321,1,1,0.114268914,0.7892181,0.09651295
train-u0015322,2,1,0.09685445,0.7517805,0.15136504
train-u0015323,1,1,0.08462897,0.8007063,0.11466466
train-u0015324,1,1,0.23273732,0.56272364,0.20453908
train-u0015325,1,1,0.11863397,0.7160983,0.16526775
train-u0015326,1,1,0.24198948,0.7009924,0.057018086
train-u0015327,1,1,0.36764407,0.5909971,0.04135883
train-u0015328,1,0,0.5628486,0.31707555,0.12007589
train-u0015420,1,1,0.31339648,0.5967458,0.08985782
train-u0015421,1,1,0.18019964,0.559396,0.2604043
train-u0015422,1,0,0.53516454,0.060251128,0.40458435
train-u0015423,1,1,0.22027504,0.7430616,0.036663335
train-u0015424,1,1,0.38652322,0.5731012,0.040375598
train-u0015425,1,1,0.13823196,0.7598779,0.1018901
train-u0015426,2,0,0.54367286,0.14996794,0.30635923
train-u0015427,1,1,0.10411481,0.8657365,0.030148735
train-u0015578,0,2,0.3288498,0.11035112,0.5607991
train-u0015579,1,1,0.1392753,0.53763884,0.32308587
train-u0015580,2,0,0.7627163,0.17960475,0.057678938
train-u0015581,0,2,0.40930083,0.13181461,0.45888457
train-u0015582,0,0,0.45523447,0.31536403,0.22940154
train-u0015583,1,0,0.7145431,0.18777746,0.09767941
train-u0015584,1,0,0.44816393,0.36873752,0.18309858
train-u0015585,0,0,0.71731305,0.13833866,0.14434831
train-u0015586,0,0,0.81253296,0.08153196,0.10593512
train-u0015587,1,1,0.3324534,0.45235252,0.21519403
train-u0015632,1,1,0.14494586,0.47910246,0.37595165
train-u0015633,2,1,0.15452573,0.6069382,0.23853606
train-u0015634,1,1,0.18438476,0.4904585,0.32515678
train-u0015635,1,1,0.12859549,0.81563,0.05577448
train-u0015636,2,2,0.2696341,0.31973603,0.4106298
train-u0015682,1,1,0.40326068,0.54804295,0.048696347
train-u0015683,1,1,0.2589485,0.44814205,0.29290938
train-u0015684,2,0,0.8004206,0.16149285,0.038086504
train-u0015685,0,1,0.20177947,0.48395702,0.31426352
train-u0015686,2,2,0.16363989,0.4166163,0.41974387
train-u0015687,2,2,0.2531617,0.068154834,0.67868346
train-u0015688,2,2,0.22551829,0.07319935,0.7012824
train-u0015689,2,2,0.29227692,0.06643413,0.64128894
train-u0015690,0,2,0.37002197,0.05862553,0.57135254
train-u0015691,2,2,0.18894364,0.11905712,0.6919992
train-u0015692,1,2,0.3961609,0.108081296,0.49575782
train-u0015693,0,0,0.4227813,0.25305903,0.32415968
train-u0015694,0,0,0.5776423,0.15842266,0.26393494
train-u0015695,1,1,0.20157947,0.42036495,0.37805563
train-u0015696,2,2,0.25109473,0.14146383,0.6074414
train-u0015697,2,1,0.21941745,0.510615,0.26996756
train-u0015698,1,1,0.2938952,0.50311035,0.20299453
train-u0015708,0,1,0.21935768,0.64608127,0.13456106
train-u0015709,1,1,0.42841417,0.5062146,0.06537115
train-u0015710,1,0,0.46813476,0.3520036,0.17986168
train-u0015711,0,0,0.7664419,0.17140771,0.062150363
train-u0015712,1,0,0.7616178,0.16988191,0.06850031
train-u0015713,1,0,0.4702294,0.35750017,0.17227052
train-u0015714,0,0,0.73458594,0.20465164,0.0607624
train-u0015715,1,1,0.11811147,0.74161834,0.14027017
train-u0015716,1,0,0.49616733,0.4683922,0.035440497
train-u0015717,1,1,0.08854852,0.57239527,0.33905616
train-u0015718,1,1,0.13176315,0.6177905,0.25044638
train-u0015719,1,1,0.28583956,0.40559074,0.30856973
train-u0015720,1,1,0.043849144,0.92013484,0.036016077
train-u0015721,2,1,0.21618855,0.67874986,0.105061516
train-u0015745,2,2,0.3703336,0.2042703,0.42539605
train-u0015746,2,2,0.227832,0.27508128,0.4970868
train-u0015747,2,2,0.368015,0.12827867,0.5037064
train-u0015748,2,0,0.50477695,0.22044179,0.27478123
train-u0015749,0,0,0.4822581,0.13208528,0.3856566
train-u0015750,2,2,0.07454005,0.07232422,0.8531357
train-u0015751,0,2,0.33406132,0.24127527,0.42466336
train-u0015752,2,2,0.23884207,0.13625495,0.624903
train-u0015753,2,2,0.38579935,0.21838346,0.39581716
train-u0015754,1,1,0.28268266,0.55033517,0.16698225
train-u0015755,2,2,0.39692107,0.15418424,0.44889474
train-u0015756,2,1,0.28797796,0.40441886,0.30760324
train-u0015757,1,0,0.38299376,0.36694515,0.25006112
train-u0015758,2,2,0.08337768,0.039156117,0.87746614
train-u0015786,0,1,0.36883885,0.5851617,0.04599939
train-u0015787,0,1,0.08695311,0.8146407,0.09840617
train-u0015788,1,1,0.28781703,0.6125969,0.09958604
train-u0015789,1,0,0.4175816,0.33943972,0.24297868
train-u0015790,1,1,0.23236868,0.58619046,0.1814409
train-u0015791,1,1,0.117503144,0.79104066,0.09145613
train-u0015792,1,1,0.16428411,0.747229,0.08848689
train-u0015793,1,1,0.23742446,0.5913208,0.17125472
train-u0015794,1,1,0.053524364,0.9066656,0.03980998
train-u0015795,0,0,0.61219734,0.3291527,0.058649905
train-u0015796,0,1,0.23988904,0.66082036,0.09929063
train-u0015797,2,1,0.30490375,0.5326097,0.16248652
train-u0015811,1,1,0.21792778,0.5051134,0.27695873
train-u0015812,1,0,0.62883157,0.22802632,0.14314213
train-u0015813,1,1,0.29633117,0.40945044,0.2942183
train-u0015814,0,2,0.15569778,0.40199128,0.44231093
train-u0015815,0,2,0.26697677,0.2510083,0.48201492
train-u0015816,2,2,0.12301471,0.21366379,0.6633215
train-u0015817,0,0,0.4673292,0.19395801,0.33871278
train-u0015818,0,1,0.4617621,0.5064172,0.03182067
train-u0015819,0,0,0.6976521,0.21393101,0.08841693
train-u0015820,1,1,0.117190756,0.56622964,0.31657955
train-u0015821,1,1,0.06217286,0.60681176,0.33101538
train-u0015822,0,1,0.076271676,0.540843,0.38288537
train-u0015856,2,2,0.26136842,0.23025618,0.50837535
train-u0015857,2,2,0.10612753,0.0740508,0.81982166
train-u0015858,2,1,0.0628404,0.79101986,0.14613973
train-u0015859,1,1,0.10940979,0.7676581,0.12293209
train-u0015860,2,0,0.5177457,0.23196858,0.2502857
train-u0015861,2,1,0.14198092,0.54844546,0.30957365
train-u0015862,2,2,0.15600286,0.37136868,0.47262853
train-u0015863,2,2,0.31540638,0.30868956,0.37590402
train-u0015869,1,1,0.13216634,0.7559886,0.11184515
train-u0015870,1,1,0.21134432,0.4127881,0.3758676
train-u0015871,1,0,0.57043344,0.37745515,0.052111402
train-u0015872,2,2,0.45551774,0.064062595,0.48041967
train-u0015873,0,1,0.32506,0.59139395,0.08354604
train-u0015874,1,1,0.29706725,0.5422009,0.16073184
train-u0015875,2,2,0.23082167,0.10694331,0.662235
train-u0015876,2,2,0.18562706,0.25887394,0.555499
train-u0015877,1,1,0.07400687,0.6020355,0.32395753
train-u0015878,1,1,0.13431184,0.71378416,0.1519039
train-u0015886,2,2,0.38801745,0.06169819,0.5502843
train-u0015887,0,2,0.21588457,0.3133432,0.47077227
train-u0015888,2,2,0.14662518,0.069789946,0.78358483
train-u0015889,2,2,0.18882054,0.17935783,0.63182163
train-u0015890,2,2,0.1274572,0.299464,0.57307875
train-u0015891,1,0,0.4729988,0.2469425,0.28005874
train-u0015892,2,0,0.6193111,0.17757623,0.20311265
train-u0015893,2,2,0.2438967,0.12648039,0.6296229
train-u0015894,1,2,0.10088504,0.27715993,0.6219551
train-u0015895,1,1,0.17886592,0.59497565,0.22615851
train-u0015896,0,2,0.1657848,0.41136748,0.4228477
train-u0015897,0,2,0.19774517,0.27878824,0.5234665
train-u0015905,1,1,0.28857714,0.66807926,0.04334362
train-u0015906,1,2,0.13515434,0.16832866,0.69651705
train-u0015907,1,0,0.45323542,0.32696235,0.21980223
train-u0015908,2,1,0.22139113,0.43620226,0.34240663
train-u0015909,2,2,0.26326662,0.24214406,0.49458933
train-u0015910,2,0,0.40031585,0.22205573,0.37762845
train-u0015911,0,0,0.77831626,0.1161559,0.10552777
train-u0015912,0,2,0.19474986,0.09287712,0.712373
train-u0015913,0,2,0.19153656,0.13131636,0.6771471
train-u0015914,0,2,0.2769763,0.3579674,0.3650563
train-u0015915,2,2,0.1368347,0.096889704,0.7662756
train-u0015916,2,1,0.22837757,0.6702928,0.10132963
train-u0015917,2,2,0.3089539,0.32716322,0.36388287
train-u0015918,0,0,0.48021066,0.24776116,0.27202815
train-u0015919,0,2,0.17890187,0.12262133,0.69847673
train-u0015920,1,1,0.17604762,0.7154155,0.10853692
train-u0015926,1,1,0.32599258,0.38590002,0.28810737
train-u0015927,0,0,0.5853685,0.1706442,0.24398725
train-u0015928,1,2,0.16658907,0.08584601,0.7475649
train-u0015929,2,1,0.3053696,0.42334482,0.27128556
train-u0015930,2,0,0.5050166,0.15630056,0.33868283
train-u0015931,2,0,0.38414338,0.3378641,0.2779925
train-u0015932,0,0,0.4926579,0.41911736,0.08822474
train-u0015933,0,2,0.45170605,0.072388195,0.4759057
train-u0015934,0,0,0.77145433,0.051542837,0.1770028
train-u0015993,0,0,0.679647,0.1957949,0.12455811
train-u0015994,0,0,0.54665154,0.35137945,0.101969056
train-u0015995,0,1,0.3218144,0.4372193,0.24096636
train-u0015996,0,1,0.31951165,0.41422966,0.2662587
train-u0015997,0,0,0.55980283,0.28899312,0.15120406
train-u0016042,2,2,0.3707017,0.24432741,0.38497087
train-u0016043,2,2,0.2501354,0.057323962,0.6925406
train-u0016044,0,0,0.9100428,0.05444133,0.03551591
train-u0016045,2,2,0.31774297,0.08881388,0.5934431
train-u0016046,2,0,0.5916034,0.32870504,0.07969156
train-u0016047,2,2,0.24537212,0.12864763,0.62598026
train-u0016048,0,1,0.3541708,0.4280717,0.21775754
train-u0016049,0,0,0.41689426,0.2443276,0.3387781
train-u0016059,2,2,0.28706655,0.264551,0.44838235
train-u0016060,0,0,0.59450287,0.32546103,0.08003606
train-u0016061,0,0,0.65445733,0.23547897,0.11006365
train-u0016062,0,1,0.38074538,0.40310106,0.21615356
train-u0016063,0,2,0.28755438,0.065553285,0.64689237
train-u0016064,2,2,0.24846454,0.36763483,0.3839006
train-u0016065,2,0,0.6193363,0.08248602,0.29817763
train-u0016066,2,2,0.21542087,0.065164775,0.71941435
train-u0016129,2,0,0.55296814,0.06705209,0.37997976
train-u0016130,0,0,0.4908843,0.18715724,0.32195842
train-u0016131,0,0,0.6197905,0.0544972,0.32571235
train-u0016132,2,1,0.3625288,0.4243239,0.21314731
train-u0016133,1,1,0.1013073,0.77385753,0.1248352
train-u0016134,2,2,0.4278642,0.09205578,0.48008007
train-u0016135,0,2,0.37758726,0.19954036,0.42287242
train-u0016155,0,0,0.46869436,0.40506202,0.12624368
train-u0016156,1,2,0.18490314,0.19398017,0.6211167
train-u0016157,1,1,0.093182154,0.7252913,0.1815266
train-u0016158,2,2,0.16657047,0.075527005,0.75790256
train-u0016159,2,1,0.13205585,0.69514656,0.17279758
train-u0016160,1,1,0.28716543,0.6378598,0.074974716
train-u0016161,1,1,0.08470924,0.66139036,0.25390035
train-u0016162,0,0,0.39773405,0.21703325,0.3852327
train-u0016163,1,2,0.10205778,0.43800563,0.45993665
train-u0016164,1,1,0.38877454,0.45562622,0.15559925
train-u0016165,2,2,0.26738697,0.104183175,0.6284299
train-u0016166,2,2,0.20448375,0.15544538,0.64007086
train-u0016204,1,1,0.0931945,0.8214783,0.08532716
train-u0016205,1,1,0.09170836,0.6224618,0.28582987
train-u0016206,2,1,0.14300562,0.6120167,0.24497767
train-u0016207,2,1,0.12829825,0.5838013,0.28790045
train-u0016208,1,1,0.122233614,0.6316823,0.2460841
train-u0016209,2,2,0.30896965,0.16584796,0.52518237
train-u0016210,2,0,0.4159247,0.40962732,0.174448
train-u0016237,1,1,0.11951322,0.75748277,0.123004
train-u0016238,1,1,0.067381315,0.8292741,0.10334446
train-u0016239,1,1,0.116189405,0.7109408,0.17286979
train-u0016240,1,1,0.2648184,0.68192136,0.053260237
train-u0016241,1,1,0.09702974,0.70639986,0.1965704
train-u0016242,0,0,0.5140632,0.3706833,0.11525361
train-u0016243,2,1,0.2585488,0.63473487,0.106716365
train-u0016244,2,0,0.5250624,0.1646175,0.31032014
train-u0016245,2,2,0.14859346,0.081780694,0.76962584
train-u0016246,2,0,0.6262851,0.08390468,0.28981015
train-u0016247,1,0,0.59762603,0.17249098,0.22988303
train-u0016248,2,0,0.52709234,0.10347546,0.36943215
train-u0016249,2,2,0.19358009,0.2420487,0.5643713
train-u0016250,2,0,0.4808698,0.29751155,0.22161865
train-u0016251,2,1,0.40874636,0.48621574,0.105037965
train-u0016252,2,1,0.3382628,0.43124124,0.23049593
train-u0016253,1,1,0.1566242,0.442579,0.4007968
train-u0016254,2,2,0.13133794,0.34521553,0.5234465
train-u0016255,1,2,0.12123692,0.25421485,0.6245482
train-u0016351,1,1,0.2067264,0.7216572,0.07161636
train-u0016352,0,0,0.6984007,0.10981948,0.19177988
train-u0016353,1,2,0.18487902,0.33914104,0.47597995
train-u0016354,0,0,0.5076112,0.3218925,0.17049628
train-u0016355,1,1,0.19798192,0.61131936,0.19069873
train-u0016356,1,1,0.2753387,0.6577551,0.06690624
train-u0016357,1,1,0.23276086,0.6593944,0.10784475
train-u0016358,1,0,0.7583859,0.16462106,0.07699297
train-u0016359,1,1,0.09722837,0.8454226,0.05734907
train-u0016360,2,1,0.3902931,0.46976644,0.13994044
train-u0016361,1,1,0.34177586,0.36073983,0.29748434
train-u0016362,1,1,0.2555005,0.6313137,0.11318576
train-u0016363,2,1,0.076896355,0.5829205,0.34018314
train-u0016364,1,2,0.226935,0.19960687,0.5734581
train-u0016365,1,1,0.077042796,0.9028168,0.020140452
train-u0016366,1,1,0.15037343,0.5883028,0.26132378
train-u0016367,1,1,0.2069188,0.6854955,0.10758565
train-u0016399,0,0,0.80864155,0.15957966,0.03177884
train-u0016400,1,1,0.2981313,0.5984062,0.103462555
train-u0016401,1,0,0.5482209,0.39904284,0.05273639
train-u0016402,2,2,0.16676712,0.28217202,0.55106086
train-u0016403,1,1,0.20522046,0.63592404,0.15885551
train-u0016404,1,1,0.11774539,0.77810216,0.10415251
train-u0016405,0,1,0.39946994,0.41079214,0.18973792
train-u0016406,0,2,0.31635436,0.15059231,0.53305334
train-u0016407,1,1,0.110451356,0.81844264,0.0711061
train-u0016408,1,1,0.23446983,0.68017477,0.0853553
train-u0016409,0,0,0.49139476,0.22692205,0.28168315
train-u0016410,1,1,0.30396032,0.5465585,0.14948125
train-u0016411,1,1,0.19349083,0.73097366,0.07553545
train-u0016544,1,1,0.15827341,0.6472102,0.19451639
train-u0016545,0,1,0.110604405,0.7577536,0.13164206
train-u0016546,0,0,0.4030535,0.36739656,0.22954997
train-u0016547,1,1,0.08028707,0.85391456,0.06579834
train-u0016548,1,1,0.24567173,0.6942218,0.06010648
train-u0016549,1,0,0.67542434,0.17365889,0.15091679
train-u0016550,0,1,0.37726364,0.42800042,0.19473597
train-u0016627,1,1,0.12016522,0.7215859,0.15824892
train-u0016628,1,0,0.3504308,0.33154425,0.31802496
train-u0016629,2,1,0.31250268,0.36851904,0.3189783
train-u0016630,1,1,0.05942986,0.9116145,0.028955666
train-u0016631,1,1,0.111508995,0.77680063,0.11169037
train-u0016632,1,0,0.48021495,0.22669475,0.29309037
train-u0016687,1,1,0.25882584,0.58156,0.15961418
train-u0016688,2,1,0.26531646,0.36945245,0.36523104
train-u0016689,1,1,0.3461638,0.58052725,0.073308975
train-u0016690,0,0,0.5676941,0.33576167,0.096544206
train-u0016691,1,1,0.107539415,0.7726414,0.11981915
train-u0016692,2,1,0.23484932,0.7176244,0.04752637
train-u0016693,1,1,0.27066675,0.41813645,0.3111969
train-u0016694,2,0,0.5423952,0.26081717,0.1967877
train-u0016695,1,1,0.11189043,0.8270608,0.061048783
train-u0016696,1,0,0.44944447,0.447575,0.102980494
train-u0016697,1,0,0.5178917,0.20990942,0.27219886
train-u0016698,2,1,0.23997778,0.66216356,0.09785865
train-u0016699,0,2,0.17611253,0.23388176,0.5900057
train-u0016705,1,1,0.10866018,0.83089787,0.06044193
train-u0016706,1,1,0.23880956,0.5378798,0.22331057
train-u0016707,1,1,0.32227635,0.60221535,0.07550829
train-u0016708,2,0,0.5561624,0.28196514,0.16187245
train-u0016709,2,1,0.08295429,0.68265057,0.23439524
train-u0016837,2,2,0.09741003,0.07852342,0.8240666
train-u0016838,2,0,0.4295206,0.19185407,0.37862527
train-u0016839,1,1,0.15431152,0.7231648,0.122523636
train-u0016840,2,2,0.20088136,0.1386715,0.6604471
train-u0016841,2,2,0.16227354,0.09808871,0.73963773
train-u0016858,0,0,0.8931893,0.054143187,0.05266752
train-u0016859,1,1,0.14795917,0.78165746,0.07038343
train-u0016860,2,2,0.13650048,0.043819886,0.8196796
train-u0016861,1,2,0.29958463,0.18469173,0.51572365
train-u0016862,1,0,0.69084287,0.0711902,0.23796692
train-u0016863,0,0,0.49102435,0.16650891,0.34246668
train-u0016879,1,0,0.73367316,0.10797443,0.15835242
train-u0016880,1,0,0.65612215,0.14028034,0.20359753
train-u0016881,1,0,0.37780344,0.27609783,0.34609872
train-u0016882,1,2,0.24721855,0.13154304,0.6212384
train-u0016883,2,2,0.33956385,0.25431374,0.4061225
train-u0016884,1,2,0.17787816,0.31263456,0.5094873
train-u0016885,2,0,0.50194454,0.16722089,0.3308345
train-u0016886,2,2,0.20527719,0.22773032,0.5669925
train-u0016903,2,1,0.08278183,0.8511891,0.06602917
train-u0016904,1,1,0.08492621,0.85056347,0.06451039
train-u0016905,2,1,0.2233191,0.6491132,0.12756768
train-u0016906,1,1,0.0823177,0.8419359,0.07574644
train-u0016907,2,1,0.37259597,0.39276505,0.23463906
train-u0016919,1,2,0.42239276,0.09407502,0.48353228
train-u0016920,1,1,0.2953424,0.6079097,0.09674796
train-u0016921,1,1,0.3659533,0.516773,0.117273755
train-u0016922,0,0,0.48040515,0.109804854,0.40979004
train-u0016923,1,0,0.37549263,0.29913408,0.3253733
train-u0016924,1,1,0.27429342,0.5181658,0.20754072
train-u0016925,0,0,0.80966073,0.15467215,0.035667174
train-u0016926,2,2,0.26489508,0.29531822,0.4397866
train-u0016927,0,2,0.32057565,0.15026654,0.52915776
train-u0016928,1,1,0.18829928,0.4366226,0.37507814
train-u0016929,1,1,0.114618696,0.83317876,0.05220252
train-u0016930,0,1,0.40900183,0.48502555,0.10597261
train-u0016931,2,2,0.28491306,0.08375283,0.63133407
train-u0016932,1,1,0.11711496,0.8389822,0.043902818
train-u0016933,1,0,0.49127242,0.19804397,0.31068364
train-u0016934,1,0,0.525632,0.37809917,0.09626876
train-u0017009,2,0,0.43115932,0.19699554,0.37184525
train-u0017010,0,1,0.45881402,0.4736881,0.06749788
train-u0017011,1,0,0.43701023,0.3772785,0.18571131
train-u0017012,2,1,0.21876575,0.69892466,0.08230956
train-u0017013,1,1,0.18113957,0.74787134,0.070989154
train-u0017014,1,2,0.18162735,0.22772507,0.5906475
train-u0017015,1,1,0.077203944,0.8674637,0.055332355
train-u0017176,2,0,0.37106037,0.2879713,0.3409683
train-u0017177,0,0,0.70561475,0.2154455,0.07893972
train-u0017178,1,1,0.10931873,0.69114846,0.19953272
train-u0017179,0,0,0.66186595,0.08152585,0.25660825
train-u0017180,0,0,0.7452431,0.12924941,0.12550755
train-u0017181,0,0,0.5724418,0.15407215,0.27348596
train-u0017182,0,0,0.5056366,0.30256757,0.19179589
train-u0017183,2,2,0.22373861,0.079511546,0.6967498
train-u0017184,1,2,0.22919212,0.12373449,0.6470734
train-u0017185,1,2,0.30897072,0.24650235,0.4445269
train-u0017186,2,1,0.22802725,0.5456444,0.22632834
train-u0017187,2,1,0.38120425,0.44777444,0.17102136
train-u0017188,0,1,0.39617246,0.47714043,0.1266871
train-u0017189,2,0,0.64473736,0.20679946,0.14846319
train-u0017190,1,1,0.22649191,0.72567606,0.047831994
train-u0017191,1,1,0.1213505,0.68516284,0.1934866
train-u0017192,1,1,0.19552185,0.65481436,0.14966378
train-u0017193,2,1,0.17639127,0.5799869,0.24362183
train-u0017194,1,1,0.18034811,0.62038183,0.19927016
train-u0017195,1,2,0.21077885,0.3420294,0.4471918
train-u0017196,0,0,0.62950647,0.13791016,0.2325834
train-u0017197,1,1,0.1766716,0.70233387,0.12099466
train-u0017198,1,1,0.38941574,0.46262047,0.14796375
train-u0017381,0,0,0.47400334,0.33996347,0.18603313
train-u0017382,1,0,0.719064,0.10557331,0.17536266
train-u0017383,1,1,0.15056007,0.6707837,0.17865632
train-u0017384,2,1,0.37647274,0.44765687,0.17587042
train-u0017385,1,1,0.13931835,0.8103614,0.05032026
train-u0017386,2,1,0.30011588,0.4229798,0.27690428
train-u0017387,2,0,0.3868441,0.29166785,0.32148808
train-u0017388,0,1,0.28302288,0.5762434,0.14073372
train-u0017389,0,2,0.4102127,0.15514073,0.4346466
train-u0017390,0,0,0.40783873,0.33474135,0.25741997
train-u0017391,1,1,0.32302728,0.648572,0.028400617
train-u0017392,0,0,0.4965688,0.23894365,0.2644876
train-u0017393,0,2,0.19991152,0.06683365,0.7332548
train-u0017394,2,0,0.46736494,0.2996923,0.23294277
train-u0017395,1,1,0.33741283,0.61381185,0.048775308
train-u0017396,1,1,0.19177358,0.65580726,0.1524192
train-u0017397,1,1,0.30464807,0.38826665,0.30708528
train-u0017398,1,0,0.4297329,0.38146493,0.18880212
train-u0017399,0,2,0.36648092,0.10785071,0.5256683
train-u0017400,1,0,0.5099695,0.47268766,0.017342912
train-u0017443,1,1,0.33527717,0.45548993,0.20923288
train-u0017444,2,2,0.13314421,0.42361036,0.4432454
train-u0017445,0,0,0.72018,0.092575386,0.18724467
train-u0017446,2,2,0.27191666,0.13137254,0.5967108
train-u0017447,2,1,0.2387403,0.46021882,0.30104086
train-u0017448,2,2,0.17077692,0.049349807,0.7798733
train-u0017449,2,2,0.11356893,0.0890928,0.7973383
train-u0017457,1,0,0.3620861,0.30921686,0.32869694
train-u0017458,1,1,0.3190059,0.48554903,0.1954451
train-u0017459,0,2,0.3419521,0.12809573,0.52995217
train-u0017460,2,0,0.48396468,0.13452941,0.38150588
train-u0017461,1,1,0.20010786,0.77574396,0.02414819
train-u0017462,0,1,0.20182091,0.60021853,0.19796054
train-u0017463,1,1,0.3172888,0.640094,0.042617276
train-u0017464,2,1,0.14395016,0.7669484,0.08910139
train-u0017465,2,2,0.34403354,0.17192262,0.48404387
train-u0017466,1,1,0.19376469,0.688551,0.11768428
train-u0017475,2,2,0.27573025,0.16283183,0.5614379
train-u0017476,2,2,0.12592156,0.14548081,0.7285976
train-u0017477,0,1,0.27245253,0.68493223,0.042615272
train-u0017478,0,2,0.16139069,0.15043439,0.68817484
train-u0017479,1,1,0.32659528,0.47817534,0.19522938
train-u0017480,1,1,0.22221409,0.66776234,0.1100236
train-u0017481,1,1,0.2177906,0.74074215,0.04146725
train-u0017482,1,1,0.35297784,0.442725,0.20429714
train-u0017483,0,0,0.60305417,0.26525316,0.13169274
train-u0017484,0,0,0.49298257,0.19592766,0.31108975
train-u0017485,0,0,0.394043,0.34935504,0.25660196
train-u0017486,1,1,0.09705633,0.66844046,0.23450327
train-u0017487,0,0,0.6284064,0.20386684,0.16772673
train-u0017553,1,1,0.2542915,0.6747879,0.07092065
train-u0017554,2,1,0.078827634,0.73107415,0.19009814
train-u0017555,2,2,0.0942112,0.07138786,0.83440095
train-u0017556,2,0,0.5217461,0.2528998,0.2253541
train-u0017557,2,2,0.1798439,0.17883275,0.6413233
train-u0017558,2,1,0.10342953,0.7311555,0.1654149
train-u0017559,1,1,0.19562191,0.44658777,0.35779032
train-u0017575,2,0,0.44298473,0.20935254,0.34766266
train-u0017576,0,2,0.1250784,0.39164692,0.4832747
train-u0017577,2,2,0.20804735,0.14539328,0.6465594
train-u0017578,0,0,0.54757196,0.27883005,0.17359793
train-u0017579,1,1,0.15438625,0.6653391,0.18027465
train-u0017580,2,2,0.1455483,0.28430438,0.5701473
train-u0017581,1,1,0.16632378,0.5533672,0.28030905
train-u0017582,2,1,0.1966067,0.61234325,0.19105004
train-u0017583,2,1,0.1257199,0.70098966,0.17329042
train-u0017584,2,1,0.14167361,0.7349023,0.12342403
train-u0017585,1,1,0.2613799,0.54026324,0.19835685
train-u0017586,1,0,0.52763253,0.1573873,0.3149802
train-u0017605,2,0,0.5352743,0.31598085,0.14874487
train-u0017606,2,1,0.13996612,0.5220107,0.3380232
train-u0017607,2,1,0.2870315,0.4257747,0.28719375
train-u0017608,1,1,0.0557793,0.89753884,0.046681903
train-u0017609,1,1,0.06539535,0.8452654,0.089339316
train-u0017610,2,2,0.2367449,0.371095,0.39216006
train-u0017611,2,1,0.15577194,0.58305526,0.26117286
train-u0017612,2,2,0.30985913,0.33399427,0.3561466
train-u0017613,0,1,0.28503892,0.40890184,0.3060592
train-u0017628,2,2,0.14553046,0.40130186,0.4531677
train-u0017629,1,1,0.104893364,0.59734637,0.29776028
train-u0017630,1,1,0.25317731,0.3987014,0.34812132
train-u0017631,0,0,0.4983117,0.20588358,0.29580474
train-u0017632,2,1,0.1422184,0.71981776,0.13796379
train-u0017633,0,2,0.221339,0.12348974,0.6551713
train-u0017634,2,2,0.12712722,0.24943525,0.6234375
train-u0017635,2,1,0.17916246,0.46756047,0.3532771
train-u0017636,2,1,0.16416423,0.71388215,0.121953584
train-u0017637,0,0,0.5140859,0.09231616,0.393598
train-u0017638,2,1,0.28102142,0.5941561,0.124822505
train-u0017639,1,1,0.39310047,0.57259774,0.034301803
train-u0017640,1,1,0.32469708,0.44166216,0.23364073
train-u0017641,0,1,0.40875322,0.45509487,0.13615195
train-u0017642,0,0,0.61698234,0.21458702,0.1684306
train-u0017643,1,0,0.4301176,0.4170458,0.15283653
train-u0017644,1,1,0.19209912,0.44056335,0.36733755
train-u0017707,2,2,0.20647916,0.16993283,0.623588
train-u0017708,2,2,0.32496062,0.18024388,0.49479547
train-u0017709,0,2,0.41178754,0.100434095,0.4877784
train-u0017710,2,2,0.34191805,0.13258216,0.52549976
train-u0017711,2,1,0.2088873,0.7334031,0.057709575
train-u0017712,2,2,0.09576478,0.24139617,0.662839
train-u0017713,2,2,0.26945138,0.1632136,0.56733507
train-u0017714,0,2,0.39533705,0.13674672,0.4679162
train-u0017715,1,0,0.49621823,0.28645277,0.21732904
train-u0017726,2,0,0.5029294,0.22586475,0.27120587
train-u0017727,2,2,0.34857967,0.18035421,0.47106612
train-u0017728,2,0,0.8903222,0.073571295,0.036106482
train-u0017729,0,2,0.20059022,0.06336901,0.7360408
train-u0017730,2,2,0.28004545,0.1763407,0.5436138
train-u0017731,2,2,0.16952296,0.18143173,0.64904535
train-u0017732,2,0,0.3817937,0.31297418,0.30523208
train-u0017733,2,0,0.68479234,0.13984205,0.17536564
train-u0017734,1,1,0.14557971,0.4337478,0.42067242
train-u0017735,1,1,0.12666205,0.53593767,0.33740032
train-u0017736,2,2,0.34563383,0.2053357,0.4490305
train-u0017737,2,2,0.2215988,0.21144105,0.5669601
train-u0017738,2,2,0.18346918,0.23786646,0.57866436
train-u0017739,2,2,0.10866681,0.16909648,0.72223675
train-u0017740,2,1,0.33577752,0.5562786,0.10794386
train-u0017886,2,0,0.54316443,0.21529259,0.24154292
train-u0017887,0,0,0.45926014,0.29202315,0.24871667
train-u0017888,1,1,0.22098355,0.58578897,0.19322753
train-u0017889,1,1,0.15197189,0.45802242,0.3900057
train-u0017890,2,0,0.41502327,0.2224015,0.36257523
train-u0017891,2,0,0.44381583,0.3776902,0.17849396
train-u0017892,2,1,0.23824431,0.50728285,0.25447288
train-u0017898,2,1,0.38333893,0.4317792,0.18488191
train-u0017899,2,0,0.535921,0.2560423,0.20803678
train-u0017900,1,0,0.678732,0.16737379,0.15389422
train-u0017901,0,0,0.6047332,0.15249127,0.24277547
train-u0017902,1,2,0.2952074,0.23158778,0.47320482
train-u0017903,2,0,0.43836424,0.19672567,0.36491007
train-u0017904,1,1,0.27167532,0.57175255,0.15657215
train-u0017905,0,0,0.78102773,0.052542012,0.1664303
train-u0017906,2,0,0.51443326,0.3568443,0.12872238
train-u0017907,1,1,0.41430283,0.5039901,0.08170705
train-u0017908,2,0,0.5619235,0.29336458,0.14471194
train-u0017909,1,0,0.6189902,0.29748535,0.08352448
train-u0017910,1,1,0.36651784,0.5679611,0.06552109
train-u0017923,0,0,0.6498189,0.097607434,0.2525736
train-u0017924,1,0,0.5363073,0.38180867,0.081884146
train-u0017925,1,0,0.5372265,0.28110048,0.18167305
train-u0017926,0,0,0.4960027,0.31538486,0.18861245
train-u0017927,2,0,0.53331023,0.3745966,0.09209317
train-u0017928,0,0,0.6148343,0.164966,0.22019969
train-u0018021,0,0,0.6046516,0.24704692,0.14830157
train-u0018022,2,2,0.13829292,0.22520073,0.63650626
train-u0018023,1,1,0.16873491,0.71475875,0.11650634
train-u0018024,1,0,0.45240492,0.42197812,0.125617
train-u0018025,0,0,0.6666382,0.09756712,0.23579463
train-u0018026,0,2,0.2507045,0.31503782,0.43425766
train-u0018027,1,1,0.40295133,0.53795844,0.059090205
train-u0018028,2,1,0.19512852,0.63518417,0.16968727
train-u0018029,2,1,0.24809869,0.54789585,0.2040055
train-u0018030,2,1,0.12844804,0.7489526,0.1225993
train-u0018031,1,1,0.08869582,0.83675385,0.07455032
train-u0018032,2,1,0.18355165,0.5699598,0.24648851
train-u0018033,0,0,0.773372,0.13116649,0.095461585
train-u0018034,0,0,0.58241016,0.29840496,0.11918494
train-u0018035,0,0,0.5149314,0.3372502,0.14781839
train-u0018036,2,1,0.22576053,0.5588372,0.2154023
train-u0018037,2,1,0.1219686,0.4913107,0.38672078
train-u0018038,2,1,0.27749074,0.5985689,0.12394036
train-u0018039,2,2,0.11874409,0.22103015,0.66022575
train-u0018040,1,1,0.24050322,0.548218,0.21127878
train-u0018041,1,1,0.20866553,0.6862629,0.1050715
train-u0018042,2,1,0.24220826,0.39131683,0.3664749
train-u0018043,2,2,0.39575657,0.1800469,0.42419654
train-u0018044,2,1,0.40447223,0.44792876,0.14759904
train-u0018045,2,1,0.1318368,0.68689525,0.1812679
train-u0018046,0,0,0.75875974,0.15530801,0.085932225
train-u0018047,1,1,0.24989855,0.6356063,0.114495195
train-u0018096,1,1,0.12131822,0.8145904,0.06409144
train-u0018097,1,2,0.22485103,0.35689995,0.418249
train-u0018098,1,1,0.3983243,0.5396963,0.06197942
train-u0018099,2,2,0.20652473,0.30029827,0.4931769
train-u0018100,2,1,0.11768465,0.46524292,0.4170725
train-u0018101,2,2,0.19812536,0.050396435,0.7514782
train-u0018102,1,1,0.10617959,0.60482055,0.28899983
train-u0018103,1,0,0.52569824,0.3174668,0.15683505
train-u0018104,0,0,0.6998844,0.10329813,0.19681749
train-u0018105,1,1,0.3540971,0.46639815,0.17950477
train-u0018275,1,1,0.39481297,0.5865269,0.018660154
train-u0018276,2,0,0.4475429,0.11487125,0.43758586
train-u0018277,1,1,0.15115516,0.663391,0.18545379
train-u0018278,1,2,0.23577061,0.3322336,0.43199578
train-u0018279,1,1,0.31784308,0.36698276,0.31517416
train-u0018280,1,1,0.3093115,0.64541644,0.04527204
train-u0018281,1,2,0.1192838,0.15774287,0.7229733
train-u0018282,1,2,0.21947832,0.23429744,0.5462242
train-u0018283,1,1,0.06694637,0.8746607,0.058392905
train-u0018284,2,2,0.13133024,0.3310194,0.53765035
train-u0018285,1,1,0.07846338,0.8926942,0.028842399
train-u0018286,1,1,0.2992008,0.5867152,0.11408398
train-u0018287,1,2,0.28844255,0.2930046,0.41855288
train-u0018288,1,0,0.4376445,0.3595842,0.20277128
train-u0018289,1,1,0.40322065,0.528786,0.0679933
train-u0018290,1,0,0.635493,0.21947184,0.14503512
train-u0018291,0,0,0.58468103,0.33761355,0.07770536
train-u0018337,0,0,0.6869734,0.17848241,0.13454425
train-u0018338,1,0,0.72296536,0.2113288,0.06570589
train-u0018339,1,1,0.40245658,0.40472138,0.19282208
train-u0018340,0,0,0.719539,0.10593255,0.17452845
train-u0018341,1,1,0.16598433,0.749465,0.08455066
train-u0018342,1,1,0.39480126,0.56983095,0.03536779
train-u0018343,0,0,0.4395587,0.30611885,0.2543225
train-u0018344,1,1,0.39084387,0.46968427,0.13947186
train-u0018345,0,1,0.26309863,0.6452849,0.09161649
train-u0018346,0,0,0.50483197,0.34435654,0.15081146
train-u0018347,2,0,0.48781118,0.35463953,0.1575492
train-u0018348,0,1,0.2068373,0.77291,0.020252675
train-u0018349,0,1,0.37004963,0.5204603,0.10949006
train-u0018499,1,0,0.41661805,0.3489779,0.234404
train-u0018500,0,0,0.49030071,0.23662998,0.27306935
train-u0018501,0,0,0.6045923,0.18571508,0.20969257
train-u0018502,2,1,0.3796582,0.39833024,0.22201154
train-u0018503,0,1,0.20512201,0.6520208,0.14285715
train-u0018715,0,2,0.23464683,0.2674112,0.49794188
train-u0018716,1,1,0.09788652,0.77943903,0.12267449
train-u0018717,2,2,0.0813788,0.16194677,0.75667447
train-u0018718,1,2,0.39154053,0.105420485,0.503039
train-u0018719,0,0,0.5489031,0.091575325,0.35952163
train-u0018720,0,0,0.55575854,0.30882332,0.13541818
train-u0018721,1,2,0.13737357,0.2223537,0.64027274
train-u0018722,2,0,0.4067893,0.18671946,0.40649128
train-u0018723,0,0,0.41753492,0.362972,0.21949305
train-u0018724,2,1,0.27399206,0.44182026,0.28418776
train-u0018725,1,1,0.1467542,0.7485817,0.10466406
train-u0018726,2,2,0.09900345,0.26912525,0.6318713
train-u0018727,0,0,0.6397238,0.1723565,0.18791977
train-u0018728,2,1,0.3870421,0.4582722,0.15468566
train-u0018729,0,0,0.5806033,0.2201955,0.19920123
train-u0018730,1,1,0.3137175,0.4184883,0.2677942
train-u0018731,1,1,0.2403063,0.69018126,0.06951246
train-u0018732,1,2,0.21650085,0.18208928,0.60140985
train-u0018750,0,1,0.22331557,0.57195604,0.20472834
train-u0018751,0,1,0.24423504,0.66465455,0.09111032
train-u0018752,0,0,0.536874,0.3729491,0.09017697
train-u0018753,1,1,0.1764947,0.5721342,0.25137112
train-u0018754,0,1,0.2989366,0.4129337,0.2881296
train-u0018755,1,1,0.25461352,0.51093686,0.23444967
train-u0018756,0,1,0.14202937,0.5537389,0.3042317
train-u0018757,1,1,0.17078805,0.62625766,0.20295428
train-u0018758,0,0,0.4548014,0.31757793,0.22762074
train-u0018759,0,1,0.30598396,0.5442381,0.14977802
train-u0018760,2,2,0.17663983,0.20251067,0.6208495
train-u0018761,2,2,0.07281181,0.071574785,0.85561335
train-u0018858,0,0,0.71361446,0.1659181,0.12046736
train-u0018859,0,1,0.33899897,0.51566994,0.14533107
train-u0018860,1,1,0.1637083,0.7350856,0.101206124
train-u0018861,1,1,0.32061124,0.41872078,0.26066792
train-u0018862,1,2,0.1950184,0.29241666,0.51256496
train-u0018863,1,0,0.56440717,0.1776997,0.2578931
train-u0018883,0,2,0.21891226,0.37009203,0.41099575
train-u0018884,0,1,0.37390178,0.551096,0.07500218
train-u0018885,1,0,0.38079625,0.31434777,0.3048559
train-u0018886,1,1,0.18065354,0.74615854,0.07318797
train-u0018887,1,0,0.5648628,0.29677215,0.13836513
train-u0018888,1,1,0.117367715,0.59510404,0.28752822
train-u0018889,1,1,0.35609332,0.46688277,0.17702392
train-u0018890,0,0,0.5430914,0.39414743,0.06276118
train-u0018891,1,2,0.25710684,0.08401644,0.6588768
train-u0018892,2,2,0.1305515,0.23716423,0.6322842
train-u0018913,2,0,0.37781826,0.29571292,0.32646888
train-u0018914,2,2,0.18031982,0.09132788,0.7283523
train-u0018915,1,1,0.09549471,0.7851988,0.11930643
train-u0018916,2,2,0.12109675,0.19002452,0.68887866
train-u0018917,1,1,0.09217128,0.48855644,0.4192723
train-u0018948,2,2,0.08142829,0.2577582,0.66081345
train-u0018949,1,1,0.38916817,0.5431175,0.06771423
train-u0018950,2,2,0.12872456,0.26039034,0.6108852
train-u0018951,1,1,0.26748732,0.48591605,0.24659663
train-u0018952,2,2,0.10974686,0.42693177,0.4633214
train-u0018953,1,1,0.06741811,0.8696295,0.062952384
train-u0018954,1,1,0.07286069,0.8619363,0.06520296
train-u0018955,1,1,0.092114195,0.53941673,0.36846906
train-u0018956,2,2,0.39387774,0.20544389,0.40067834
train-u0018957,1,1,0.10820141,0.8046835,0.087115176
train-u0018958,1,1,0.221494,0.6243265,0.15417944
train-u0018959,1,0,0.61362106,0.2907425,0.09563644
train-u0018960,0,0,0.65264183,0.2601574,0.087200716
train-u0018961,1,1,0.19371481,0.6977242,0.108560935
train-u0018962,1,0,0.39975333,0.36870065,0.23154606
train-u0018994,2,1,0.11915951,0.61219823,0.26864222
train-u0018995,1,1,0.114256755,0.546438,0.33930522
train-u0018996,2,1,0.087963045,0.59736353,0.31467342
train-u0018997,0,0,0.5791767,0.18760602,0.23321721
train-u0018998,0,1,0.21374531,0.46453798,0.3217168
train-u0018999,1,2,0.2657613,0.20718297,0.52705574
train-u0019000,2,1,0.29530922,0.4678242,0.23686665
train-u0019001,1,2,0.24882172,0.3670275,0.3841507
train-u0019033,1,1,0.1949681,0.56404144,0.24099045
train-u0019034,1,2,0.17513081,0.3300109,0.4948583
train-u0019035,0,0,0.49822545,0.1767901,0.3249845
train-u0019036,2,1,0.31055322,0.5162234,0.17322335
train-u0019037,2,1,0.17358595,0.56413496,0.26227912
train-u0019038,2,2,0.11328185,0.06569867,0.8210195
train-u0019039,1,1,0.25732964,0.60956246,0.13310795
train-u0019040,1,2,0.21170774,0.10981802,0.67847425
train-u0019041,1,1,0.17744558,0.42679262,0.39576182
train-u0019042,2,2,0.25085637,0.07070737,0.6784363
train-u0019043,0,2,0.33435762,0.074622914,0.59101945
train-u0019110,2,2,0.11557759,0.177986,0.7064364
train-u0019111,2,2,0.25567797,0.15833254,0.58598953
train-u0019112,1,0,0.57456326,0.37629414,0.049142595
train-u0019113,1,2,0.32540318,0.22341296,0.45118383
train-u0019114,1,1,0.18658386,0.71383107,0.099585034
train-u0019115,0,0,0.39356846,0.36201477,0.24441676
train-u0019116,0,0,0.46478,0.20530063,0.3299193
train-u0019117,2,2,0.26625282,0.22600348,0.50774366
train-u0019118,2,1,0.38870403,0.4637879,0.14750804
train-u0019119,2,2,0.24491479,0.24799585,0.5070893
train-u0019120,0,0,0.5338097,0.31537983,0.15081044
train-u0019121,1,1,0.12025493,0.5422367,0.33750838
train-u0019122,2,1,0.18476759,0.5684746,0.24675784
train-u0019123,2,1,0.09517892,0.66078526,0.24403584
train-u0019124,1,1,0.1004609,0.80898684,0.090552256
train-u0019125,1,1,0.38772297,0.57585573,0.036421236
train-u0019126,2,2,0.2824609,0.35253817,0.3650009
train-u0019127,1,1,0.1516653,0.47415313,0.37418157
train-u0019128,0,0,0.39201266,0.28102103,0.3269664
train-u0019129,1,1,0.13260762,0.77181655,0.09557572
train-u0019130,1,1,0.09130284,0.86401886,0.044678338
train-u0019131,1,1,0.31926382,0.57456887,0.10616724
train-u0019132,1,1,0.11016159,0.86405146,0.025787016
train-u0019133,1,2,0.32427,0.3168976,0.3588324
train-u0019134,1,1,0.10477442,0.7976675,0.09755808
train-u0019135,1,1,0.1053016,0.7444106,0.15028776
train-u0019159,2,1,0.20922215,0.76169735,0.029080499
train-u0019160,0,1,0.36254746,0.38134038,0.2561122
train-u0019161,0,0,0.42735964,0.25906122,0.3135791
train-u0019162,2,1,0.28680393,0.5557239,0.15747221
train-u0019163,0,1,0.32315463,0.49048987,0.18635546
train-u0019164,0,2,0.28235868,0.15962191,0.55801934
train-u0019165,0,1,0.20557219,0.75396645,0.040461417
train-u0019166,1,1,0.14719424,0.42969298,0.4231128
train-u0019208,1,0,0.522011,0.40430743,0.0736816
train-u0019209,1,1,0.33172548,0.6011539,0.067120634
train-u0019210,1,0,0.51859325,0.4393682,0.042038474
train-u0019211,1,0,0.69715315,0.22532396,0.077522874
train-u0019212,0,1,0.16069475,0.7225756,0.116729654
train-u0019213,0,1,0.07392607,0.89461917,0.031454712
train-u0019214,1,0,0.39312828,0.3089681,0.2979037
train-u0019215,1,1,0.15025613,0.52616704,0.32357687
train-u0019216,1,0,0.39986667,0.37504944,0.22508387
train-u0019282,1,1,0.44436264,0.51466614,0.04097127
train-u0019283,1,0,0.67038256,0.2110332,0.11858428
train-u0019284,0,0,0.728643,0.040106658,0.23125035
train-u0019285,2,2,0.30207124,0.16061726,0.53731155
train-u0019286,2,2,0.35635364,0.16350287,0.4801435
train-u0019287,0,0,0.7691546,0.111007534,0.11983787
train-u0019288,1,0,0.55840653,0.11803949,0.32355395
train-u0019289,2,0,0.5193048,0.08485407,0.39584112
train-u0019290,0,0,0.8005751,0.07538878,0.12403619
train-u0019291,1,0,0.62792295,0.17313561,0.19894142
train-u0019292,0,0,0.60970616,0.1696794,0.22061445
train-u0019293,2,2,0.2954596,0.21030408,0.49423626
train-u0019294,0,1,0.25542313,0.5972938,0.14728306
train-u0019295,0,0,0.7813099,0.09690815,0.12178189
train-u0019296,1,1,0.31046128,0.4997231,0.18981555
train-u0019297,1,1,0.08396311,0.8876992,0.0283377
train-u0019298,0,0,0.42751017,0.19759688,0.3748929
train-u0019299,0,2,0.19361824,0.17740868,0.62897307
train-u0019300,2,2,0.314243,0.08419003,0.601567
train-u0019301,1,0,0.50986737,0.29283136,0.19730134
train-u0019302,2,0,0.47948536,0.07591706,0.4445976
train-u0019519,1,1,0.39778954,0.4528196,0.14939082
train-u0019520,1,2,0.17125967,0.15121068,0.67752963
train-u0019521,1,1,0.089280866,0.6455451,0.265174
train-u0019522,0,2,0.24837422,0.090792574,0.6608331
train-u0019523,0,0,0.5809361,0.13675696,0.282307
train-u0019524,1,1,0.13193463,0.76736635,0.100699045
train-u0019525,1,1,0.24315119,0.49908194,0.25776687
train-u0019526,1,0,0.56797206,0.28731647,0.14471151
train-u0019527,1,1,0.360435,0.47050002,0.16906492
train-u0019552,1,2,0.14730307,0.24428594,0.608411
train-u0019553,1,2,0.17663653,0.08965706,0.7337064
train-u0019554,1,0,0.46934623,0.27483732,0.25581643
train-u0019555,1,0,0.69177735,0.1838907,0.12433184
train-u0019556,1,2,0.3381385,0.12739076,0.5344708
train-u0019557,1,2,0.29732388,0.2928242,0.40985197
train-u0019558,1,0,0.5845777,0.26613927,0.149283
train-u0019559,0,0,0.696129,0.16923927,0.13463168
train-u0019560,0,2,0.20423685,0.10803797,0.6877252
train-u0019561,1,0,0.69708914,0.18452942,0.11838146
train-u0019562,0,0,0.6760926,0.1089913,0.21491605
train-u0019563,0,0,0.71294874,0.11484791,0.17220338
train-u0019564,1,0,0.5654901,0.36504698,0.06946297
train-u0019565,2,2,0.3634944,0.09972776,0.5367778
train-u0019566,0,0,0.8110209,0.08940121,0.09957786
train-u0019567,0,0,0.6018343,0.24232492,0.15584078
train-u0019568,1,1,0.36854908,0.5887206,0.042730402
train-u0019569,0,0,0.8121028,0.10639034,0.081506826
train-u0019588,1,2,0.17235993,0.09773371,0.7299064
train-u0019589,1,1,0.3438573,0.5605574,0.09558529
train-u0019590,1,0,0.54708487,0.40304458,0.049870454
train-u0019591,1,1,0.113912456,0.44466892,0.4414187
train-u0019592,1,1,0.25866422,0.3858309,0.35550487
train-u0019593,1,1,0.10895051,0.8297649,0.06128462
train-u0019594,1,1,0.2813661,0.49095502,0.22767884
train-u0019614,1,2,0.15856943,0.3533716,0.48805895
train-u0019615,0,0,0.52576387,0.09431939,0.3799168
train-u0019616,1,1,0.12040733,0.7716477,0.10794504
train-u0019617,2,2,0.11918838,0.3882162,0.49259546
train-u0019618,1,1,0.21188255,0.600255,0.18786243
train-u0019619,2,1,0.23648548,0.38984263,0.3736719
train-u0019620,0,0,0.5097098,0.41540354,0.07488671
train-u0019621,2,0,0.6306558,0.16756663,0.20177746
train-u0019681,0,0,0.763513,0.08484643,0.15164047
train-u0019682,0,0,0.51713353,0.34153688,0.14132957
train-u0019683,1,1,0.21722004,0.67104083,0.11173916
train-u0019684,1,0,0.56494164,0.38407725,0.0509811
train-u0019685,2,0,0.51742655,0.3061486,0.1764248
train-u0019686,1,1,0.3431676,0.58153874,0.07529367
train-u0019687,1,1,0.08459373,0.83927774,0.076128475
train-u0019688,1,0,0.60384476,0.15182853,0.2443267
train-u0019689,2,1,0.2711829,0.38555875,0.34325835
train-u0019690,1,1,0.31118286,0.5252865,0.16353059
train-u0019691,0,0,0.5042493,0.09614833,0.3996024
train-u0019692,2,1,0.0908086,0.8389533,0.07023803
train-u0019693,2,0,0.41872635,0.35715437,0.22411925
train-u0019694,1,0,0.5287088,0.32172608,0.14956503
train-u0019695,1,1,0.43858334,0.5155625,0.045854155
train-u0019696,2,2,0.12537386,0.27060288,0.6040232
train-u0019697,2,1,0.109921955,0.74743456,0.14264357
train-u0019698,2,2,0.2197593,0.28103563,0.49920505
train-u0019699,1,0,0.6136257,0.17651719,0.20985708
train-u0019700,2,1,0.17733145,0.6119156,0.21075292
train-u0019701,1,1,0.14971782,0.6120757,0.2382065
train-u0019702,0,2,0.23747659,0.17741856,0.5851049
train-u0019777,1,1,0.13921545,0.73685527,0.12392923
train-u0019778,1,1,0.06526111,0.8592278,0.07551112
train-u0019779,1,1,0.07557894,0.79237807,0.13204291
train-u0019780,2,2,0.19871686,0.23765932,0.5636238
train-u0019781,2,1,0.13277833,0.78673226,0.08048938
train-u0019782,0,1,0.17272541,0.60175884,0.22551575
train-u0019783,2,0,0.653859,0.26179603,0.08434489
train-u0019784,1,1,0.14375784,0.7094951,0.14674704
train-u0019785,1,1,0.11995435,0.81962156,0.060424034
train-u0019786,1,1,0.33904746,0.42591655,0.23503602
train-u0019787,1,1,0.08620988,0.68345165,0.2303385
train-u0019788,0,0,0.51644135,0.22469531,0.25886342
train-u0019789,0,0,0.34576672,0.31723547,0.33699784
train-u0019790,1,1,0.099677555,0.7964958,0.10382665
train-u0019791,1,1,0.22760774,0.6476638,0.12472845
train-u0019792,1,0,0.7491453,0.20096979,0.049884815
train-u0019793,0,0,0.5907296,0.34029862,0.06897183
train-u0019794,1,1,0.101940125,0.7837497,0.114310116
train-u0019795,0,2,0.26506618,0.16866359,0.56627023
train-u0019796,0,0,0.48953098,0.20583779,0.30463123
train-u0019797,2,1,0.20043495,0.42803422,0.37153077
train-u0019798,2,2,0.29831707,0.32936957,0.3723134
train-u0019799,0,1,0.14959127,0.8130107,0.037398
train-u0019800,0,1,0.1899379,0.6607556,0.14930658
train-u0019801,0,0,0.6816593,0.22478503,0.09355577
train-u0019802,2,2,0.19115017,0.19352943,0.61532044
train-u0019803,2,2,0.19520485,0.22976191,0.5750332
train-u0019804,2,2,0.10512829,0.11151139,0.78336036
train-u0019822,1,1,0.094792694,0.83728385,0.06792349
train-u0019823,1,1,0.14791237,0.8146266,0.037461117
train-u0019824,2,1,0.123496465,0.53379273,0.34271085
train-u0019825,0,1,0.15405898,0.6339559,0.21198505
train-u0019826,1,1,0.17094545,0.8114373,0.017617187
train-u0019827,2,0,0.5586743,0.20881464,0.23251107
train-u0019828,1,1,0.09288834,0.7971064,0.11000525
train-u0019829,1,1,0.23203506,0.6414225,0.12654237
train-u0019830,2,0,0.50253993,0.1198396,0.3776205
train-u0019831,1,0,0.49088654,0.42949933,0.07961409
train-u0019832,2,2,0.15817802,0.23184834,0.60997367
train-u0019833,2,2,0.14358719,0.058820732,0.7975921
train-u0019839,2,1,0.14802077,0.58019596,0.27178323
train-u0019840,2,1,0.23670115,0.5414701,0.22182874
train-u0019841,1,1,0.29539293,0.5511523,0.15345486
train-u0019842,0,0,0.4392414,0.35141328,0.20934525
train-u0019843,2,2,0.33724228,0.2253653,0.43739244
train-u0019844,0,1,0.27722958,0.657243,0.0655274
train-u0019845,1,1,0.19029313,0.72165227,0.08805452
train-u0019846,0,1,0.12124141,0.61365944,0.2650991
train-u0019847,0,1,0.35115167,0.4425078,0.20634058
train-u0019848,2,2,0.40014106,0.19714785,0.40271103
train-u0019849,0,0,0.43975136,0.40161636,0.15863232
train-u0019850,0,0,0.7027059,0.22748832,0.06980577
train-u0019851,1,0,0.63918775,0.14593834,0.21487385
train-u0019852,1,0,0.6016849,0.27473888,0.123576105
train-u0019853,1,0,0.6172537,0.2998438,0.082902454
train-u0019854,1,2,0.39791277,0.18112266,0.42096466
train-u0019855,0,1,0.35795042,0.5577352,0.08431437
train-u0020068,1,1,0.34205958,0.58498496,0.07295549
train-u0020069,1,1,0.29018655,0.672409,0.0374045
train-u0020070,1,1,0.16338812,0.7432174,0.09339442
train-u0020071,1,1,0.4388337,0.44480515,0.11636111
train-u0020072,1,1,0.41722426,0.50874573,0.07403008
train-u0020073,1,1,0.13850532,0.76576877,0.09572589
train-u0020074,0,0,0.46064177,0.17643465,0.36292362
train-u0020075,2,1,0.07195776,0.814119,0.11392327
train-u0020076,1,1,0.08171321,0.87219024,0.04609648
train-u0020077,1,1,0.104637496,0.8608475,0.03451503
train-u0020078,0,2,0.23167694,0.2714557,0.4968674
train-u0020079,1,1,0.06632186,0.8882581,0.045420036
train-u0020080,1,1,0.072115734,0.85351896,0.07436538
train-u0020081,1,1,0.09854332,0.86491495,0.036541656
train-u0020082,2,1,0.19007622,0.6495767,0.16034701
train-u0020083,0,2,0.20067011,0.34900212,0.45032775
train-u0020084,2,1,0.06312398,0.8992969,0.037579134
train-u0020140,1,1,0.39302385,0.54326093,0.063715205
train-u0020141,0,0,0.51484096,0.15329853,0.33186045
train-u0020142,1,0,0.44588417,0.17224227,0.38187358
train-u0020143,2,2,0.31242433,0.12701967,0.560556
train-u0020144,1,1,0.17824106,0.762941,0.058818005
train-u0020145,2,2,0.2216946,0.36855206,0.4097533
train-u0020146,0,1,0.34649348,0.5979768,0.055529747
train-u0020147,2,2,0.37292674,0.08739913,0.5396741
train-u0020148,2,2,0.29409328,0.10686104,0.59904575
train-u0020149,1,1,0.09184998,0.8724905,0.03565945
train-u0020150,1,1,0.08615961,0.88334084,0.030499592
train-u0020151,0,1,0.30120254,0.51381826,0.18497927
train-u0020152,2,2,0.15894005,0.2993547,0.5417053
train-u0020153,2,1,0.21985106,0.42383683,0.35631213
train-u0020154,2,2,0.10107321,0.19158629,0.7073405
train-u0020155,2,1,0.31219465,0.54652596,0.14127946
train-u0020156,2,0,0.45009932,0.30826414,0.24163659
train-u0020157,1,1,0.12845467,0.71631324,0.15523212
train-u0020158,1,1,0.2108526,0.6547252,0.13442217
train-u0020159,1,1,0.35127544,0.57808167,0.0706429
train-u0020160,1,1,0.090015225,0.8426507,0.067334004
train-u0020161,2,2,0.30203718,0.29965895,0.3983039
train-u0020162,2,2,0.20101973,0.074442565,0.72453773
train-u0020163,2,1,0.13995588,0.52937055,0.33067355
train-u0020164,2,2,0.1423988,0.1667617,0.69083947
train-u0020165,1,1,0.113906905,0.8265694,0.059523664
train-u0020166,2,1,0.14604269,0.82596356,0.027993783
train-u0020167,2,1,0.28389877,0.37962988,0.33647135
train-u0020168,2,2,0.11947017,0.14087565,0.7396542
train-u0020169,1,1,0.14597039,0.55595154,0.29807803
train-u0020179,0,1,0.4428488,0.47642946,0.08072177
train-u0020180,1,1,0.13855395,0.7884348,0.07301123
train-u0020181,1,1,0.2604722,0.4427924,0.29673544
train-u0020182,2,2,0.17965892,0.07421347,0.7461276
train-u0020183,2,1,0.20474543,0.409147,0.38610756
dev-u0000055,1,1,0.057819366,0.8956597,0.04652097
dev-u0000056,0,0,0.36184335,0.3405798,0.29757679
dev-u0000057,0,1,0.32613975,0.5082116,0.1656487
dev-u0000058,0,0,0.48814684,0.386327,0.12552623
dev-u0000059,0,0,0.4441503,0.3672665,0.18858321
dev-u0000060,0,2,0.40568194,0.18358722,0.41073087
dev-u0000061,0,0,0.38831052,0.35680714,0.2548823
dev-u0000062,0,1,0.09099995,0.667829,0.24117099
dev-u0000063,0,2,0.087537915,0.32848045,0.58398163
dev-u0000064,2,2,0.0813184,0.27435198,0.6443296
dev-u0000065,2,2,0.30270422,0.12437312,0.57292265
dev-u0000066,2,2,0.08777468,0.07247685,0.8397485
dev-u0000067,0,1,0.23531602,0.40197673,0.36270726
dev-u0000068,2,1,0.09231441,0.4879886,0.41969702
dev-u0000069,2,2,0.1139872,0.19622454,0.6897882
dev-u0000070,0,1,0.20550062,0.57801116,0.21648818
dev-u0000071,0,2,0.30562568,0.07191179,0.6224625
dev-u0000072,2,2,0.20525154,0.095709935,0.69903857
dev-u0000123,2,1,0.23932272,0.5667352,0.193942
dev-u0000124,0,1,0.1013292,0.66323936,0.2354315
dev-u0000125,0,0,0.48644394,0.31553113,0.19802497
dev-u0000126,0,1,0.26666892,0.6032229,0.13010815
dev-u0000127,0,2,0.36278403,0.12902421,0.50819176
dev-u0000128,0,2,0.15390407,0.3172388,0.5288571
dev-u0000129,0,0,0.71624166,0.115995996,0.16776228
dev-u0000130,1,2,0.17679727,0.28973404,0.53346866
dev-u0000131,0,2,0.22252902,0.25297388,0.5244971
dev-u0000132,0,1,0.1532293,0.53077734,0.3159934
dev-u0000133,2,2,0.17816137,0.041275322,0.78056335
dev-u0000134,2,2,0.271387,0.064928785,0.6636842
dev-u0000135,2,2,0.30617297,0.101310745,0.5925163
dev-u0000136,0,0,0.6895787,0.22155036,0.088870905
dev-u0000137,0,0,0.37684536,0.27269095,0.35046366
dev-u0000138,0,0,0.4334379,0.33807984,0.22848226
dev-u0000245,0,1,0.23269221,0.62113255,0.1461753
dev-u0000246,0,1,0.20878571,0.6568003,0.13441399
dev-u0000247,0,1,0.11674978,0.70304984,0.18020041
dev-u0000248,0,0,0.51450276,0.37886703,0.10663025
dev-u0000249,0,1,0.16346633,0.64698106,0.18955256
dev-u0000250,2,2,0.1603694,0.15324973,0.68638086
dev-u0000251,2,2,0.16479394,0.1130005,0.7222055
dev-u0000327,0,0,0.8291965,0.094952345,0.0758512
dev-u0000328,0,1,0.14688136,0.7082172,0.14490147
dev-u0000329,0,0,0.47451493,0.4457677,0.07971738
dev-u0000330,0,0,0.43899035,0.18311554,0.3778941
dev-u0000331,0,2,0.14491934,0.16304708,0.6920336
dev-u0000332,0,1,0.34470543,0.44191214,0.21338233
dev-u0000333,1,1,0.26721844,0.67070556,0.062075984
dev-u0000334,0,0,0.5115946,0.0492792,0.43912628
dev-u0000335,0,0,0.514279,0.4271775,0.058543544
dev-u0000336,0,0,0.36551225,0.2948694,0.33961833
dev-u0000337,0,0,0.5378842,0.29865092,0.16346495
dev-u0000385,2,1,0.16407761,0.544613,0.29130927
dev-u0000386,2,2,0.20612969,0.22336106,0.57050925
dev-u0000387,2,0,0.64715946,0.07624628,0.27659434
dev-u0000388,2,2,0.111225836,0.09915873,0.7896155
dev-u0000389,2,2,0.15584835,0.37520394,0.4689477
dev-u0000390,0,0,0.92512226,0.04927302,0.025604758
dev-u0000391,0,0,0.46478733,0.14536488,0.38984776
dev-u0000392,2,2,0.31269094,0.12831718,0.5589918
dev-u0000393,0,0,0.4728664,0.2311892,0.29594448
dev-u0000394,0,2,0.23938796,0.2851414,0.4754706
dev-u0000395,0,2,0.19074957,0.40139386,0.40785658
dev-u0000396,2,0,0.6202707,0.1512927,0.22843663
dev-u0000397,2,2,0.42146507,0.079220556,0.4993143
dev-u0000398,2,2,0.17196377,0.036632963,0.7914033
dev-u0000399,2,0,0.7687587,0.07991943,0.15132184
dev-u0000400,0,0,0.4975787,0.12972602,0.37269527
dev-u0000401,0,1,0.19533964,0.60654044,0.19811992
dev-u0000402,0,1,0.39790353,0.56666374,0.035432752
dev-u0000443,0,1,0.27589107,0.43478227,0.28932667
dev-u0000444,2,2,0.23113543,0.06886495,0.69999963
dev-u0000445,1,1,0.21850792,0.6576833,0.12380877
dev-u0000446,0,2,0.4150329,0.16363674,0.42133033
dev-u0000447,1,1,0.44472724,0.46297854,0.09229431
dev-u0000448,0,0,0.6105131,0.20039852,0.18908834
dev-u0000449,0,0,0.55812174,0.31026176,0.1316164
dev-u0000450,0,2,0.38066554,0.06428337,0.55505115
dev-u0000464,0,1,0.17435364,0.572469,0.25317737
dev-u0000465,0,2,0.3371816,0.17221881,0.49059963
dev-u0000466,0,1,0.27258107,0.47189823,0.2555207
dev-u0000467,2,0,0.49313262,0.07321433,0.43365315
dev-u0000468,0,0,0.76885486,0.0841852,0.14695998
dev-u0000469,0,0,0.6494502,0.17718722,0.1733626
dev-u0000470,0,0,0.73319817,0.069717616,0.19708416
dev-u0000471,0,0,0.55223745,0.11728279,0.33047986
dev-u0000472,0,1,0.44249496,0.47166848,0.08583652
dev-u0000473,0,1,0.32419717,0.46855843,0.20724441
dev-u0000474,0,0,0.8464069,0.13634014,0.01725297
dev-u0000545,0,1,0.12472644,0.77699727,0.0982763
dev-u0000546,0,0,0.6770477,0.2265731,0.096379146
dev-u0000547,0,1,0.24342163,0.66495365,0.091624655
dev-u0000548,1,0,0.6205086,0.22738147,0.15210997
dev-u0000549,0,2,0.13406974,0.11089481,0.7550354
dev-u0000550,0,1,0.2148113,0.45510677,0.3300819
dev-u0000551,0,2,0.10863691,0.1473086,0.7440545
dev-u0000552,0,1,0.10550582,0.49996966,0.39452454
dev-u0000553,0,2,0.254298,0.30149636,0.4442056
dev-u0000554,0,1,0.08532004,0.8414314,0.073248565
dev-u0000555,0,0,0.7540062,0.17052363,0.07547013
dev-u0000556,0,0,0.5413455,0.29229018,0.16636439
dev-u0000557,0,0,0.81181175,0.10738235,0.080805935
dev-u0000558,0,1,0.1265377,0.79197526,0.08148709
dev-u0000559,0,1,0.14530766,0.560582,0.29411036
dev-u0000560,0,1,0.13952209,0.5921522,0.26832578
dev-u0000639,0,1,0.2612803,0.62285423,0.11586553
dev-u0000640,0,1,0.1457196,0.77868617,0.07559416
dev-u0000641,0,1,0.18989733,0.64623964,0.16386299
dev-u0000642,0,1,0.3066265,0.37997225,0.31340116
dev-u0000643,2,1,0.27053636,0.38644606,0.34301758
dev-u0000644,2,1,0.3433644,0.37987116,0.2767645
dev-u0000645,0,1,0.23745738,0.66873586,0.0938068
dev-u0000825,0,0,0.40521008,0.20200355,0.39278638
dev-u0000826,1,1,0.08688664,0.869746,0.043367352
dev-u0000827,1,1,0.259855,0.52688265,0.21326238
dev-u0000828,1,1,0.3172016,0.56733495,0.115463406
dev-u0000829,1,1,0.3747131,0.47408277,0.15120415
dev-u0000830,1,1,0.32687223,0.51590174,0.15722595
dev-u0000831,0,0,0.66772777,0.26757586,0.064696334
dev-u0000832,1,0,0.47922552,0.45494083,0.065833665
dev-u0000839,2,0,0.4350308,0.13320278,0.43176648
dev-u0000840,2,2,0.16387138,0.16584878,0.6702798
dev-u0000841,2,2,0.16797882,0.18211603,0.6499051
dev-u0000842,2,1,0.36439803,0.44902587,0.18657613
dev-u0000843,2,0,0.5243987,0.20887768,0.2667235
dev-u0000844,2,2,0.19643743,0.3890835,0.4144791
dev-u0000845,0,1,0.22273193,0.5279467,0.24932134
dev-u0000846,0,1,0.08566177,0.8401021,0.074236184
dev-u0000852,0,0,0.76243675,0.08034009,0.1572232
dev-u0000853,0,0,0.62573826,0.22110826,0.15315343
dev-u0000854,0,0,0.72106105,0.21242902,0.06650985
dev-u0000855,0,1,0.219451,0.695701,0.08484805
dev-u0000856,1,1,0.19443789,0.6045728,0.20098934
dev-u0000901,0,0,0.53205985,0.36119843,0.10674166
dev-u0000902,0,0,0.7031967,0.07388326,0.22291996
dev-u0000903,0,2,0.27779523,0.08450661,0.6376982
dev-u0000904,0,0,0.5623429,0.26232904,0.17532815
dev-u0000905,0,0,0.601815,0.19862898,0.19955604
dev-u0000906,0,2,0.38818035,0.1847825,0.42703712
dev-u0000907,0,0,0.61506426,0.30512404,0.07981169
dev-u0000908,1,1,0.32583168,0.47291714,0.20125115
dev-u0000909,1,0,0.42740366,0.38946548,0.18313083
dev-u0000910,0,1,0.28249308,0.67300373,0.04450317
dev-u0000911,0,0,0.39144358,0.23002633,0.37853
dev-u0000912,0,1,0.088225245,0.71338695,0.1983878
dev-u0000913,2,0,0.6649383,0.10084638,0.23421532
dev-u0000914,0,1,0.35607645,0.428355,0.21556848
dev-u0000915,0,1,0.34563336,0.42370585,0.23066075
dev-u0000916,1,1,0.29889774,0.66066706,0.040435214
dev-u0000917,0,2,0.3287764,0.33136395,0.3398597
dev-u0000918,0,0,0.8338555,0.11854499,0.047599524
dev-u0000919,2,0,0.713508,0.18991338,0.09657855
dev-u0000920,2,0,0.7399039,0.13829644,0.12179964
dev-u0000935,2,0,0.47416514,0.4590042,0.066830695
dev-u0000936,2,2,0.2559571,0.15522186,0.58882105
dev-u0000937,0,2,0.36905658,0.19018844,0.440755
dev-u0000938,2,1,0.27818972,0.61608624,0.10572402
dev-u0000939,1,0,0.4836134,0.20311695,0.31326967
dev-u0001015,1,0,0.4353933,0.41211396,0.15249267
dev-u0001016,0,1,0.14488982,0.80686593,0.048244234
dev-u0001017,0,1,0.21364227,0.6068106,0.17954718
dev-u0001018,0,2,0.2135455,0.1801192,0.6063353
dev-u0001019,0,1,0.35043496,0.3861325,0.2634326
dev-u0001020,0,0,0.37348428,0.3188664,0.30764937
dev-u0001021,0,0,0.4368195,0.26412213,0.29905844
dev-u0001022,0,0,0.605005,0.1926409,0.20235409
dev-u0001166,2,1,0.34317037,0.36313182,0.29369777
dev-u0001167,2,0,0.39887592,0.29755703,0.30356702
dev-u0001168,2,1,0.23003308,0.6335971,0.13636987
dev-u0001169,2,1,0.27522925,0.3624247,0.36234605
dev-u0001170,0,0,0.75570333,0.07465867,0.16963792
dev-u0001171,0,1,0.24277523,0.5525809,0.20464383
dev-u0001172,0,1,0.21738863,0.48247525,0.30013612
dev-u0001173,0,1,0.29940203,0.5138702,0.18672785
dev-u0001174,0,2,0.15775765,0.0619259,0.7803165
dev-u0001175,0,1,0.2932585,0.4529762,0.2537653
dev-u0001176,0,2,0.32455945,0.10062872,0.5748118
dev-u0001177,0,1,0.30620876,0.55255896,0.1412323
dev-u0001178,2,2,0.18195166,0.09967779,0.7183705
dev-u0001179,2,0,0.6885849,0.13944404,0.17197102
dev-u0001180,2,1,0.30886918,0.4714261,0.21970472
dev-u0001181,0,1,0.14834721,0.58841217,0.26324067
dev-u0001182,0,0,0.395299,0.2911911,0.31350994
dev-u0001183,0,0,0.46092376,0.27626014,0.262816
dev-u0001184,0,0,0.5188384,0.40967458,0.07148704
dev-u0001185,0,0,0.5324254,0.3603136,0.10726103
dev-u0001186,0,0,0.83299834,0.12524718,0.041754533
dev-u0001187,0,1,0.27647907,0.57043356,0.15308739
dev-u0001188,0,0,0.57283837,0.19697969,0.23018189
dev-u0001189,2,2,0.17947406,0.094894186,0.7256318
dev-u0001190,2,0,0.5405385,0.35691756,0.102543965
dev-u0001285,0,1,0.28799534,0.4281148,0.28388983
dev-u0001286,0,0,0.4872609,0.29673764,0.21600148
dev-u0001287,0,1,0.3622821,0.51764256,0.12007543
dev-u0001288,2,2,0.45924076,0.079623066,0.4611361
dev-u0001289,0,1,0.23292857,0.67203194,0.09503948
dev-u0001295,0,2,0.34245387,0.23267241,0.4248737
dev-u0001296,0,2,0.38445112,0.22240008,0.39314884
dev-u0001297,0,0,0.3807093,0.25850078,0.3607899
dev-u0001298,2,2,0.3066232,0.3416343,0.35174245
dev-u0001299,0,1,0.33260453,0.39358443,0.27381104
dev-u0001300,0,0,0.5261772,0.24980602,0.22401677
dev-u0001301,0,0,0.48473674,0.31886196,0.19640127
dev-u0001302,0,2,0.26832965,0.1936909,0.5379795
dev-u0001303,0,0,0.39156476,0.3631013,0.2453339
dev-u0001304,0,0,0.71891713,0.12985736,0.15122554
dev-u0001305,0,0,0.6509542,0.08831055,0.26073533
dev-u0001306,0,1,0.2901448,0.37163436,0.3382209
dev-u0001307,1,1,0.09203007,0.7098426,0.1981273
dev-u0001308,2,1,0.20843391,0.47387406,0.31769195
dev-u0001421,2,0,0.44606763,0.16564642,0.3882859
dev-u0001422,0,1,0.26077974,0.415273,0.32394728
dev-u0001423,0,1,0.41858464,0.5629813,0.018434107
dev-u0001424,2,0,0.5404263,0.39932507,0.060248617
dev-u0001425,0,0,0.43067095,0.40323344,0.1660956
dev-u0001426,2,1,0.33640298,0.46468243,0.19891456
dev-u0001427,0,0,0.56497425,0.28376842,0.15125732
dev-u0001428,0,1,0.3667167,0.5001804,0.13310292
dev-u0001429,1,2,0.2083492,0.39076385,0.40088698
dev-u0001430,1,0,0.6916355,0.19815372,0.1102108
dev-u0001431,1,0,0.5214787,0.32791936,0.15060201
dev-u0001432,1,1,0.23594865,0.5652998,0.19875155
dev-u0001433,1,1,0.0693744,0.8227665,0.107859164
dev-u0001434,1,1,0.19434027,0.6504767,0.15518306
dev-u0001435,1,1,0.14322513,0.67504,0.1817349
dev-u0001436,0,1,0.20633946,0.7529509,0.040709663
dev-u0001437,1,1,0.3437477,0.4668769,0.1893754
dev-u0001438,1,1,0.18432392,0.7565994,0.0590766
dev-u0001515,0,1,0.20924151,0.6309158,0.15984267
dev-u0001516,1,1,0.08739683,0.80169755,0.11090563
dev-u0001517,1,1,0.265635,0.5640858,0.17027918
dev-u0001518,1,1,0.12337629,0.6980813,0.17854244
dev-u0001519,1,1,0.058754385,0.8224036,0.11884208
dev-u0001520,2,2,0.38350838,0.22202675,0.39446488
dev-u0001521,0,0,0.5289753,0.22701307,0.24401164
dev-u0001522,0,0,0.4312572,0.29628766,0.2724551
dev-u0001523,2,1,0.33780974,0.34404305,0.31814724
dev-u0001524,2,1,0.33913234,0.5748161,0.0860515
dev-u0001525,0,0,0.6762019,0.22946908,0.09432907
dev-u0001526,1,1,0.15769403,0.7896071,0.052698866
dev-u0001527,2,2,0.42763832,0.1334503,0.4389114
dev-u0001528,2,0,0.48801845,0.35861877,0.15336277
dev-u0001529,0,0,0.4944435,0.46301273,0.04254376
dev-u0001639,1,0,0.5918373,0.24722025,0.16094247
dev-u0001640,2,2,0.32319453,0.11567189,0.56113356
dev-u0001641,2,2,0.19366936,0.13307968,0.6732509
dev-u0001642,1,1,0.28597903,0.61601007,0.09801088
dev-u0001643,1,1,0.08732785,0.80396235,0.10870978
dev-u0001644,2,0,0.65751624,0.1064912,0.23599254
dev-u0001760,2,2,0.20555972,0.19655983,0.5978804
dev-u0001761,1,1,0.12405396,0.75114304,0.124802925
dev-u0001762,1,1,0.24775767,0.63663495,0.11560738
dev-u0001763,1,1,0.2313127,0.5756048,0.19308251
dev-u0001764,0,0,0.78308636,0.0784256,0.13848804
dev-u0001765,1,1,0.28933984,0.64166975,0.0689904
dev-u0001766,0,1,0.30209878,0.5245041,0.1733971
dev-u0001767,2,1,0.3493685,0.4809096,0.16972193
dev-u0001768,2,1,0.37071532,0.3825211,0.24676363
dev-u0001769,2,1,0.37231413,0.55078584,0.07690001
dev-u0001770,1,1,0.11902053,0.66725963,0.21371979
dev-u0001771,2,1,0.3764663,0.41777244,0.20576125
dev-u0001772,1,1,0.16589768,0.62956285,0.20453942
dev-u0001808,2,2,0.24641702,0.08837816,0.6652048
dev-u0001809,2,2,0.1322359,0.29844797,0.56931615
dev-u0001810,1,1,0.16640031,0.51615494,0.31744477
dev-u0001811,1,1,0.12406371,0.79055095,0.08538537
dev-u0001812,2,2,0.10686681,0.10078853,0.7923446
dev-u0001813,1,1,0.18303488,0.614909,0.20205612
dev-u0001814,2,1,0.25913572,0.4799804,0.26088384
dev-u0001815,2,2,0.11459182,0.037572134,0.847836
dev-u0001816,1,2,0.093527645,0.41435134,0.492121
dev-u0001846,1,0,0.6450733,0.24193634,0.11299037
dev-u0001847,2,1,0.109774336,0.53361046,0.3566153
dev-u0001848,0,0,0.41050568,0.392725,0.19676937
dev-u0001849,2,1,0.24469177,0.4435406,0.31176764
dev-u0001850,0,0,0.5540851,0.08686406,0.35905087
dev-u0001851,1,1,0.23536006,0.6819909,0.08264907
dev-u0001852,1,1,0.3284004,0.56775296,0.10384657
dev-u0001853,1,1,0.31750715,0.5664869,0.116005935
dev-u0001854,2,1,0.08628948,0.7206692,0.19304137
dev-u0001873,1,2,0.2748488,0.10284535,0.6223058
dev-u0001874,2,1,0.06075045,0.78024024,0.1590093
dev-u0001875,2,1,0.087788776,0.5610944,0.35111684
dev-u0001876,2,2,0.19522013,0.38115397,0.42362592
dev-u0001877,2,1,0.09105048,0.70486945,0.20408012
dev-u0001927,2,2,0.13480693,0.09007595,0.7751171
dev-u0001928,0,0,0.8180343,0.13227713,0.049688566
dev-u0001929,0,0,0.4986376,0.27816874,0.22319375
dev-u0001930,1,1,0.15387933,0.5429354,0.3031853
dev-u0001931,1,0,0.63497657,0.1796668,0.18535662
dev-u0001932,2,1,0.28181908,0.3753999,0.34278104
dev-u0001933,1,1,0.23655716,0.6430187,0.120424144
dev-u0001934,2,2,0.13073975,0.07985662,0.7894036
dev-u0001935,2,0,0.53547794,0.24586354,0.21865854
dev-u0001936,1,0,0.4412724,0.43832466,0.120402984
dev-u0001937,2,1,0.22556272,0.53545356,0.23898369
dev-u0001938,1,1,0.14230469,0.64975256,0.20794268
dev-u0001939,1,1,0.19049023,0.5506111,0.25889874
dev-u0001940,0,1,0.29565242,0.5631406,0.14120705
dev-u0001941,0,1,0.45526862,0.46545708,0.079274304
dev-u0001947,0,0,0.7583096,0.16472694,0.07696346
dev-u0001948,0,1,0.35893905,0.40783155,0.23322938
dev-u0001949,2,2,0.24002899,0.3326775,0.4272935
dev-u0001950,1,1,0.3425567,0.5164524,0.14099088
dev-u0001951,0,0,0.80013615,0.11741619,0.08244769
dev-u0001958,1,0,0.47087377,0.32928175,0.19984448
dev-u0001959,2,0,0.3789869,0.2548779,0.3661353
dev-u0001960,0,2,0.13699223,0.35284567,0.5101621
dev-u0001961,1,1,0.16870323,0.75552297,0.07577382
dev-u0001962,2,1,0.17250907,0.67932916,0.14816178
dev-u0001963,1,1,0.08479875,0.7885917,0.12660949
dev-u0001964,1,1,0.15096736,0.70828307,0.14074956
dev-u0001979,2,2,0.40673807,0.08997645,0.50328547
dev-u0001980,2,0,0.6408868,0.06838668,0.29072648
dev-u0001981,2,0,0.71520203,0.14298244,0.14181556
dev-u0001982,2,0,0.59658575,0.12057082,0.28284332
dev-u0001983,2,0,0.5245926,0.06629225,0.40911523
dev-u0001984,2,0,0.49647155,0.37889636,0.124632135
dev-u0001985,1,1,0.24804309,0.45107445,0.30088252
dev-u0002053,0,2,0.236809,0.26697743,0.49621356
dev-u0002054,2,2,0.2643566,0.1191049,0.6165385
dev-u0002055,0,2,0.30243936,0.21931212,0.47824845
dev-u0002056,1,1,0.24731213,0.6691805,0.08350744
dev-u0002057,1,1,0.09342059,0.8321763,0.07440304
dev-u0002058,1,1,0.18207857,0.60114646,0.21677503
dev-u0002059,1,1,0.113856904,0.5331271,0.35301596
dev-u0002060,0,1,0.17361346,0.6957291,0.13065743
dev-u0002306,0,0,0.6210954,0.35863024,0.02027434
dev-u0002307,0,0,0.4740445,0.23851182,0.2874437
dev-u0002308,0,2,0.12623157,0.32689688,0.54687154
dev-u0002309,0,2,0.2858195,0.106815174,0.6073653
dev-u0002310,0,1,0.21361367,0.46135116,0.3250352
dev-u0002311,0,0,0.6028018,0.080345884,0.31685224
dev-u0002312,2,2,0.16055958,0.10481253,0.7346279
dev-u0002442,0,0,0.5925858,0.34740284,0.06001136
dev-u0002443,1,1,0.07875534,0.839554,0.08169069
dev-u0002444,2,2,0.12433599,0.12937498,0.746289
dev-u0002445,2,2,0.22408932,0.20071338,0.57519734
dev-u0002446,1,1,0.116950296,0.7308197,0.15223002
dev-u0002566,2,1,0.08412651,0.7221388,0.19373465
dev-u0002567,1,0,0.53606963,0.31273282,0.15119763
dev-u0002568,1,0,0.5035307,0.34446284,0.15200643
dev-u0002569,1,0,0.7691575,0.14918292,0.08165955
dev-u0002570,1,1,0.08842492,0.7522344,0.15934074
dev-u0002571,1,0,0.61572033,0.28375834,0.100521356
dev-u0002572,2,2,0.40565786,0.09223155,0.5021106
dev-u0002573,0,0,0.765341,0.08249696,0.1521621
dev-u0002574,0,1,0.35140648,0.39891312,0.2496804
dev-u0002575,2,2,0.085017994,0.43795365,0.47702834
dev-u0002576,0,2,0.43035996,0.1182835,0.45135656
dev-u0002577,1,1,0.31532675,0.5463855,0.13828772
dev-u0002578,2,2,0.14596309,0.05290459,0.80113226
dev-u0002579,1,1,0.3827797,0.41114107,0.20607926
dev-u0002640,1,0,0.52271646,0.35231772,0.12496571
dev-u0002641,2,0,0.46623996,0.4213664,0.11239363
dev-u0002642,2,0,0.6481415,0.25899404,0.092864476
dev-u0002643,1,1,0.14858374,0.78393006,0.067486174
dev-u0002644,1,0,0.70513666,0.24336728,0.051496007
dev-u0002734,2,0,0.59014434,0.10933765,0.30051798
dev-u0002735,2,2,0.22511616,0.25784528,0.5170386
dev-u0002736,2,2,0.38161328,0.11146327,0.50692344
dev-u0002737,2,1,0.25944087,0.53942543,0.20113374
dev-u0002738,1,1,0.24519585,0.6935507,0.06125343
dev-u0002739,1,0,0.41406262,0.18481469,0.40112263
dev-u0002740,2,1,0.25881323,0.4381397,0.30304703
dev-u0002741,1,0,0.5824219,0.25751528,0.16006283
dev-u0002742,1,2,0.1861736,0.36507192,0.44875455
dev-u0002743,1,2,0.13380565,0.30428955,0.56190485
dev-u0002744,1,2,0.27876785,0.12259962,0.5986326
dev-u0002745,2,2,0.1793113,0.051248595,0.76944005
dev-u0002746,0,0,0.4852519,0.22321919,0.29152888
dev-u0002747,1,2,0.09568783,0.41955137,0.48476085
dev-u0002748,1,1,0.3713155,0.49414656,0.13453797
dev-u0002749,1,0,0.35533234,0.34337097,0.30129665
dev-u0002750,2,0,0.6509409,0.10349548,0.2455635
dev-u0002751,2,2,0.1853317,0.07936262,0.73530567
dev-u0002752,1,1,0.18303838,0.4171984,0.39976323
dev-u0002767,2,1,0.19301753,0.49968603,0.30729643
dev-u0002768,1,1,0.38567805,0.4096354,0.20468652
dev-u0002769,2,1,0.2401802,0.72310907,0.03671081
dev-u0002770,0,0,0.49774253,0.24658728,0.25567028
dev-u0002771,1,0,0.46807697,0.3395862,0.19233677
dev-u0002772,1,1,0.29058468,0.69542825,0.013987064
dev-u0002773,1,0,0.75545645,0.19744839,0.047095146
dev-u0002774,0,0,0.500891,0.28539836,0.21371071
dev-u0002775,0,0,0.75226307,0.20344694,0.044290014
dev-u0002776,1,0,0.35321718,0.33188617,0.31489667
dev-u0002777,1,0,0.6303266,0.21329863,0.15637477
dev-u0002778,1,1,0.16530387,0.7214555,0.11324063
dev-u0002779,2,1,0.33580688,0.34741485,0.31677824
dev-u0002780,1,1,0.21355765,0.76752025,0.018922111
dev-u0002781,0,0,0.87932724,0.049593374,0.07107934
dev-u0002782,2,0,0.4791336,0.06866476,0.45220158
dev-u0002783,0,0,0.8349282,0.12913422,0.035937667
dev-u0002784,2,1,0.2685813,0.60636747,0.12505127
dev-u0002785,1,1,0.30944473,0.5804836,0.11007164
dev-u0002786,0,0,0.74526334,0.097133525,0.15760314
dev-u0002787,2,2,0.32565734,0.12974478,0.54459786
dev-u0002788,1,1,0.1645613,0.77410215,0.06133661
dev-u0002789,1,1,0.15275803,0.8178856,0.02935643
dev-u0002861,2,2,0.10973705,0.085303865,0.80495906
dev-u0002862,1,0,0.49373227,0.3356141,0.17065369
dev-u0002863,1,1,0.371175,0.4406193,0.18820569
dev-u0002864,1,1,0.33687004,0.5587646,0.10436534
dev-u0002865,1,1,0.24404447,0.6224821,0.13347337
dev-u0002866,1,2,0.19962667,0.33183727,0.46853608
dev-u0002867,1,1,0.09877647,0.5328555,0.36836803
dev-u0002868,2,2,0.19044407,0.251637,0.5579189
dev-u0002869,2,2,0.12839088,0.13974243,0.7318667
dev-u0002870,2,2,0.19051503,0.11979769,0.6896873
dev-u0002871,0,2,0.3532567,0.08289951,0.56384385
dev-u0002872,1,2,0.11570497,0.29260704,0.591688
dev-u0002873,2,1,0.14813529,0.53309196,0.3187728
dev-u0002874,1,2,0.3686967,0.22646917,0.40483415
dev-u0002875,0,0,0.6143996,0.11384574,0.2717546
dev-u0002876,1,2,0.17224327,0.15564418,0.6721125
dev-u0002877,1,2,0.23906994,0.35738882,0.40354124
dev-u0002878,1,0,0.78636694,0.17845549,0.03517753
dev-u0003038,2,1,0.26423317,0.37534118,0.36042568
dev-u0003039,2,1,0.18357222,0.68713796,0.12928978
dev-u0003040,1,0,0.46400693,0.38068363,0.15530938
dev-u0003041,2,1,0.3154689,0.45877057,0.22576053
dev-u0003042,1,1,0.23164137,0.51884913,0.24950948
dev-u0003292,1,2,0.18560699,0.26621127,0.5481817
dev-u0003293,1,1,0.14204727,0.50855213,0.3494006
dev-u0003294,1,2,0.36238873,0.18412904,0.4534823
dev-u0003295,1,1,0.1068757,0.8000419,0.09308246
dev-u0003296,1,1,0.2869786,0.44637996,0.26664135
dev-u0003297,2,2,0.25117794,0.17924672,0.5695753
dev-u0003298,1,1,0.115514316,0.7853638,0.099121906
dev-u0003299,1,1,0.060669746,0.7331207,0.20620961
dev-u0003300,1,2,0.11766801,0.393386,0.488946
dev-u0003301,1,1,0.1068213,0.7659205,0.12725823
dev-u0003302,1,1,0.08515847,0.82645226,0.088389225
dev-u0003303,2,0,0.47153768,0.15930493,0.36915746
dev-u0003304,2,2,0.100311875,0.25428638,0.6454018
dev-u0003305,0,1,0.26747352,0.5724049,0.16012159
dev-u0003306,2,2,0.22360785,0.28045332,0.49593878
dev-u0003307,2,1,0.16275246,0.6303834,0.20686413
dev-u0003308,2,2,0.14983396,0.037851658,0.8123144
dev-u0003309,2,2,0.09421832,0.07780656,0.8279751
dev-u0003310,2,2,0.34419623,0.21818523,0.43761852
dev-u0003311,2,2,0.13447906,0.4170862,0.4484347
dev-u0003312,2,2,0.28906515,0.12380226,0.5871326
dev-u0003313,1,2,0.30080852,0.31709763,0.38209388
dev-u0003314,1,1,0.19745043,0.585671,0.21687855
dev-u0003315,2,2,0.23708026,0.3321176,0.4308022
dev-u0003316,1,0,0.4921295,0.44757435,0.06029612
dev-u0003317,2,0,0.43518803,0.13693962,0.42787227
dev-u0003318,1,1,0.09212951,0.8722633,0.035607096
dev-u0003319,1,0,0.612754,0.26956293,0.117683135
dev-u0003320,1,2,0.2650034,0.33577937,0.3992172
dev-u0003321,1,1,0.34147567,0.3551506,0.30337372
dev-u0003322,1,0,0.5883392,0.253606,0.15805483
dev-u0003323,1,1,0.16359669,0.7368461,0.09955721
dev-u0003324,1,1,0.11395431,0.7552364,0.13080926
dev-u0003325,1,1,0.0843254,0.8126552,0.103019446
dev-u0003326,1,1,0.14337268,0.82474715,0.031880137
dev-u0003590,1,1,0.22396033,0.7121596,0.0638801
dev-u0003591,1,1,0.23498325,0.43957886,0.32543793
dev-u0003592,2,2,0.25070763,0.26270467,0.48658773
dev-u0003593,1,0,0.39701998,0.3714619,0.23151815
dev-u0003594,1,1,0.34838313,0.5423256,0.10929128
dev-u0003595,1,1,0.45092025,0.4651913,0.08388837
dev-u0003596,2,2,0.16915378,0.26045167,0.57039446
dev-u0003607,1,1,0.055466544,0.8765175,0.06801602
dev-u0003608,1,1,0.08838685,0.75879174,0.15282145
dev-u0003609,2,1,0.10881239,0.45377067,0.43741685
dev-u0003610,2,1,0.08562485,0.78888565,0.12548943
dev-u0003611,1,1,0.24221276,0.61695343,0.14083385
dev-u0003612,2,1,0.16480139,0.514838,0.3203606
dev-u0003613,2,1,0.1916028,0.5984811,0.20991601
dev-u0003614,0,2,0.3605706,0.09453988,0.5448895
dev-u0003615,2,0,0.5936134,0.24462523,0.1617614
dev-u0003616,0,1,0.34215447,0.4947205,0.16312502
dev-u0003657,1,2,0.24760033,0.32440212,0.42799753
dev-u0003658,1,2,0.3323427,0.15647988,0.5111774
dev-u0003659,1,2,0.24547668,0.17452765,0.5799957
dev-u0003660,1,2,0.2688941,0.31091434,0.4201916
dev-u0003661,0,0,0.7215696,0.18359157,0.09483885
dev-u0003662,1,0,0.5125248,0.26758423,0.21989095
dev-u0003663,1,2,0.30681646,0.1947275,0.498456
dev-u0003664,2,2,0.22311303,0.08949947,0.6873875
dev-u0003665,0,0,0.51824766,0.16301866,0.3187336
dev-u0003666,2,2,0.15517853,0.08705777,0.75776374
dev-u0003667,1,0,0.38836372,0.3825494,0.22908692
dev-u0003668,0,0,0.6968257,0.19302267,0.110151574
dev-u0003669,2,2,0.3695095,0.1785925,0.451898
dev-u0004038,0,0,0.79406893,0.17128697,0.034644097
dev-u0004039,2,2,0.2187101,0.044925116,0.7363648
dev-u0004040,2,0,0.51956767,0.14814383,0.3322885
dev-u0004041,2,0,0.5044824,0.074708834,0.4208088
dev-u0004042,1,1,0.17487018,0.7044206,0.120709226
dev-u0004043,1,2,0.21096723,0.23179507,0.5572377
dev-u0004044,1,1,0.14421844,0.5052647,0.3505168
dev-u0004045,1,1,0.33635,0.544639,0.119010985
dev-u0004046,1,1,0.16707112,0.66111004,0.17181885
dev-u0004047,2,2,0.29882607,0.2230932,0.47808078
dev-u0004048,1,1,0.13803078,0.7065718,0.15539737
dev-u0004049,0,0,0.5141885,0.06857688,0.4172346
dev-u0004050,1,1,0.11382394,0.8072907,0.07888541
dev-u0004063,2,1,0.23428693,0.40976632,0.3559468
dev-u0004064,2,2,0.22784266,0.09124549,0.68091184
dev-u0004065,1,1,0.19252045,0.70416576,0.103313744
dev-u0004066,1,0,0.52943,0.16118474,0.30938533
dev-u0004067,1,1,0.33064207,0.49156633,0.17779163
dev-u0004068,2,2,0.33996803,0.29656613,0.36346582
dev-u0004069,2,0,0.52036446,0.27906668,0.20056887
dev-u0004070,0,0,0.64346814,0.31987005,0.036661766
dev-u0004071,1,0,0.46460542,0.22945681,0.30593777
dev-u0004072,2,1,0.284091,0.6338945,0.082014576
dev-u0004073,2,2,0.12533988,0.072355054,0.80230504
dev-u0004074,1,0,0.65603685,0.19634093,0.14762227
dev-u0004075,0,0,0.7606704,0.17340839,0.06592116
dev-u0004076,2,2,0.23418185,0.1560939,0.6097243
dev-u0004077,2,1,0.23021127,0.50274026,0.26704854
dev-u0004078,2,0,0.43694156,0.22831997,0.3347384
dev-u0004079,2,0,0.5355906,0.11586841,0.34854102
dev-u0004080,2,0,0.6560108,0.079228714,0.2647605
dev-u0004081,0,0,0.5445131,0.18151037,0.27397656
dev-u0004082,0,0,0.38927585,0.24029642,0.3704277
dev-u0004083,2,2,0.24109222,0.13277355,0.6261342
dev-u0004084,2,2,0.42291093,0.09516824,0.4819209
dev-u0004085,2,2,0.22037607,0.3863015,0.3933224
dev-u0004105,2,0,0.44242373,0.25197646,0.3055998
dev-u0004106,0,0,0.5301888,0.2487607,0.22105049
dev-u0004107,2,1,0.18835053,0.44670704,0.3649424
dev-u0004108,2,1,0.07835662,0.75868785,0.16295555
dev-u0004109,2,1,0.20686042,0.64269084,0.15044871
dev-u0004217,1,1,0.106384225,0.79106086,0.10255487
dev-u0004218,0,0,0.64052415,0.18613566,0.17334013
dev-u0004219,1,1,0.22514415,0.7303639,0.044491936
dev-u0004220,1,1,0.3653355,0.4825968,0.15206762
dev-u0004221,0,2,0.25280577,0.34490788,0.4022864
dev-u0004222,0,0,0.7661323,0.12838084,0.10548683
dev-u0004223,2,2,0.38982847,0.21155328,0.3986183
dev-u0004263,1,1,0.1225977,0.5777332,0.29966912
dev-u0004264,1,1,0.14806262,0.792381,0.059556443
dev-u0004265,2,1,0.093903616,0.7625138,0.1435825
dev-u0004266,1,1,0.2624665,0.67916524,0.058368273
dev-u0004267,2,1,0.22944027,0.47603685,0.29452288
dev-u0004268,1,1,0.18047632,0.52963847,0.28988516
dev-u0004269,0,0,0.40798837,0.31987694,0.2721347
dev-u0004270,2,2,0.22988439,0.19048126,0.5796343
dev-u0004271,2,2,0.24848299,0.1411663,0.6103507
dev-u0004291,1,1,0.14874516,0.7245004,0.12675442
dev-u0004292,1,1,0.25536957,0.40519196,0.33943847
dev-u0004293,1,1,0.1424432,0.56735796,0.29019886
dev-u0004294,2,2,0.3257956,0.27772897,0.3964755
dev-u0004295,1,1,0.15886192,0.73248607,0.10865197
dev-u0004296,2,1,0.26318502,0.56797814,0.1688368
dev-u0004297,1,1,0.089207575,0.7740777,0.13671477
dev-u0004298,2,2,0.22693034,0.23682134,0.5362483
dev-u0004299,2,1,0.06288892,0.8447068,0.092404306
dev-u0004300,2,1,0.42218065,0.4245106,0.1533088
dev-u0004301,1,2,0.11266111,0.35533848,0.5320004
dev-u0004302,1,1,0.31695834,0.5643846,0.11865713
dev-u0004303,1,1,0.11088075,0.50898147,0.38013774
dev-u0004304,1,1,0.26924357,0.50556546,0.22519095
dev-u0004305,1,2,0.23135345,0.27232018,0.49632633
dev-u0004306,1,1,0.1473492,0.5421571,0.3104937
dev-u0004307,1,1,0.3333546,0.54495627,0.121689126
dev-u0004308,0,0,0.79964435,0.05958749,0.14076824
dev-u0004355,0,1,0.2173341,0.7183437,0.06432219
dev-u0004356,2,2,0.18932557,0.084198356,0.72647613
dev-u0004357,2,1,0.23781508,0.52095157,0.24123327
dev-u0004358,0,1,0.36781263,0.5513212,0.080866165
dev-u0004359,2,1,0.06860436,0.8369011,0.094494544
dev-u0004404,1,1,0.07457907,0.78588337,0.13953759
dev-u0004405,1,1,0.08918673,0.6215701,0.28924316
dev-u0004406,2,1,0.10028812,0.70196784,0.19774407
dev-u0004407,1,2,0.27809477,0.1607345,0.56117076
dev-u0004408,1,1,0.2958708,0.46208838,0.24204087
dev-u0004409,1,0,0.47267103,0.16838501,0.3589439
dev-u0004410,2,0,0.4508363,0.34199357,0.2071702
dev-u0004411,2,0,0.5645908,0.20005752,0.23535164
dev-u0004412,1,1,0.2936173,0.6815242,0.024858514
dev-u0004413,1,1,0.13577677,0.6775119,0.18671139
dev-u0004414,0,0,0.65488863,0.08532242,0.25978893
dev-u0004415,2,1,0.093898214,0.8730326,0.033069134
dev-u0004416,2,1,0.2859988,0.3912952,0.32270604
dev-u0004417,1,2,0.17730367,0.26708096,0.55561537
dev-u0004418,1,1,0.09920792,0.67233056,0.22846156
dev-u0004419,0,0,0.5779423,0.1431243,0.27893335
dev-u0004420,0,0,0.8201578,0.13528615,0.04455605
dev-u0004421,1,0,0.67020833,0.11231526,0.21747638
dev-u0004422,1,1,0.25873035,0.6496008,0.09166886
dev-u0004423,1,1,0.14819242,0.67618406,0.1756236
dev-u0004424,2,2,0.27565646,0.31452668,0.40981683
dev-u0004425,0,1,0.4362353,0.4849512,0.07881355
dev-u0004426,2,1,0.31257376,0.39602357,0.2914027
dev-u0004427,1,0,0.5597991,0.3013825,0.1388184
dev-u0004428,2,2,0.27594438,0.06573796,0.6583177
dev-u0004429,1,0,0.5082488,0.38936347,0.10238777
dev-u0004457,2,0,0.47603148,0.1037414,0.42022714
dev-u0004458,0,0,0.4479962,0.35787466,0.19412918
dev-u0004459,2,1,0.36860764,0.3844085,0.24698381
dev-u0004460,1,1,0.12164645,0.80246973,0.075883724
dev-u0004461,1,1,0.081489205,0.8502068,0.06830405
dev-u0004462,1,1,0.2845919,0.569976,0.14543211
dev-u0004463,2,2,0.23207721,0.20988348,0.5580393
dev-u0004464,2,2,0.2080842,0.058910716,0.73300505
dev-u0004465,1,0,0.46409768,0.32099196,0.21491036
dev-u0004466,1,1,0.14802456,0.6885188,0.16345663
dev-u0004467,1,1,0.19557802,0.77675724,0.02766469
dev-u0004468,1,2,0.31701887,0.14639543,0.5365857
dev-u0004469,1,1,0.06110309,0.7932381,0.14565882
dev-u0004470,0,0,0.6408655,0.20519702,0.15393752
dev-u0004600,0,0,0.5030619,0.13239412,0.364544
dev-u0004601,1,0,0.39852777,0.22494091,0.37653127
dev-u0004602,2,0,0.49214146,0.19662723,0.31123137
dev-u0004603,1,1,0.23891547,0.7181925,0.042892065
dev-u0004604,0,1,0.39054275,0.4635774,0.14587991
dev-u0004605,2,1,0.29741275,0.5701923,0.13239498
dev-u0004606,2,0,0.45451194,0.37664798,0.16884007
dev-u0004607,2,1,0.29736024,0.36690482,0.33573496
dev-u0004608,1,1,0.42591435,0.53074193,0.043343678
dev-u0004609,1,1,0.3973159,0.5756269,0.027057206
dev-u0004610,1,1,0.10833567,0.82971483,0.06194954
dev-u0004611,1,2,0.4251317,0.07998874,0.49487966
dev-u0004612,2,1,0.12274134,0.8109449,0.06631374
dev-u0004613,1,1,0.19157498,0.7168795,0.09154559
dev-u0004614,2,1,0.23520003,0.38848293,0.37631705
dev-u0004615,1,1,0.20227322,0.54981905,0.24790767
dev-u0004616,0,0,0.59903693,0.18016197,0.22080117
dev-u0004617,1,0,0.5401621,0.39377066,0.06606722
dev-u0004618,2,2,0.43918404,0.07853018,0.48228574
dev-u0004773,1,0,0.7121038,0.18473957,0.103156656
dev-u0004774,1,1,0.11753249,0.6396083,0.24285917
dev-u0004775,2,2,0.41501018,0.07881554,0.5061743
dev-u0004776,1,1,0.20080143,0.64072496,0.15847369
dev-u0004777,1,1,0.21874687,0.41783214,0.36342096
dev-u0004778,1,1,0.25446394,0.62798053,0.117555544
dev-u0004779,1,1,0.18263379,0.56065845,0.2567078
dev-u0004780,2,2,0.3090754,0.3058366,0.38508803
dev-u0004781,1,1,0.24508059,0.4842898,0.27062964
dev-u0004782,1,1,0.37276188,0.5557421,0.07149612
dev-u0004783,1,1,0.39141026,0.51499194,0.09359778
dev-u0004784,1,1,0.26089334,0.6077533,0.13135338
dev-u0004785,2,1,0.098283306,0.77199125,0.12972547
dev-u0004786,1,1,0.09793444,0.69135016,0.21071537
dev-u0004787,2,1,0.10193831,0.7834196,0.11464208
dev-u0004788,1,1,0.14739525,0.59205467,0.26055008
dev-u0004789,2,1,0.07126146,0.8157671,0.11297143
dev-u0004790,1,1,0.07760984,0.8935479,0.028842336
dev-u0004791,0,0,0.3960361,0.35579216,0.24817176
dev-u0005004,0,0,0.9214144,0.040675763,0.037909895
dev-u0005005,2,0,0.72070384,0.1833945,0.09590168
dev-u0005006,1,0,0.6037783,0.077881984,0.31833974
dev-u0005007,1,1,0.20934269,0.7555692,0.035088122
dev-u0005008,1,1,0.28093526,0.5790242,0.14004062
dev-u0005009,1,1,0.2508588,0.66430795,0.08483323
dev-u0005010,1,1,0.44987842,0.5005311,0.04959054
dev-u0005011,0,1,0.46465373,0.51866466,0.016681658
dev-u0005012,2,0,0.6475309,0.13449547,0.21797371
dev-u0005013,0,0,0.8487087,0.10029563,0.050995633
dev-u0005014,2,0,0.68352365,0.080069706,0.23640662
dev-u0005015,1,1,0.2997636,0.42934012,0.2708963
dev-u0005016,2,1,0.16987076,0.78647727,0.04365201
dev-u0005017,2,2,0.283127,0.2741144,0.44275865
test-u0000124,0,1,0.33067,0.5818417,0.08748829
test-u0000125,0,0,0.8464293,0.10428904,0.049281698
test-u0000126,0,0,0.46282297,0.3859318,0.15124524
test-u0000127,0,2,0.20495436,0.16828938,0.62675625
test-u0000128,2,2,0.12797725,0.1541673,0.7178555
test-u0000129,0,1,0.40578195,0.5276123,0.066605724
test-u0000130,2,2,0.37824184,0.18387763,0.4378805
test-u0000131,1,1,0.119021915,0.8617077,0.019270426
test-u0000132,1,0,0.53329664,0.33998623,0.1267171
test-u0000133,1,1,0.39686283,0.47864237,0.1244948
test-u0000247,1,1,0.18972111,0.6683842,0.14189465
test-u0000248,1,1,0.20237418,0.6574103,0.14021553
test-u0000249,1,1,0.20856316,0.6987461,0.092690766
test-u0000250,1,1,0.1398167,0.76465,0.09553331
test-u0000251,1,1,0.05360137,0.80127966,0.14511894
test-u0000252,1,0,0.42609033,0.41890323,0.15500645
test-u0000253,1,1,0.13153568,0.6674343,0.20103002
test-u0000254,1,1,0.06524946,0.84738207,0.08736847
test-u0000255,2,2,0.2791812,0.1169862,0.60383254
test-u0000256,2,1,0.092885725,0.4932887,0.4138256
test-u0000257,2,0,0.6679616,0.1547144,0.17732397
test-u0000258,2,1,0.2046663,0.55867505,0.23665856
test-u0000259,2,1,0.3069124,0.3843514,0.30873615
test-u0000260,0,1,0.17428826,0.74351346,0.08219829
test-u0000261,2,1,0.28025416,0.6267768,0.09296907
test-u0000262,0,1,0.24005105,0.63085234,0.12909664
test-u0000263,1,1,0.33981717,0.46046188,0.19972098
test-u0000264,2,1,0.29748407,0.57994735,0.12256857
test-u0000265,2,1,0.26309782,0.46227628,0.2746259
test-u0000266,2,2,0.27350667,0.15540613,0.57108724
test-u0000267,1,1,0.18423973,0.56592906,0.24983117
test-u0000268,2,1,0.17222019,0.45300055,0.37477922
test-u0000269,2,0,0.44448015,0.23764962,0.31787023
test-u0000270,1,1,0.13156712,0.7881053,0.08032753
test-u0000271,1,1,0.17669329,0.43641016,0.38689655
test-u0000396,0,0,0.53784746,0.08132337,0.38082924
test-u0000397,0,2,0.36562967,0.07841513,0.5559552
test-u0000398,0,1,0.34575173,0.5222467,0.13200161
test-u0000399,0,0,0.80481464,0.06726306,0.12792225
test-u0000400,2,2,0.38772306,0.06822699,0.5440499
test-u0000401,2,0,0.52364564,0.09937998,0.37697443
test-u0000402,2,2,0.25798717,0.27688694,0.46512595
test-u0000403,0,2,0.42901215,0.12944587,0.44154203
test-u0000430,0,0,0.8224336,0.12696923,0.05059722
test-u0000431,0,0,0.5550727,0.23223561,0.21269162
test-u0000432,1,0,0.6264495,0.19855517,0.1749953
test-u0000433,0,2,0.41350612,0.11870147,0.46779236
test-u0000434,2,2,0.32003164,0.211906,0.46806237
test-u0000435,1,1,0.1673683,0.5808261,0.25180566
test-u0000436,0,1,0.23297821,0.3961679,0.3708539
test-u0000437,1,1,0.11175133,0.81145793,0.076790646
test-u0000438,1,1,0.34582147,0.58207935,0.072099194
test-u0000439,1,1,0.12999175,0.49436554,0.37564278
test-u0000440,1,0,0.5299942,0.24079357,0.2292122
test-u0000441,1,0,0.53936887,0.3457077,0.1149235
test-u0000442,2,2,0.09898204,0.15422384,0.7467941
test-u0000443,1,1,0.09917317,0.81816465,0.08266224
test-u0000444,1,1,0.15140532,0.728053,0.12054175
test-u0000445,1,0,0.450702,0.2748088,0.2744892
test-u0000446,1,1,0.2454093,0.38301396,0.37157667
test-u0000447,1,1,0.11425187,0.7889296,0.09681856
test-u0000448,1,1,0.06280263,0.83331114,0.10388629
test-u0000449,0,2,0.4202783,0.08110624,0.49861553
test-u0000450,1,1,0.082475744,0.7991843,0.11833988
test-u0000451,1,1,0.34374136,0.35418677,0.3020718
test-u0000452,0,2,0.39377847,0.11992828,0.4862932
test-u0000453,1,0,0.43505132,0.17295182,0.39199692
test-u0000454,0,2,0.32216367,0.088521615,0.58931476
test-u0000455,2,2,0.13650104,0.12609692,0.7374021
test-u0000456,1,1,0.29326993,0.5654053,0.14132474
test-u0000457,0,0,0.74436605,0.07724103,0.17839296
test-u0000458,0,0,0.8217722,0.08428546,0.09394233
test-u0000459,0,0,0.42666623,0.15490858,0.41842523
test-u0000460,0,0,0.66268754,0.26311648,0.07419602
test-u0000461,0,0,0.41512683,0.18529828,0.3995749
test-u0000462,0,0,0.7430676,0.11912383,0.13780849
test-u0000543,2,1,0.25377515,0.42043284,0.325792
test-u0000544,1,1,0.22938833,0.69583267,0.07477901
test-u0000545,0,0,0.47786814,0.16537899,0.35675296
test-u0000546,1,0,0.53180337,0.06705314,0.40114352
test-u0000547,0,0,0.59374636,0.32828385,0.0779698
test-u0000548,0,0,0.5105917,0.38812646,0.10128189
test-u0000600,0,0,0.6152377,0.123732045,0.2610302
test-u0000601,2,2,0.33372998,0.1678342,0.49843577
test-u0000602,0,2,0.38405126,0.06753419,0.5484146
test-u0000603,0,0,0.60160756,0.25851446,0.13987802
test-u0000604,1,1,0.117080644,0.75583524,0.12708408
test-u0000605,1,1,0.18811381,0.7342636,0.07762254
test-u0000606,1,1,0.21651371,0.68603504,0.0974512
test-u0000607,0,0,0.5887312,0.19595554,0.21531326
test-u0000608,0,0,0.50133157,0.15546761,0.34320083
test-u0000631,2,2,0.22872697,0.123025484,0.6482475
test-u0000632,0,1,0.31014922,0.47858658,0.21126425
test-u0000633,2,2,0.21146894,0.25223008,0.536301
test-u0000634,0,1,0.11204385,0.85672337,0.031232681
test-u0000635,2,1,0.06992082,0.83446187,0.095617294
test-u0000636,1,1,0.083786026,0.70069814,0.21551591
test-u0000637,1,1,0.21688357,0.7505076,0.032608867
test-u0000638,0,2,0.10041241,0.16208091,0.7375067
test-u0000639,2,2,0.09448438,0.15563336,0.74988234
test-u0000640,0,2,0.29446313,0.11742018,0.58811677
test-u0000641,0,2,0.18775198,0.06955976,0.74268824
test-u0000642,1,1,0.09233721,0.725363,0.18229981
test-u0000643,2,2,0.2057284,0.21202962,0.5822421
test-u0000644,2,2,0.3347441,0.22385055,0.44140542
test-u0000645,2,2,0.07839908,0.21237886,0.7092221
test-u0000646,0,1,0.3027756,0.3797111,0.31751335
test-u0000647,1,0,0.7923845,0.10430326,0.10331223
test-u0000648,1,1,0.21255717,0.76441616,0.023026653
test-u0000649,2,2,0.21779259,0.3314928,0.4507146
test-u0000731,0,1,0.17176172,0.5263618,0.30187643
test-u0000732,0,2,0.112721235,0.22240509,0.66487366
test-u0000733,0,1,0.21554266,0.41884273,0.3656146
test-u0000734,0,2,0.12013382,0.23546258,0.6444036
test-u0000735,1,0,0.42275783,0.21964185,0.3576003
test-u0000736,1,0,0.40172347,0.27157655,0.3266999
test-u0000737,1,1,0.2161992,0.6110332,0.17276764
test-u0000745,0,1,0.34019887,0.41972214,0.24007897
test-u0000746,0,2,0.35916415,0.14436355,0.49647227
test-u0000747,0,0,0.6295728,0.109949,0.26047817
test-u0000748,0,0,0.46314418,0.26408353,0.27277237
test-u0000749,0,1,0.25808614,0.60821146,0.13370243
test-u0000750,2,2,0.2554715,0.13080183,0.6137267
test-u0000751,2,0,0.42481863,0.1779049,0.3972765
test-u0000752,0,0,0.39259878,0.33819258,0.26920858
test-u0000753,0,0,0.4930446,0.2788994,0.22805594
test-u0000754,0,2,0.20061225,0.24732229,0.5520655
test-u0000755,0,1,0.17265692,0.5419888,0.28535426
test-u0000756,0,2,0.1456072,0.36393687,0.49045593
test-u0000757,0,2,0.3231549,0.2906235,0.3862216
test-u0000758,0,1,0.25057772,0.54266423,0.20675805
test-u0000759,0,1,0.22162713,0.6851957,0.093177274
test-u0000760,0,0,0.5002404,0.38346437,0.11629523
test-u0000761,0,0,0.68703884,0.19854753,0.114413664
test-u0000762,1,1,0.20373972,0.642718,0.15354232
test-u0000763,0,1,0.19779918,0.6142168,0.18798396
test-u0000764,1,1,0.18768194,0.753905,0.058413062
test-u0000822,0,2,0.39530876,0.16175699,0.44293427
test-u0000823,1,1,0.163886,0.77638435,0.05972955
test-u0000824,0,1,0.22359765,0.5226982,0.25370404
test-u0000825,1,1,0.11772835,0.80699337,0.07527828
test-u0000826,1,2,0.3206591,0.2867852,0.3925557
test-u0000827,2,2,0.2570227,0.33744907,0.40552816
test-u0000828,1,1,0.43374854,0.48548505,0.08076638
test-u0000829,2,2,0.43542454,0.10514696,0.45942846
test-u0000870,0,0,0.5035602,0.1900595,0.30638036
test-u0000871,0,2,0.26224816,0.096712135,0.6410397
test-u0000872,0,1,0.13461296,0.58363396,0.281753
test-u0000873,0,2,0.3804261,0.20526999,0.41430393
test-u0000874,0,2,0.28271264,0.3389675,0.37831983
test-u0000875,1,1,0.05459537,0.8030768,0.1423278
test-u0000876,0,0,0.7510018,0.12540919,0.123589054
test-u0000877,0,2,0.08112387,0.45151523,0.46736088
test-u0000878,0,0,0.59860885,0.23139699,0.16999415
test-u0000879,0,1,0.3431655,0.45883682,0.19799773
test-u0000880,0,0,0.47769722,0.10517425,0.41712853
test-u0000896,2,0,0.4556129,0.2152491,0.32913804
test-u0000897,1,2,0.15054102,0.29942983,0.5500291
test-u0000898,2,1,0.29589283,0.52047795,0.18362914
test-u0000899,2,1,0.10506123,0.5378663,0.3570724
test-u0000900,2,1,0.21785882,0.69611645,0.08602472
test-u0000901,2,1,0.2279855,0.47895345,0.29306105
test-u0000902,2,1,0.278112,0.58730716,0.13458087
test-u0000903,2,2,0.30087104,0.18633269,0.5127962
test-u0000904,2,1,0.16278416,0.6585114,0.1787044
test-u0000905,2,1,0.27297285,0.4753455,0.25168166
test-u0000906,2,1,0.3395046,0.4874658,0.17302957
test-u0000907,2,2,0.29314378,0.09967757,0.6071787
test-u0000928,2,1,0.1254706,0.7987354,0.07579404
test-u0000929,2,2,0.10887466,0.44199693,0.4491284
test-u0000930,2,1,0.23482926,0.45426667,0.31090406
test-u0000931,0,2,0.18913957,0.19656876,0.6142917
test-u0000932,0,1,0.232253,0.4823345,0.28541255
test-u0000933,0,0,0.7231543,0.058822706,0.21802296
test-u0000934,2,0,0.76256716,0.10994657,0.12748615
test-u0000941,2,1,0.2963878,0.45203754,0.25157464
test-u0000942,2,2,0.14015053,0.29384872,0.56600076
test-u0000943,0,1,0.093069375,0.7022388,0.20469186
test-u0000944,0,0,0.5444943,0.17452839,0.2809774
test-u0000945,0,1,0.36948812,0.41389912,0.21661277
test-u0000946,2,0,0.8828713,0.08415235,0.03297632
test-u0000947,2,0,0.35728967,0.35503855,0.2876717
test-u0000948,2,1,0.39507425,0.4464367,0.15848906
test-u0000949,2,0,0.6025543,0.13732621,0.26011947
test-u0000950,2,0,0.36373904,0.28745836,0.3488026
test-u0001118,0,2,0.32303786,0.19586076,0.48110133
test-u0001119,0,0,0.38373196,0.2837564,0.3325116
test-u0001120,0,0,0.8717902,0.07639094,0.05181892
test-u0001121,1,0,0.5260932,0.3575591,0.11634771
test-u0001122,2,1,0.3106306,0.42069757,0.2686718
test-u0001123,1,1,0.19021256,0.7877074,0.022080004
test-u0001124,1,1,0.21589735,0.4607459,0.32335675
test-u0001125,0,2,0.36857817,0.12404084,0.50738096
test-u0001126,1,1,0.33674392,0.61254567,0.05071036
test-u0001127,1,1,0.21352778,0.6460581,0.14041412
test-u0001128,0,0,0.7482707,0.10041769,0.15131173
test-u0001129,0,0,0.7614458,0.18211251,0.056441676
test-u0001184,0,0,0.81538624,0.10645471,0.078159064
test-u0001185,2,0,0.5815695,0.23054528,0.18788525
test-u0001186,0,0,0.460067,0.34492177,0.19501118
test-u0001187,0,2,0.27485985,0.05966831,0.66547185
test-u0001188,0,0,0.62834907,0.22025484,0.15139611
test-u0001189,2,2,0.19532712,0.32477772,0.4798951
test-u0001190,0,0,0.79901147,0.07647217,0.12451634
test-u0001205,0,2,0.28973535,0.21347019,0.49679452
test-u0001206,2,1,0.15253115,0.69278526,0.15468359
test-u0001207,1,1,0.40538326,0.5133368,0.0812799
test-u0001208,0,0,0.6178132,0.23401615,0.14817068
test-u0001209,0,0,0.79308677,0.13755603,0.069357164
test-u0001210,1,1,0.32767615,0.6008905,0.07143331
test-u0001211,1,1,0.42045403,0.5160995,0.0634464
test-u0001212,0,0,0.6812109,0.17222874,0.1465603
test-u0001213,0,1,0.2718685,0.5223338,0.20579766
test-u0001214,0,1,0.27490976,0.5533749,0.17171532
test-u0001215,1,0,0.51459396,0.33229983,0.15310624
test-u0001216,1,0,0.5455367,0.35418466,0.10027862
test-u0001217,1,1,0.3544537,0.52831274,0.11723354
test-u0001218,0,1,0.4018995,0.450138,0.14796253
test-u0001219,0,0,0.6844403,0.13202785,0.18353184
test-u0001220,0,1,0.40016216,0.5298929,0.069944814
test-u0001221,0,0,0.5876149,0.3262352,0.08614997
test-u0001222,0,0,0.5570606,0.1648168,0.27812266
test-u0001223,1,0,0.55771005,0.23432632,0.20796372
test-u0001224,1,1,0.1452238,0.6877831,0.16699311
test-u0001225,1,0,0.53169274,0.2718544,0.19645283
test-u0001226,0,0,0.4621679,0.36078224,0.1770499
test-u0001227,1,0,0.4109087,0.36489582,0.22419551
test-u0001228,1,2,0.42457455,0.08292114,0.49250424
test-u0001229,0,1,0.31613785,0.59441876,0.089443415
test-u0001230,0,2,0.23385076,0.37886307,0.38728616
test-u0001274,2,0,0.5167154,0.17666188,0.3066227
test-u0001275,2,1,0.1951995,0.54535675,0.25944373
test-u0001276,0,1,0.22286774,0.53178746,0.24534479
test-u0001277,1,1,0.32982478,0.4258221,0.24435312
test-u0001278,1,0,0.39986986,0.38901567,0.21111448
test-u0001279,1,1,0.18634549,0.686864,0.1267905
test-u0001280,1,1,0.2622948,0.6497765,0.08792874
test-u0001286,0,1,0.18189386,0.6956183,0.12248791
test-u0001287,0,1,0.06437547,0.8270551,0.10856949
test-u0001288,1,1,0.064764425,0.8477277,0.0875079
test-u0001289,1,1,0.07160482,0.8040265,0.12436866
test-u0001290,1,1,0.16900244,0.71601653,0.114980996
test-u0001291,0,2,0.36550462,0.09470542,0.53979
test-u0001292,1,0,0.6183049,0.2894611,0.092233986
test-u0001293,0,0,0.53393775,0.12570043,0.34036183
test-u0001294,0,0,0.64584064,0.32509437,0.029064922
test-u0001295,0,0,0.62984127,0.20403714,0.1661216
test-u0001296,1,1,0.121408395,0.7130976,0.16549405
test-u0001297,0,0,0.42429873,0.24815674,0.32754463
test-u0001298,0,0,0.5133856,0.26167428,0.22494008
test-u0001299,1,1,0.17555831,0.7249192,0.09952243
test-u0001300,1,1,0.06437297,0.7633565,0.17227048
test-u0001301,0,1,0.13203056,0.7444296,0.1235398
test-u0001318,1,0,0.7901282,0.16816558,0.041706305
test-u0001319,0,1,0.32505664,0.53287214,0.14207122
test-u0001320,0,1,0.32694405,0.52422607,0.14882986
test-u0001321,1,1,0.27283293,0.60567427,0.12149278
test-u0001322,0,2,0.32018661,0.25115815,0.42865518
test-u0001323,0,0,0.5600126,0.10479219,0.33519524
test-u0001324,1,1,0.19070598,0.7604849,0.04880922
test-u0001325,1,1,0.39798826,0.48985672,0.1121551
test-u0001326,1,1,0.45839533,0.4870863,0.05451834
test-u0001327,0,1,0.16711807,0.7389773,0.09390463
test-u0001328,1,1,0.27758202,0.3909414,0.33147663
test-u0001329,0,2,0.26131284,0.1337611,0.6049261
test-u0001330,1,0,0.47348267,0.18249345,0.34402388
test-u0001331,1,1,0.21203247,0.66346633,0.124501236
test-u0001332,2,2,0.30475867,0.10540957,0.58983177
test-u0001333,1,0,0.5465013,0.42074633,0.032752432
test-u0001334,1,0,0.48998797,0.18156625,0.32844567
test-u0001335,1,1,0.39365047,0.50385654,0.10249301
test-u0001336,1,1,0.362135,0.5588605,0.07900454
test-u0001337,1,1,0.24736801,0.71902096,0.033611104
test-u0001371,2,2,0.16811441,0.10606729,0.7258182
test-u0001372,0,2,0.3092833,0.2060674,0.48464933
test-u0001373,0,2,0.27437133,0.28848454,0.4371441
test-u0001374,2,1,0.41780123,0.43908918,0.14310965
test-u0001375,0,1,0.27188864,0.63676167,0.0913497
test-u0001376,0,0,0.8738057,0.083055854,0.04313845
test-u0001377,1,1,0.12780805,0.73643947,0.13575256
test-u0001378,0,1,0.13085993,0.667524,0.20161617
test-u0001379,0,1,0.10800383,0.70912224,0.18287401
test-u0001380,0,0,0.49529427,0.1648071,0.33989868
test-u0001381,1,1,0.10166179,0.83815205,0.060186073
test-u0001382,0,2,0.40375903,0.08618339,0.51005757
test-u0001383,0,0,0.5718968,0.3701868,0.057916384
test-u0001384,2,1,0.35028934,0.393712,0.25599858
test-u0001385,0,0,0.61064583,0.2682889,0.121065244
test-u0001386,0,0,0.68630093,0.07235173,0.24134742
test-u0001479,2,2,0.12364972,0.41451457,0.46183568
test-u0001480,2,2,0.13016981,0.13343875,0.7363915
test-u0001481,2,0,0.84017694,0.06834712,0.09147599
test-u0001482,2,1,0.33742887,0.56455165,0.09801955
test-u0001483,0,1,0.36996502,0.4970518,0.13298316
test-u0001484,1,2,0.33998013,0.27471638,0.38530347
test-u0001485,2,1,0.26522,0.6605114,0.0742686
test-u0001486,2,1,0.33395296,0.6195028,0.046544265
test-u0001487,0,1,0.12458051,0.84129137,0.03412813
test-u0001488,2,1,0.09104992,0.85582435,0.053125687
test-u0001489,2,0,0.42537078,0.23961903,0.33501014
test-u0001490,2,1,0.12914005,0.81050456,0.06035538
test-u0001491,1,1,0.19180666,0.4834196,0.32477385
test-u0001588,2,1,0.2866023,0.46413624,0.24926147
test-u0001589,2,2,0.2754332,0.12378942,0.6007774
test-u0001590,2,2,0.19963855,0.13369411,0.6666673
test-u0001591,2,2,0.2653193,0.10137793,0.63330275
test-u0001592,0,2,0.0864942,0.123908415,0.78959733
test-u0001593,2,2,0.12268994,0.17753688,0.6997732
test-u0001594,2,1,0.12754096,0.7007437,0.1717154
test-u0001595,1,1,0.18160164,0.7744348,0.04396354
test-u0001596,2,1,0.109334774,0.7770225,0.11364275
test-u0001597,0,1,0.15470947,0.736232,0.10905855
test-u0001598,1,1,0.10796148,0.78684396,0.10519462
test-u0001666,0,1,0.30187055,0.5756484,0.12248098
test-u0001667,0,2,0.15664043,0.3027182,0.5406414
test-u0001668,0,1,0.10000576,0.74665505,0.15333931
test-u0001669,0,0,0.53454715,0.27522063,0.19023226
test-u0001670,1,0,0.36566114,0.32312095,0.31121793
test-u0001785,2,1,0.20600912,0.45691428,0.33707654
test-u0001786,1,1,0.3407605,0.4450932,0.21414624
test-u0001787,1,0,0.5080285,0.26386386,0.2281076
test-u0001788,1,2,0.08600239,0.19429804,0.71969956
test-u0001789,2,1,0.38354692,0.39220053,0.22425245
test-u0001790,1,1,0.37475508,0.46526325,0.15998168
test-u0001791,0,0,0.501555,0.19530886,0.3031361
test-u0001792,0,2,0.3794801,0.22380655,0.39671338
test-u0001793,1,2,0.36871904,0.15462643,0.4766545
test-u0001794,2,2,0.22108158,0.36197492,0.4169434
test-u0001795,2,2,0.15610144,0.08540478,0.75849384
test-u0001796,0,0,0.46891862,0.10705872,0.42402267
test-u0001797,0,0,0.60371494,0.109199904,0.28708518
test-u0001819,2,2,0.18120877,0.32428116,0.49451008
test-u0001820,1,1,0.30098307,0.53658515,0.1624318
test-u0001821,1,1,0.31337598,0.50527155,0.18135245
test-u0001822,2,1,0.20761724,0.7539177,0.0384651
test-u0001823,1,1,0.2686523,0.68863255,0.042715147
test-u0001824,2,1,0.08204624,0.65633833,0.2616154
test-u0001825,0,0,0.812134,0.16162743,0.026238542
test-u0001826,2,0,0.4967331,0.26148266,0.24178419
test-u0001827,1,1,0.12690315,0.8190231,0.05407375
test-u0001828,0,0,0.7950449,0.13581125,0.0691438
test-u0001829,2,0,0.37967962,0.3338947,0.28642565
test-u0001830,1,1,0.10348921,0.67955595,0.21695477
test-u0001846,1,1,0.14186697,0.7014683,0.15666482
test-u0001847,0,2,0.34638807,0.17525302,0.47835895
test-u0001848,1,2,0.14885609,0.39711344,0.4540305
test-u0001849,2,2,0.3019126,0.08549964,0.61258775
test-u0001850,2,0,0.60114294,0.07038622,0.32847086
test-u0001851,0,0,0.76024467,0.116436474,0.1233189
test-u0001852,0,0,0.5307087,0.29038593,0.17890549
test-u0001853,2,0,0.6010099,0.21173592,0.18725416
test-u0001930,1,1,0.30223626,0.35565016,0.34211355
test-u0001931,2,2,0.14850256,0.27788723,0.57361025
test-u0001932,1,1,0.09130145,0.6845209,0.22417767
test-u0001933,1,1,0.11096093,0.81145436,0.07758474
test-u0001934,0,0,0.75780976,0.12374825,0.118441954
test-u0001935,2,1,0.26894644,0.4962341,0.23481943
test-u0001936,1,0,0.82460266,0.07406375,0.10133359
test-u0001937,0,0,0.6353092,0.12804115,0.23664966
test-u0001956,2,1,0.21817729,0.5647799,0.21704288
test-u0001957,2,1,0.095112555,0.73294634,0.17194116
test-u0001958,1,0,0.6924171,0.2237858,0.08379711
test-u0001959,2,0,0.41656882,0.26743963,0.31599158
test-u0001960,2,1,0.36804786,0.399249,0.23270312
test-u0001961,2,1,0.16675878,0.66236055,0.17088072
test-u0001962,2,2,0.39220488,0.14586304,0.46193206
test-u0001963,2,2,0.18804139,0.08737853,0.72458005
test-u0001964,1,1,0.12041483,0.82537484,0.054210328
test-u0001965,1,1,0.09352173,0.8400745,0.066403836
test-u0001966,1,1,0.2634283,0.61317784,0.123393916
test-u0001967,2,2,0.13222972,0.32227996,0.5454904
test-u0001968,0,2,0.33105472,0.23039623,0.43854913
test-u0001969,2,2,0.124040745,0.0836014,0.79235786
test-u0001970,1,1,0.098410554,0.7126999,0.18888961
test-u0001971,2,2,0.086524144,0.0619334,0.8515425
test-u0001972,0,2,0.23331685,0.2672594,0.49942374
test-u0001973,2,1,0.05459256,0.8632005,0.082206994
test-u0001974,2,1,0.0726431,0.6996985,0.22765839
test-u0001975,1,1,0.10888433,0.6540757,0.23704006
test-u0001976,2,2,0.10387822,0.32627445,0.5698473
test-u0001977,1,0,0.43529823,0.29221156,0.27249017
test-u0001978,1,0,0.5132137,0.33628726,0.15049908
test-u0001979,1,2,0.116215415,0.24738836,0.63639617
test-u0002045,0,0,0.5874847,0.09634137,0.3161739
test-u0002046,0,1,0.3019429,0.4300239,0.26803318
test-u0002047,0,2,0.28349036,0.20005383,0.5164558
test-u0002048,0,0,0.7272245,0.20063037,0.07214503
test-u0002049,2,1,0.17611487,0.7337909,0.090094164
test-u0002050,2,2,0.11941755,0.14848042,0.73210204
test-u0002051,0,0,0.5278909,0.2860828,0.18602629
test-u0002052,0,0,0.6417427,0.19602557,0.16223174
test-u0002053,2,0,0.43283755,0.15745938,0.4097031
test-u0002054,1,1,0.14002247,0.7612334,0.098744065
test-u0002055,2,2,0.13484754,0.058135115,0.8070173
test-u0002056,1,1,0.18882617,0.6476014,0.16357231
test-u0002057,0,0,0.62782395,0.08017708,0.291999
test-u0002154,0,1,0.3619946,0.49903703,0.1389683
test-u0002155,0,1,0.18465094,0.7235154,0.09183375
test-u0002156,0,1,0.26631442,0.64185524,0.091830276
test-u0002157,0,1,0.35015514,0.4868238,0.16302106
test-u0002158,0,0,0.4040058,0.27544343,0.3205509
test-u0002159,0,1,0.2789475,0.512809,0.20824358
test-u0002238,1,1,0.21784092,0.4477119,0.3344472
test-u0002239,0,1,0.08234671,0.7743351,0.1433182
test-u0002240,0,1,0.22901042,0.5582293,0.21276028
test-u0002241,0,1,0.17718184,0.5889471,0.23387106
test-u0002242,0,1,0.23543485,0.5263549,0.23821025
test-u0002243,1,1,0.31922543,0.34738553,0.33338904
test-u0002244,0,1,0.10384049,0.5229105,0.373249
test-u0002245,0,1,0.19870132,0.48299694,0.31830177
test-u0002246,1,1,0.10899311,0.87016624,0.02084064
test-u0002247,0,2,0.15481554,0.3315211,0.51366335
test-u0002254,0,0,0.50771743,0.45521387,0.037068713
test-u0002255,0,1,0.13711733,0.8238343,0.03904839
test-u0002256,2,0,0.5437384,0.36416996,0.092091665
test-u0002257,1,1,0.10244625,0.8440179,0.05353577
test-u0002258,0,1,0.227759,0.7237198,0.048521135
test-u0002259,1,0,0.58566076,0.2610883,0.15325087
test-u0002260,1,1,0.21881254,0.67621386,0.10497361
test-u0002261,1,1,0.4477466,0.5340026,0.018250808
test-u0002262,0,0,0.61891496,0.25572246,0.12536256
test-u0002263,1,1,0.31212044,0.6152526,0.07262689
test-u0002264,0,0,0.4677688,0.45597196,0.07625925
test-u0002265,0,2,0.36624175,0.20324264,0.43051562
test-u0002266,1,2,0.13850392,0.21262555,0.64887047
test-u0002267,0,1,0.13088907,0.7679712,0.101139724
test-u0002268,2,2,0.12072878,0.12098241,0.7582888
test-u0002280,2,0,0.5170076,0.19325283,0.28973958
test-u0002281,1,1,0.09667546,0.71575606,0.18756855
test-u0002282,0,1,0.25933218,0.46443638,0.27623144
test-u0002283,0,2,0.13650191,0.2204791,0.643019
test-u0002284,2,2,0.32985896,0.19340067,0.47674036
test-u0002285,0,2,0.26735923,0.35127792,0.3813629
test-u0002286,2,2,0.2855665,0.14126404,0.5731694
test-u0002287,0,1,0.29312053,0.37911025,0.3277692
test-u0002288,1,1,0.17769152,0.5337268,0.2885816
test-u0002289,0,2,0.30374044,0.33720952,0.35905004
test-u0002290,0,1,0.37319824,0.409867,0.21693486
test-u0002291,0,1,0.41650718,0.4717652,0.1117276
test-u0002292,0,0,0.422514,0.17371243,0.4037736
test-u0002293,1,1,0.110393405,0.7200063,0.16960032
test-u0002395,0,0,0.46452942,0.19850339,0.33696726
test-u0002396,1,1,0.3050476,0.5406314,0.15432097
test-u0002397,0,0,0.7870881,0.07474388,0.13816795
test-u0002398,0,0,0.6205889,0.16742189,0.21198918
test-u0002399,0,0,0.46205243,0.43931597,0.09863152
test-u0002400,0,0,0.74933344,0.21418194,0.03648454
test-u0002401,0,0,0.7402335,0.20794158,0.051824953
test-u0002402,0,1,0.36393332,0.6008984,0.035168253
test-u0002403,2,0,0.6387464,0.16279954,0.19845408
test-u0002404,0,1,0.11436695,0.85520333,0.030429767
test-u0002405,1,1,0.30527076,0.5993702,0.095359
test-u0002406,0,2,0.24582322,0.11690867,0.6372681
test-u0002407,0,0,0.5068199,0.3958994,0.09728071
test-u0002408,2,0,0.78918505,0.11045753,0.100357376
test-u0002409,2,0,0.6348943,0.12798251,0.23712319
test-u0002410,0,0,0.6190727,0.14151788,0.23940948
test-u0002411,2,0,0.6840648,0.076979056,0.23895615
test-u0002412,2,0,0.5229789,0.20846508,0.2685561
test-u0002479,2,2,0.27658305,0.0800418,0.6433751
test-u0002480,0,0,0.54769856,0.3168916,0.13540983
test-u0002481,2,2,0.18193725,0.24433246,0.5737303
test-u0002482,2,1,0.38181618,0.49836805,0.11981577
test-u0002483,1,0,0.62193716,0.23372115,0.14434169
test-u0002484,2,1,0.18260375,0.52672243,0.29067385
test-u0002485,0,1,0.27412203,0.6752234,0.050654575
test-u0002486,0,0,0.6321748,0.16541125,0.20241398
test-u0002579,1,1,0.223686,0.5316662,0.24464779
test-u0002580,1,1,0.13735835,0.5018131,0.3608286
test-u0002581,1,1,0.079898894,0.7392168,0.18088432
test-u0002582,1,1,0.18571362,0.77506745,0.0392189
test-u0002583,1,1,0.28505665,0.45630005,0.2586433
test-u0002584,1,1,0.3533037,0.46526128,0.18143502
test-u0002585,1,1,0.092333205,0.8384121,0.06925471
test-u0002586,1,1,0.15606788,0.5922938,0.25163835
test-u0002587,0,1,0.4466938,0.45555365,0.09775248
test-u0002661,0,2,0.31760564,0.29981706,0.3825773
test-u0002662,1,1,0.11363546,0.61949307,0.26687148
test-u0002663,0,0,0.4865006,0.3716892,0.14181025
test-u0002664,2,2,0.19666255,0.104821905,0.6985155
test-u0002665,2,1,0.16943088,0.5507163,0.27985284
test-u0002666,0,1,0.22150156,0.46566445,0.31283396
test-u0002667,2,2,0.1511787,0.2471159,0.60170543
test-u0002668,2,1,0.1022225,0.7485723,0.14920524
test-u0002669,2,2,0.19004628,0.08734171,0.72261196
test-u0002706,2,2,0.28421566,0.2573187,0.45846564
test-u0002707,1,1,0.20818616,0.6513905,0.1404233
test-u0002708,2,2,0.29588887,0.3080418,0.3960693
test-u0002709,1,1,0.15205233,0.6906795,0.15726812
test-u0002710,1,2,0.3601055,0.15992254,0.47997195
test-u0002711,1,1,0.13008569,0.7796007,0.09031356
test-u0002712,1,0,0.5344298,0.1465214,0.31904882
test-u0002778,2,2,0.4148208,0.062283285,0.52289593
test-u0002779,2,1,0.2915661,0.38493374,0.32350013
test-u0002780,2,1,0.058991577,0.7908066,0.15020184
test-u0002781,1,1,0.47164974,0.47948208,0.04886817
test-u0002782,1,0,0.36990115,0.32930264,0.3007962
test-u0002783,1,1,0.39846584,0.41027603,0.1912581
test-u0002784,1,1,0.17117465,0.7516442,0.077181116
test-u0002862,1,2,0.11397785,0.17355049,0.71247166
test-u0002863,1,1,0.09597314,0.82565665,0.078370154
test-u0002864,0,1,0.27848616,0.3850429,0.3364709
test-u0002865,2,1,0.1135038,0.4620993,0.4243969
test-u0002866,2,1,0.23870529,0.41842026,0.34287447
test-u0002867,1,2,0.0813832,0.45829013,0.4603267
test-u0002868,1,1,0.31546137,0.42335993,0.26117867
test-u0002869,1,2,0.14002071,0.21239297,0.64758635
test-u0002870,1,1,0.12053599,0.7474854,0.13197856
test-u0002871,1,1,0.10505254,0.7840806,0.110866815
test-u0002872,0,1,0.30726275,0.61614317,0.07659412
test-u0002873,0,0,0.8348472,0.096491575,0.06866123
test-u0002874,2,2,0.10078613,0.40109986,0.498114
test-u0002875,1,1,0.16127855,0.5682398,0.27048162
test-u0002876,2,2,0.09125524,0.2107277,0.698017
test-u0002877,1,1,0.09499015,0.83419955,0.070810355
test-u0002878,1,1,0.18688011,0.6677526,0.14536726
test-u0002879,1,1,0.078360714,0.81695855,0.1046808
test-u0002975,0,0,0.47956085,0.34552392,0.17491524
test-u0002976,0,0,0.4805313,0.2476095,0.27185917
test-u0002977,1,2,0.14955845,0.4041851,0.44625643
test-u0002978,2,1,0.10239238,0.825728,0.07187955
test-u0002979,2,1,0.12956262,0.45507085,0.41536647
test-u0002980,2,2,0.09705872,0.08153516,0.82140607
test-u0002981,1,0,0.35738385,0.28793857,0.35467762
test-u0002982,1,1,0.33904013,0.37681773,0.28414208
test-u0002983,1,0,0.5793876,0.32780674,0.09280568
test-u0002984,1,1,0.1647693,0.6304055,0.20482515
test-u0002985,2,2,0.23132959,0.121796824,0.64687365
test-u0003014,1,1,0.32683125,0.60002,0.07314881
test-u0003015,1,1,0.17903759,0.6902586,0.13070384
test-u0003016,2,2,0.32862604,0.18440966,0.48696437
test-u0003017,2,2,0.18436368,0.10602267,0.7096136
test-u0003018,2,2,0.10230707,0.12014664,0.7775463
test-u0003019,0,1,0.20737961,0.5970401,0.19558024
test-u0003020,1,2,0.10406825,0.31323802,0.5826937
test-u0003021,2,0,0.5539486,0.1043041,0.34174737
test-u0003022,1,1,0.20976418,0.60511225,0.18512362
test-u0003032,1,1,0.27614033,0.5523711,0.1714886
test-u0003033,2,1,0.17452651,0.46706474,0.35840872
test-u0003034,1,2,0.18268605,0.25180545,0.5655085
test-u0003035,2,2,0.14060493,0.40779588,0.45159915
test-u0003036,1,1,0.22230403,0.45395637,0.3237396
test-u0003129,1,1,0.30331242,0.5427229,0.15396467
test-u0003130,1,1,0.05698871,0.9027774,0.040234003
test-u0003131,1,2,0.4036043,0.15386668,0.44252905
test-u0003132,1,1,0.09489099,0.82294786,0.08216121
test-u0003133,1,1,0.04793754,0.9026918,0.049370702
test-u0003252,1,1,0.35487118,0.48518538,0.15994343
test-u0003253,2,2,0.28200057,0.34795672,0.37004268
test-u0003254,2,0,0.46144968,0.26770896,0.27084133
test-u0003255,1,1,0.20669883,0.6565127,0.13678841
test-u0003256,2,1,0.12062507,0.5604002,0.3189747
test-u0003257,1,1,0.14951563,0.6160807,0.23440361
test-u0003258,2,2,0.18586327,0.2007471,0.6133896
test-u0003259,2,2,0.13160487,0.21493617,0.653459
test-u0003260,2,1,0.08985916,0.518175,0.39196587
test-u0003261,1,2,0.11730374,0.43816122,0.44453502
test-u0003262,2,2,0.18503489,0.09703689,0.71792823
test-u0003263,2,0,0.9000357,0.051504437,0.048459906
test-u0003264,1,1,0.30220008,0.55134743,0.14645253
test-u0003265,1,0,0.61384094,0.1515324,0.23462665
test-u0003266,1,1,0.4298979,0.4874729,0.08262918
test-u0003267,2,2,0.22475398,0.13798653,0.63725954
test-u0003275,1,2,0.23607294,0.051270068,0.71265703
test-u0003276,0,0,0.6282485,0.093495846,0.27825564
test-u0003277,0,0,0.5946704,0.10483309,0.30049646
test-u0003278,1,1,0.30152705,0.61879855,0.07967433
test-u0003279,1,1,0.20919049,0.47831255,0.31249702
test-u0003280,2,1,0.2879018,0.55204374,0.16005452
test-u0003281,0,1,0.3775599,0.4372382,0.1852019
test-u0003282,2,1,0.36519614,0.42112264,0.21368131
test-u0003283,1,1,0.16398011,0.6696994,0.16632049
test-u0003305,2,2,0.17632863,0.11911716,0.70455426
test-u0003306,2,0,0.51354253,0.10295419,0.38350326
test-u0003307,2,2,0.29299116,0.11153523,0.59547365
test-u0003308,2,1,0.31223923,0.37547538,0.31228542
test-u0003309,2,0,0.5473696,0.38075113,0.071879305
test-u0003310,2,2,0.15680969,0.124791324,0.7183989
test-u0003411,1,1,0.12627874,0.7524586,0.121262744
test-u0003412,2,2,0.16899909,0.10411432,0.7268866
test-u0003413,1,2,0.16630036,0.366915,0.4667847
test-u0003414,0,2,0.3215516,0.07038597,0.60806245
test-u0003415,2,2,0.14178862,0.07857548,0.7796359
test-u0003416,1,0,0.75331354,0.2098587,0.036827825
test-u0003417,2,1,0.10632866,0.83475184,0.05891959
test-u0003446,0,0,0.72464687,0.14831586,0.12703726
test-u0003447,1,1,0.09091709,0.6678733,0.2412096
test-u0003448,0,0,0.50929815,0.32260838,0.16809349
test-u0003449,1,1,0.18954857,0.600409,0.21004242
test-u0003450,1,1,0.12037205,0.76923215,0.11039578
test-u0003451,2,2,0.2537412,0.10531661,0.64094216
test-u0003452,1,1,0.17118281,0.6783213,0.1504959
test-u0003453,2,1,0.14041151,0.53711325,0.32247528
test-u0003454,2,2,0.13593395,0.3725045,0.49156156
test-u0003455,2,0,0.53129846,0.12271818,0.3459833
test-u0003456,2,0,0.40333903,0.37092873,0.22573222
test-u0003457,2,1,0.27731448,0.4338471,0.2888384
test-u0003458,2,0,0.604736,0.14715783,0.24810626
test-u0003459,2,0,0.45132753,0.26439685,0.2842757
test-u0003460,1,0,0.5657344,0.28630465,0.14796092
test-u0003461,1,2,0.19402042,0.20515354,0.600826
test-u0003462,1,1,0.08443099,0.87131774,0.044251315
test-u0003463,1,1,0.0973683,0.8301823,0.0724493
test-u0003464,1,1,0.2716373,0.6013245,0.1270382
test-u0003465,1,1,0.22870338,0.46996424,0.30133235
test-u0003479,1,2,0.16006659,0.37911063,0.46082273
test-u0003480,2,1,0.123199895,0.8390976,0.037702505
test-u0003481,1,0,0.486466,0.38029253,0.13324144
test-u0003482,1,1,0.064522,0.85267943,0.08279867
test-u0003483,1,1,0.19788468,0.4367762,0.36533916
test-u0003484,1,1,0.32702342,0.42242032,0.2505563
test-u0003485,1,1,0.13958791,0.58675545,0.27365664
test-u0003486,1,1,0.11121821,0.5704591,0.31832263
test-u0003487,1,1,0.36214134,0.5572968,0.08056187
test-u0003488,0,0,0.77847195,0.094203755,0.12732427
test-u0003489,2,1,0.12577868,0.75076646,0.12345489
test-u0003490,1,1,0.119586326,0.7477614,0.13265222
test-u0003491,1,1,0.32464808,0.59943485,0.07591705
test-u0003729,2,1,0.085187875,0.54110384,0.37370828
test-u0003730,1,2,0.20743139,0.3773803,0.41518834
test-u0003731,1,1,0.14384726,0.6449312,0.21122152
test-u0003732,1,1,0.1359253,0.62317014,0.24090448
test-u0003733,1,1,0.25010386,0.6693388,0.08055732
test-u0003734,1,1,0.07524925,0.8702117,0.054538988
test-u0003735,2,2,0.24299465,0.261156,0.49584943
test-u0003736,2,1,0.34640726,0.3505995,0.30299315
test-u0003737,2,1,0.27645016,0.6029615,0.12058838
test-u0003738,0,0,0.4392405,0.26331156,0.29744795
test-u0003739,0,0,0.6077115,0.18582466,0.2064638
test-u0003740,1,1,0.2763402,0.6857175,0.0379423
test-u0003741,2,1,0.3699557,0.5207987,0.10924563
test-u0003742,1,0,0.55269825,0.31305152,0.13425025
test-u0003743,1,1,0.2997496,0.4454483,0.25480205
test-u0003804,0,2,0.33302066,0.072901644,0.5940777
test-u0003805,1,1,0.13864891,0.6732671,0.18808396
test-u0003806,1,2,0.27784064,0.33681276,0.38534662
test-u0003807,1,0,0.48113158,0.42881805,0.09005035
test-u0003808,2,0,0.5167155,0.13838995,0.34489447
test-u0003831,1,1,0.13463698,0.7072087,0.15815435
test-u0003832,1,1,0.21866715,0.611335,0.16999784
test-u0003833,1,1,0.09913577,0.82569826,0.07516595
test-u0003834,1,0,0.4911383,0.30572748,0.2031342
test-u0003835,1,2,0.10241667,0.107304655,0.7902787
test-u0003836,1,1,0.09017382,0.8873862,0.022440044
test-u0003837,1,0,0.43035093,0.28895268,0.2806964
test-u0003838,2,2,0.2746508,0.17254135,0.55280787
test-u0003839,1,1,0.088367715,0.8295372,0.08209506
test-u0003840,1,1,0.31830487,0.4921844,0.18951066
test-u0003841,1,1,0.19778839,0.43239284,0.3698188
test-u0003854,2,2,0.18731676,0.13591751,0.6767658
test-u0003855,2,0,0.5034692,0.22690988,0.26962093
test-u0003856,2,0,0.44193682,0.26478592,0.29327732
test-u0003857,1,0,0.7699828,0.15622437,0.07379287
test-u0003858,0,2,0.36363629,0.24034639,0.39601737
test-u0003859,2,2,0.3235208,0.19004801,0.48643118
test-u0003860,2,1,0.3137362,0.42004916,0.26621464
test-u0003861,2,2,0.12446113,0.037764475,0.8377744
test-u0003862,0,1,0.39646348,0.47135526,0.13218127
test-u0003918,1,1,0.16764295,0.75432956,0.07802744
test-u0003919,1,1,0.17218995,0.5938799,0.23393014
test-u0003920,1,1,0.14162032,0.6617479,0.19663179
test-u0003921,1,2,0.100629516,0.3484193,0.5509511
test-u0003922,1,1,0.41391566,0.4249083,0.161176
test-u0003923,1,1,0.10184219,0.71975476,0.17840302
test-u0003924,1,1,0.13746502,0.74357593,0.11895904
test-u0003925,1,0,0.70856166,0.189969,0.10146935
test-u0003926,1,1,0.27613303,0.56826216,0.15560475
test-u0003927,1,1,0.20745043,0.60481113,0.18773843
test-u0003928,1,1,0.2265324,0.43959528,0.33387235
test-u0004048,1,1,0.1046237,0.83883667,0.056539673
test-u0004049,2,2,0.1286658,0.22956465,0.6417696
test-u0004050,0,0,0.6150876,0.18262298,0.2022894
test-u0004051,1,2,0.27243808,0.2822958,0.44526616
test-u0004052,2,1,0.2712272,0.4377091,0.2910637
test-u0004053,1,0,0.50716573,0.3771246,0.11570969
test-u0004126,2,2,0.112874106,0.11200432,0.7751216
test-u0004127,2,2,0.11692386,0.357408,0.52566814
test-u0004128,2,1,0.08926605,0.67256635,0.23816758
test-u0004129,1,1,0.10949671,0.72206295,0.16844039
test-u0004130,2,1,0.21152326,0.4992148,0.28926188
test-u0004131,2,2,0.18596008,0.29838178,0.5156582
test-u0004132,1,1,0.24673973,0.5578199,0.19544038
test-u0004133,2,1,0.14519213,0.44504544,0.40976247
test-u0004134,2,2,0.14916264,0.36898553,0.4818518
test-u0004135,1,1,0.09283718,0.7307985,0.17636436
test-u0004136,1,1,0.050605543,0.8864814,0.06291299
test-u0004149,1,1,0.24715811,0.56051767,0.19232424
test-u0004150,1,0,0.5901035,0.37329084,0.036605712
test-u0004151,2,0,0.46239227,0.37653032,0.16107737
test-u0004152,1,1,0.3491475,0.51635617,0.13449626
test-u0004153,2,2,0.30428737,0.1320449,0.5636677
test-u0004154,2,2,0.2743434,0.27346748,0.45218906
test-u0004155,0,2,0.3244078,0.25212544,0.4234668
test-u0004156,2,0,0.5062481,0.1633968,0.33035514
test-u0004157,1,1,0.11102676,0.8065441,0.08242913
test-u0004158,1,1,0.11495342,0.6176344,0.2674122
test-u0004159,1,1,0.11212535,0.6581998,0.22967494
test-u0004160,1,1,0.26413274,0.40644607,0.3294212
test-u0004161,1,1,0.097488105,0.5157497,0.3867623
test-u0004162,2,2,0.33078244,0.16963501,0.49958253
test-u0004163,1,1,0.18375453,0.6428196,0.17342584
test-u0004164,1,2,0.1426689,0.22776093,0.6295701
test-u0004165,2,2,0.23625842,0.23064306,0.5330985
test-u0004166,2,1,0.15349118,0.45311877,0.39339003
test-u0004167,1,1,0.3113406,0.5589039,0.12975551
test-u0004175,1,1,0.2079114,0.59028995,0.20179863
test-u0004176,1,1,0.28227922,0.6845442,0.03317649
test-u0004177,1,1,0.20516042,0.6517804,0.14305918
test-u0004178,0,1,0.2564168,0.68978536,0.0537979
test-u0004179,2,1,0.13980976,0.47661504,0.38357514
test-u0004180,2,2,0.31513384,0.28516704,0.39969912
test-u0004181,2,2,0.09386677,0.1763144,0.7298189
test-u0004182,2,2,0.12690544,0.11529807,0.7577965
test-u0004183,2,0,0.42282954,0.2056298,0.3715407
test-u0004184,0,2,0.2178421,0.36218172,0.4199762
test-u0004185,2,2,0.15772791,0.14554739,0.6967247
test-u0004186,1,1,0.115762904,0.7970768,0.08716027
test-u0004187,2,2,0.08774319,0.39901775,0.513239
test-u0004188,2,1,0.2613432,0.38733432,0.35132247
test-u0004189,0,2,0.22102721,0.21255606,0.5664167
test-u0004190,2,2,0.09760134,0.07026869,0.83212996
test-u0004191,1,1,0.08734301,0.8001264,0.11253067
test-u0004283,2,1,0.16240056,0.5032163,0.33438307
test-u0004284,2,0,0.61625355,0.13962458,0.24412186
test-u0004285,1,2,0.29493707,0.2917114,0.41335154
test-u0004286,1,1,0.07886522,0.8076574,0.11347732
test-u0004287,1,2,0.12653385,0.11317731,0.76028883
test-u0004288,1,1,0.12084936,0.7362654,0.14288522
test-u0004289,2,2,0.18984562,0.22837476,0.5817796
test-u0004290,1,0,0.58422387,0.30637184,0.10940419
test-u0004291,1,1,0.07933449,0.80650985,0.114155695
test-u0004292,2,1,0.18580656,0.46886164,0.34533188
test-u0004293,1,2,0.38430887,0.1105976,0.5050935
test-u0004438,1,0,0.46364877,0.10324599,0.43310523
test-u0004439,1,1,0.21083851,0.65249276,0.13666874
test-u0004440,2,1,0.22004418,0.6066509,0.17330495
test-u0004441,2,1,0.30593294,0.52764326,0.16642381
test-u0004442,2,2,0.27468634,0.109059356,0.6162543
test-u0004443,0,0,0.76203185,0.094838746,0.14312945
test-u0004444,1,2,0.16170196,0.2713398,0.5669582
test-u0004445,1,0,0.5466636,0.31118035,0.14215603
test-u0004446,1,1,0.26526675,0.6721627,0.06257053
test-u0004447,1,1,0.16082075,0.6576705,0.18150872
test-u0004448,1,1,0.32646316,0.6314209,0.042115908
test-u0004449,2,1,0.13635153,0.45654434,0.40710413
test-u0004486,1,1,0.21799167,0.49009928,0.291909
test-u0004487,2,1,0.14909256,0.50726205,0.34364542
test-u0004488,2,0,0.39452773,0.23856393,0.36690837
test-u0004489,2,1,0.07503973,0.7904735,0.13448681
test-u0004490,2,2,0.09170443,0.13955157,0.768744
test-u0004491,2,2,0.19779329,0.142202,0.66000473
test-u0004640,0,1,0.239902,0.46072364,0.29937437
test-u0004641,1,1,0.14126424,0.6850212,0.17371465
test-u0004642,1,1,0.102827646,0.8715772,0.025595179
test-u0004643,1,2,0.25659433,0.27633774,0.46706787
test-u0004644,1,1,0.29319957,0.49002182,0.21677867
test-u0004645,0,0,0.85407627,0.05337637,0.09254731
test-u0004646,0,0,0.46903068,0.099214144,0.43175516
test-u0004647,2,1,0.21166582,0.39606166,0.39227256
test-u0004648,1,1,0.31875744,0.6414172,0.039825417
test-u0004649,1,1,0.32214567,0.49733728,0.18051706
test-u0004663,2,2,0.34569067,0.2933204,0.36098894
test-u0004664,2,0,0.3578656,0.3111198,0.3310146
test-u0004665,0,2,0.19982547,0.34585676,0.45431784
test-u0004666,2,1,0.25072545,0.40150765,0.34776682
test-u0004667,1,1,0.09863919,0.8375133,0.06384744
test-u0004668,1,1,0.24212958,0.5617884,0.19608209
test-u0004669,1,1,0.3283357,0.52652955,0.14513479
test-u0004670,1,0,0.5299092,0.23076165,0.23932922
test-u0004671,1,1,0.14021245,0.80684614,0.05294148
test-u0004672,1,1,0.14500982,0.58612645,0.2688637
test-u0004673,1,1,0.09712137,0.8324513,0.07042733
test-u0004674,1,1,0.14315094,0.49669027,0.3601588
test-u0004735,1,1,0.13721156,0.73645866,0.12632976
test-u0004736,1,1,0.099265195,0.7187601,0.18197472
test-u0004737,1,1,0.14023231,0.5253113,0.33445644
test-u0004738,2,2,0.10100918,0.10002884,0.798962
test-u0004739,1,2,0.4244822,0.09177071,0.4837472
test-u0004740,2,1,0.085206784,0.80859566,0.106197566
test-u0004741,1,1,0.07299518,0.564158,0.3628468
test-u0004892,0,2,0.3030945,0.09199661,0.6049088
test-u0004893,0,0,0.7236598,0.14477658,0.13156362
test-u0004894,0,1,0.36271217,0.4475217,0.18976612
test-u0004895,2,2,0.28332627,0.26286423,0.4538095
test-u0004896,2,2,0.12497294,0.36503416,0.50999296
test-u0004897,2,2,0.12562428,0.09727869,0.77709705
test-u0004898,1,1,0.15487078,0.7601002,0.085029006
test-u0004899,2,0,0.41120067,0.3184465,0.2703528
test-u0004900,2,2,0.16064793,0.081903964,0.7574481
test-u0004962,2,2,0.44257417,0.07405422,0.48337162
test-u0004963,0,1,0.30044773,0.665796,0.033756275
test-u0004964,1,1,0.41018516,0.43353918,0.15627562
test-u0004965,1,1,0.37470976,0.43563944,0.18965074
test-u0004966,2,2,0.10894401,0.11878279,0.77227324
test-u0004967,1,1,0.1445604,0.78556955,0.0698701
test-u0004968,1,1,0.18698633,0.5973976,0.21561606
test-u0004969,1,0,0.4328663,0.33165756,0.23547618
test-u0004970,2,2,0.16994981,0.17466167,0.65538853
test-u0004971,2,2,0.14373735,0.31995904,0.53630364
test-u0004972,2,2,0.12605801,0.06725377,0.8066882
test-u0004973,1,1,0.07394951,0.7414217,0.18462883
test-u0004974,2,1,0.11950929,0.6854941,0.19499663
test-u0004975,1,1,0.07763797,0.51396865,0.40839338
test-u0004976,0,0,0.68565434,0.09023472,0.2241109
test-u0004977,1,2,0.13251165,0.085268795,0.7822196
test-u0004978,2,2,0.24442905,0.3314451,0.42412585
test-u0005020,2,2,0.26600906,0.055701125,0.6782898
test-u0005021,1,1,0.18766914,0.4155607,0.3967702
test-u0005022,2,2,0.12134875,0.083248496,0.79540277
test-u0005023,2,2,0.20288746,0.07616348,0.72094905
test-u0005024,2,2,0.14584884,0.11520465,0.7389465
test-u0005025,1,2,0.11958188,0.09179709,0.78862107
test-u0005026,0,2,0.2471838,0.34266955,0.41014665
test-u0005027,1,2,0.09819367,0.43226314,0.46954325
test-u0005028,2,2,0.30894318,0.18014042,0.51091635
test-u0005058,2,2,0.30092707,0.33328328,0.36578968
test-u0005059,2,0,0.40090877,0.3517694,0.24732184
test-u0005060,1,2,0.25045174,0.33465487,0.41489342
test-u0005061,2,1,0.2987808,0.3521955,0.3490237
test-u0005062,2,2,0.24715775,0.3726996,0.38014266
test-u0005063,2,2,0.35214272,0.26661623,0.38124105
test-u0005064,0,2,0.32104042,0.16149688,0.5174627
test-u0005065,0,0,0.519624,0.3232842,0.15709178
test-u0005066,0,0,0.68101466,0.10974826,0.20923702
