sample_id,y_true,y_pred,prob_negative,prob_neutral,prob_positive
train-u0000017,1,1,0.31688043,0.38639838,0.29672122
train-u0000018,2,2,0.2484737,0.29303592,0.4584904
train-u0000019,0,0,0.37769115,0.29887107,0.32343775
train-u0000019,0,1,0.3586333,0.3804016,0.26096505
train-u0000020,0,0,0.38426393,0.28980127,0.3259347
train-u0000020,0,1,0.3668772,0.3924016,0.2407211
train-u0000021,0,1,0.32367167,0.36358172,0.3127466
train-u0000021,0,2,0.25598228,0.31688204,0.42713577
train-u0000022,1,2,0.29685116,0.28196043,0.42118838
train-u0000023,1,1,0.27526504,0.3654007,0.35933417
train-u0000024,1,1,0.2594998,0.38162607,0.35887417
train-u0000025,1,2,0.2594922,0.33928624,0.4012215
train-u0000026,0,2,0.25431257,0.3497128,0.39597464
train-u0000026,0,0,0.41413036,0.30204576,0.28382382
train-u0000027,2,1,0.30300996,0.38611725,0.3108728
train-u0000028,0,2,0.23373027,0.31497127,0.45129848
train-u0000029,1,2,0.2603105,0.30387133,0.4358181
train-u0000030,1,1,0.3274515,0.3603,0.31224844
train-u0000031,0,2,0.23481098,0.33338565,0.43180344
train-u0000031,0,1,0.34708458,0.3554197,0.29749575
train-u0000091,1,1,0.31916457,0.3805481,0.30028734
train-u0000092,0,2,0.3066443,0.32834294,0.36501276
train-u0000093,0,0,0.38262424,0.29994735,0.31742844
train-u0000094,0,2,0.27665934,0.343451,0.37988958
train-u0000094,0,0,0.37182128,0.27280235,0.35537633
train-u0000094,0,2,0.28603354,0.27934244,0.43462402
train-u0000095,0,0,0.34630188,0.33983007,0.31386805
train-u0000096,1,0,0.3761632,0.31760886,0.30622792
train-u0000097,1,1,0.29730034,0.38929132,0.31340834
train-u0000097,1,2,0.318454,0.2814739,0.40007207
train-u0000097,1,2,0.32095903,0.27028382,0.4087571
train-u0000097,1,1,0.30299422,0.41006285,0.2869429
train-u0000098,2,1,0.27950212,0.37150225,0.34899557
train-u0000099,0,1,0.352276,0.35824874,0.28947526
train-u0000100,1,2,0.24472828,0.32639608,0.4288757
train-u0000100,1,1,0.26295042,0.44478863,0.29226092
train-u0000101,2,1,0.28957143,0.3755592,0.33486935
train-u0000101,2,2,0.25552788,0.33933556,0.40513653
train-u0000102,2,2,0.31432325,0.3373992,0.34827757
train-u0000102,2,2,0.25748545,0.3301664,0.41234815
train-u0000103,1,1,0.29567015,0.37290147,0.3314284
train-u0000104,0,1,0.2488021,0.40980178,0.34139615
train-u0000105,2,1,0.27801093,0.44369808,0.27829096
train-u0000106,0,1,0.27821776,0.42305753,0.2987247
train-u0000107,1,2,0.3130496,0.3096862,0.37726414
train-u0000107,1,1,0.31851104,0.38299507,0.29849383
train-u0000107,1,2,0.29397407,0.3040885,0.40193748
train-u0000108,1,1,0.2827755,0.4447488,0.27247575
train-u0000110,1,0,0.36247155,0.35373878,0.2837896
train-u0000111,1,0,0.42745432,0.3157465,0.25679913
train-u0000111,1,1,0.34880063,0.35808322,0.2931161
train-u0000376,0,1,0.3668628,0.36808893,0.26504835
train-u0000376,0,1,0.34233713,0.36990035,0.28776255
train-u0000376,0,0,0.4799764,0.2756571,0.24436648
train-u0000377,0,1,0.33467272,0.37707,0.28825724
train-u0000378,0,2,0.3591681,0.28091678,0.35991517
train-u0000378,0,2,0.24907732,0.34408128,0.40684134
train-u0000378,0,2,0.3269081,0.30617645,0.3669154
train-u0000378,0,2,0.35617244,0.28344166,0.36038586
train-u0000379,0,2,0.33213985,0.31625405,0.3516061
train-u0000379,0,0,0.36922652,0.3440382,0.28673524
train-u0000379,0,0,0.39375392,0.27381027,0.33243585
train-u0000379,0,2,0.36537603,0.24376276,0.3908612
train-u0000379,0,2,0.32285687,0.29346564,0.38367745
train-u0000379,0,0,0.33864856,0.3302732,0.33107823
train-u0000379,0,2,0.34105703,0.29942125,0.3595217
train-u0000379,0,2,0.32245806,0.2770014,0.40054056
train-u0000379,0,2,0.2772275,0.29413468,0.4286379
train-u0000379,0,0,0.3844766,0.31051517,0.30500826
train-u0000379,0,2,0.3411329,0.26236832,0.3964988
train-u0000379,0,2,0.32610667,0.30364665,0.37024668
train-u0000379,0,0,0.34112915,0.32964534,0.32922557
train-u0000379,0,2,0.33045578,0.274768,0.39477623
train-u0000380,1,0,0.5104004,0.2927491,0.19685057
train-u0000380,1,0,0.34880042,0.33594337,0.31525624
train-u0000380,1,0,0.42721164,0.34404692,0.2287414
train-u0000380,1,2,0.33089465,0.2701589,0.3989464
train-u0000380,1,1,0.310656,0.34499696,0.344347
train-u0000381,2,0,0.34801084,0.31409463,0.33789453
train-u0000382,0,1,0.3465872,0.36299604,0.29041672
train-u0000382,0,0,0.46429345,0.28377068,0.2519359
train-u0000383,0,1,0.29738447,0.37307405,0.3295415
train-u0000384,1,2,0.34738624,0.2741988,0.37841493
train-u0000384,1,2,0.32392624,0.31134447,0.36472926
train-u0000384,1,2,0.32068175,0.3256084,0.35370988
train-u0000384,1,2,0.33154237,0.25743172,0.41102585
train-u0000384,1,2,0.33339724,0.27955034,0.38705242
train-u0000384,1,2,0.3374371,0.2519527,0.41061017
train-u0000384,1,1,0.32719195,0.35092217,0.32188588
train-u0000384,1,0,0.3500137,0.32772493,0.32226136
train-u0000384,1,2,0.30098307,0.3375416,0.3614753
train-u0000384,1,2,0.33890757,0.26616114,0.39493132
train-u0000384,1,0,0.38324568,0.3001675,0.3165868
train-u0000384,1,2,0.33184898,0.31195652,0.35619456
train-u0000385,0,0,0.3685491,0.34251317,0.2889377
train-u0000385,0,0,0.49984896,0.32143667,0.17871442
train-u0000385,0,0,0.38630334,0.29660136,0.31709534
train-u0000385,0,2,0.32765272,0.31063715,0.36171007
train-u0000385,0,0,0.35394987,0.34917676,0.2968734
train-u0000385,0,2,0.33168116,0.28708676,0.38123208
train-u0000386,1,1,0.3397284,0.34805977,0.31221184
train-u0000386,1,0,0.37106913,0.3332973,0.29563352
train-u0000386,1,0,0.42115572,0.31826153,0.26058286
train-u0000387,0,0,0.34822842,0.33570284,0.31606877
train-u0000387,0,1,0.3492697,0.35083643,0.29989392
train-u0000387,0,0,0.40431485,0.33859682,0.25708824
train-u0000388,1,0,0.36578935,0.3269702,0.30724043
train-u0000388,1,1,0.3484621,0.35536876,0.29616916
train-u0000388,1,0,0.38694155,0.34600186,0.26705658
train-u0000389,0,1,0.3026043,0.36696184,0.33043388
train-u0000389,0,0,0.3972948,0.31173772,0.29096746
train-u0000389,0,0,0.36890495,0.31956372,0.3115313
train-u0000390,2,1,0.36040303,0.3990722,0.24052474
train-u0000390,2,0,0.3508946,0.33623797,0.31286737
train-u0000390,2,0,0.36162362,0.3415067,0.29686975
train-u0000391,1,1,0.36062536,0.3947974,0.24457724
train-u0000391,1,1,0.34840712,0.37804812,0.27354476
train-u0000391,1,1,0.32726583,0.3508566,0.3218775
train-u0000392,1,1,0.34028482,0.36263803,0.29707712
train-u0000394,1,0,0.39819512,0.3247698,0.27703503
train-u0000394,1,0,0.44448477,0.30194515,0.25357005
train-u0000424,2,0,0.35511553,0.29104185,0.3538426
train-u0000424,2,0,0.44399443,0.2859206,0.27008498
train-u0000425,0,0,0.4252532,0.39709723,0.17764957
train-u0000426,0,1,0.35162857,0.41927418,0.22909719
train-u0000427,0,1,0.35162857,0.41927418,0.22909719
train-u0000428,0,1,0.31776994,0.41113606,0.271094
train-u0000434,1,1,0.27020425,0.42520186,0.30459383
train-u0000434,1,2,0.33529186,0.30839816,0.35631
train-u0000435,1,1,0.2854997,0.38228294,0.33221737
train-u0000436,1,1,0.2854997,0.38228294,0.33221737
train-u0000437,1,1,0.31733665,0.35080403,0.33185932
train-u0000438,1,1,0.30257592,0.39360696,0.30381715
train-u0000468,2,1,0.27793926,0.39746332,0.32459745
train-u0000468,2,0,0.39999595,0.2635407,0.33646333
train-u0000469,0,1,0.27389187,0.41981494,0.30629316
train-u0000469,0,2,0.3347387,0.31495824,0.35030302
train-u0000470,0,1,0.25891352,0.4080489,0.3330376
train-u0000470,0,1,0.2790067,0.42734993,0.2936434
train-u0000471,0,1,0.26567194,0.4481448,0.2861833
train-u0000471,0,2,0.34243718,0.27380773,0.38375512
train-u0000472,0,1,0.28301612,0.36505073,0.3519332
train-u0000472,0,2,0.34407854,0.30554596,0.35037556
train-u0000473,2,1,0.2942715,0.36734962,0.33837882
train-u0000474,1,2,0.28707153,0.34113136,0.37179708
train-u0000475,0,1,0.31649315,0.3738786,0.30962825
train-u0000505,0,1,0.2796299,0.46350488,0.2568652
train-u0000505,0,0,0.39238858,0.3127282,0.2948832
train-u0000506,0,2,0.2840153,0.31647,0.39951473
train-u0000507,0,2,0.26231366,0.31779614,0.41989017
train-u0000508,1,1,0.32676134,0.40850243,0.2647363
train-u0000510,1,1,0.2884897,0.48991105,0.22159916
train-u0000511,0,0,0.39720985,0.31414196,0.28864816
train-u0000610,2,0,0.39237666,0.35654086,0.25108245
train-u0000611,1,0,0.35821486,0.33292317,0.30886194
train-u0000612,0,0,0.36016962,0.35219398,0.28763646
train-u0000613,1,0,0.460747,0.30591533,0.23333769
train-u0000613,1,0,0.3629266,0.34869346,0.28837994
train-u0000614,0,1,0.30534336,0.3868413,0.30781537
train-u0000615,0,1,0.34281892,0.38131005,0.27587113
train-u0000616,0,1,0.3573163,0.37640518,0.26627862
train-u0000617,0,0,0.52702814,0.27841195,0.19455986
train-u0000698,1,0,0.3579602,0.35300702,0.28903282
train-u0000698,1,0,0.38931432,0.35947368,0.251212
train-u0000698,1,0,0.423071,0.39337808,0.18355091
train-u0000698,1,0,0.36691096,0.34853944,0.28454962
train-u0000698,1,2,0.38064966,0.18150182,0.43784854
train-u0000698,1,0,0.38440734,0.23332061,0.38227195
train-u0000698,1,0,0.38447595,0.33380863,0.28171536
train-u0000698,1,0,0.41621587,0.28867555,0.29510856
train-u0000700,0,0,0.37200204,0.35935974,0.2686382
train-u0000701,0,0,0.37901947,0.34255892,0.27842164
train-u0000702,0,0,0.37460628,0.36275616,0.26263756
train-u0000703,0,0,0.41459376,0.2541049,0.33130133
train-u0000703,0,0,0.38067308,0.34321618,0.2761108
train-u0000705,0,0,0.41038927,0.39033744,0.19927326
train-u0000706,0,1,0.32248965,0.459579,0.21793139
train-u0000708,0,0,0.45451692,0.29338738,0.25209567
train-u0000708,0,1,0.37158003,0.3765608,0.25185916
train-u0000708,0,0,0.41710472,0.34259582,0.2402995
train-u0000708,0,0,0.4308155,0.30602786,0.26315668
train-u0000708,0,0,0.42668107,0.29614714,0.2771718
train-u0000708,0,0,0.365958,0.34928542,0.28475654
train-u0000708,0,0,0.42489877,0.2922199,0.2828813
train-u0000708,0,1,0.36157292,0.37970865,0.25871834
train-u0000708,0,0,0.45823967,0.28035802,0.2614023
train-u0000708,0,0,0.3933074,0.36549923,0.24119332
train-u0000708,0,0,0.3877944,0.3570134,0.2551922
train-u0000708,0,1,0.35782713,0.40360925,0.23856364
train-u0000708,0,0,0.4625801,0.14148106,0.3959389
train-u0000708,0,0,0.46921992,0.26255545,0.26822457
train-u0000708,0,0,0.39131182,0.32112595,0.28756222
train-u0000708,0,0,0.43689957,0.34419188,0.21890847
train-u0000708,0,0,0.36691707,0.36437142,0.26871154
train-u0000708,0,0,0.4594338,0.2908462,0.24972002
train-u0000709,0,0,0.3846639,0.33389655,0.28143957
train-u0000709,0,0,0.41582364,0.26370272,0.3204737
train-u0000709,0,0,0.35697412,0.33602753,0.3069983
train-u0000709,0,0,0.43632331,0.27165774,0.29201895
train-u0000709,0,0,0.377034,0.34346247,0.2795035
train-u0000709,0,0,0.354943,0.30523014,0.33982682
train-u0000709,0,0,0.40145653,0.31444925,0.28409424
train-u0000709,0,0,0.47623363,0.2978591,0.22590715
train-u0000709,0,0,0.42729872,0.28578168,0.28691953
train-u0000709,0,0,0.379642,0.3255808,0.29477713
train-u0000709,0,1,0.33261177,0.3740585,0.29332972
train-u0000711,0,1,0.3386645,0.3602174,0.3011181
train-u0000711,0,0,0.35658422,0.3332194,0.3101964
train-u0000711,0,0,0.40758875,0.36766514,0.2247461
train-u0000711,0,1,0.34250692,0.3747266,0.28276646
train-u0000711,0,1,0.34849975,0.3565737,0.29492655
train-u0000711,0,0,0.3910753,0.2241704,0.38475418
train-u0000711,0,0,0.34912476,0.33356705,0.31730813
train-u0000711,0,0,0.38294542,0.26545498,0.35159954
train-u0000711,0,0,0.4071235,0.22003996,0.37283656
train-u0000711,0,0,0.36934727,0.35595545,0.27469727
train-u0000711,0,0,0.3868454,0.36363915,0.24951552
train-u0000711,0,0,0.4335389,0.20190667,0.36455435
train-u0000711,0,0,0.42135406,0.27521798,0.30342793
train-u0000711,0,0,0.46005118,0.17491749,0.36503133
train-u0000711,0,0,0.40841243,0.31675953,0.27482817
train-u0000711,0,0,0.486005,0.34053174,0.17346327
train-u0000712,0,0,0.4626763,0.23925152,0.29807216
train-u0000712,0,1,0.3711413,0.38373822,0.24512045
train-u0000712,0,0,0.40718448,0.31995502,0.27286047
train-u0000712,0,0,0.41086107,0.31858435,0.27055454
train-u0000712,0,0,0.3653166,0.3348736,0.2998098
train-u0000712,0,0,0.3661385,0.29068497,0.3431765
train-u0000712,0,0,0.39076644,0.34231576,0.2669178
train-u0000712,0,0,0.40290594,0.3763816,0.22071242
train-u0000712,0,0,0.42235267,0.32255402,0.25509334
train-u0000712,0,0,0.36453867,0.34665817,0.28880313
train-u0000712,0,0,0.41958967,0.28600517,0.2944052
train-u0000712,0,1,0.37314135,0.3768371,0.25002155
train-u0000712,0,1,0.35010785,0.36974308,0.28014913
train-u0000712,0,1,0.35470212,0.36800358,0.27729428
train-u0000713,0,1,0.37169033,0.37386075,0.25444892
train-u0000713,0,1,0.36677107,0.40849587,0.22473304
train-u0000713,0,0,0.40944278,0.3598799,0.2306774
train-u0000714,0,0,0.37411723,0.3620586,0.26382422
train-u0000714,0,1,0.35313705,0.43177813,0.21508485
train-u0000714,0,0,0.37573558,0.35201648,0.27224785
train-u0000715,0,1,0.2809771,0.43413192,0.2848909
train-u0000715,0,1,0.28944215,0.44796056,0.2625972
train-u0000715,0,1,0.32306844,0.38010636,0.29682523
train-u0000744,0,0,0.34265035,0.3212694,0.33608034
train-u0000745,0,1,0.21426226,0.41230106,0.3734367
train-u0000745,0,2,0.28757632,0.3508645,0.36155924
train-u0000745,0,2,0.31953833,0.30643812,0.37402356
train-u0000745,0,2,0.3561085,0.2624524,0.3814391
train-u0000745,0,2,0.29019123,0.3397542,0.37005457
train-u0000746,0,2,0.27943233,0.34869888,0.37186876
train-u0000746,0,2,0.32277524,0.26516154,0.4120632
train-u0000747,0,1,0.27409548,0.4523978,0.27350676
train-u0000747,0,2,0.36078188,0.25681975,0.3823984
train-u0000747,0,1,0.31585816,0.3429674,0.3411744
train-u0000747,0,2,0.35360217,0.2868698,0.359528
train-u0000748,0,1,0.26095062,0.42338198,0.31566733
train-u0000749,0,1,0.29192892,0.39383382,0.31423727
train-u0000750,2,1,0.30545095,0.34800297,0.3465461
train-u0000751,0,1,0.2873156,0.36404616,0.34863827
train-u0000752,0,1,0.31064492,0.34519407,0.34416106
train-u0000753,2,1,0.21665321,0.4298375,0.35350925
train-u0000754,1,2,0.15874909,0.41286686,0.42838407
train-u0000755,0,1,0.2104509,0.4682738,0.3212753
train-u0000755,0,2,0.30476573,0.30928576,0.3859486
train-u0000756,0,1,0.30097827,0.45796764,0.24105401
train-u0000757,0,1,0.2503627,0.4353686,0.3142687
train-u0000758,0,2,0.25245312,0.37140626,0.37614068
train-u0000758,0,2,0.31430307,0.33048368,0.35521325
train-u0000758,0,0,0.35439947,0.3392918,0.3063087
train-u0000758,0,2,0.3592558,0.27865487,0.3620894
train-u0000759,1,1,0.24794194,0.44552302,0.30653498
train-u0000759,1,0,0.35610756,0.33491793,0.30897456
train-u0000759,1,2,0.29773018,0.32711932,0.37515053
train-u0000833,0,0,0.4008739,0.38768068,0.21144535
train-u0000834,2,1,0.34022897,0.44230565,0.2174654
train-u0000835,0,1,0.39037699,0.39122033,0.2184027
train-u0000836,0,1,0.34208038,0.4259686,0.23195097
train-u0000837,0,1,0.37634605,0.42394182,0.19971211
train-u0000838,0,1,0.3294835,0.43197072,0.23854578
train-u0000915,1,1,0.34750733,0.39860007,0.25389257
train-u0000916,0,1,0.38681027,0.41549394,0.19769584
train-u0000917,1,1,0.36280817,0.39490512,0.24228665
train-u0000918,1,1,0.37065673,0.4229795,0.2063638
train-u0000919,0,1,0.36683452,0.3933335,0.23983197
train-u0000920,0,1,0.37040174,0.41399997,0.2155983
train-u0000969,1,0,0.39974678,0.30307853,0.29717466
train-u0000970,1,1,0.32135704,0.45070535,0.22793762
train-u0000970,1,1,0.33075887,0.43701884,0.23222226
train-u0000971,0,0,0.4108915,0.32810652,0.261002
train-u0000973,1,0,0.3936252,0.36783275,0.238542
train-u0000973,1,1,0.27225146,0.44549477,0.28225374
train-u0000975,1,0,0.34262523,0.3366774,0.3206974
train-u0000977,1,0,0.37561852,0.29045781,0.3339237
train-u0000981,2,0,0.39195904,0.35819635,0.24984458
train-u0000982,2,0,0.39195904,0.35819635,0.24984458
train-u0001074,0,0,0.414581,0.2958155,0.28960347
train-u0001075,2,0,0.4182151,0.28442758,0.2973573
train-u0001076,0,0,0.3666937,0.29870474,0.3346015
train-u0001079,0,0,0.4327175,0.26603827,0.30124423
train-u0001079,0,0,0.36894208,0.35544658,0.27561137
train-u0001080,1,1,0.36870667,0.4082917,0.22300157
train-u0001081,0,1,0.2849305,0.3587971,0.3562724
train-u0001081,0,1,0.32236603,0.35401326,0.32362065
train-u0001081,0,0,0.34273562,0.33174434,0.32552004
train-u0001082,0,0,0.38347635,0.3392988,0.2772249
train-u0001083,0,1,0.33655405,0.3597967,0.30364928
train-u0001084,0,2,0.32149547,0.28744844,0.39105603
train-u0001170,0,1,0.2534946,0.46355155,0.28295383
train-u0001171,1,2,0.3030894,0.33190507,0.36500552
train-u0001172,1,1,0.29633448,0.38744685,0.31621867
train-u0001173,0,1,0.32756385,0.38226348,0.29017267
train-u0001174,1,1,0.27700785,0.44021192,0.2827802
train-u0001175,1,0,0.36453816,0.32122853,0.31423333
train-u0001176,2,2,0.3457293,0.3023393,0.35193136
train-u0001180,0,2,0.33465815,0.32629803,0.3390439
train-u0001181,1,2,0.30459034,0.33473715,0.36067247
train-u0001205,0,1,0.29830575,0.37748298,0.32421124
train-u0001206,0,1,0.36718866,0.37485015,0.25796127
train-u0001207,0,0,0.35974398,0.33966857,0.30058748
train-u0001207,0,1,0.33197597,0.38833395,0.27969012
train-u0001207,0,0,0.41338754,0.20689996,0.37971246
train-u0001208,1,0,0.38373417,0.31254593,0.30371985
train-u0001208,1,2,0.3480533,0.2918221,0.36012465
train-u0001209,1,0,0.3758801,0.3294073,0.2947125
train-u0001210,1,2,0.35090673,0.2861931,0.36290014
train-u0001211,1,1,0.333083,0.36414218,0.30277482
train-u0001212,0,2,0.37240294,0.25054216,0.37705493
train-u0001213,2,2,0.34891212,0.23605011,0.4150378
train-u0001214,2,2,0.35289845,0.25584418,0.39125738
train-u0001215,2,2,0.33201104,0.31991643,0.34807247
train-u0001216,2,2,0.37173912,0.24959522,0.3786656
train-u0001217,1,1,0.34523717,0.41610402,0.23865886
train-u0001217,1,1,0.2535012,0.42068604,0.32581276
train-u0001218,0,1,0.30387312,0.3891745,0.3069524
train-u0001219,2,0,0.4411315,0.3423423,0.21652617
train-u0001220,1,1,0.32970518,0.36365587,0.3066389
train-u0001221,1,2,0.33144897,0.3004718,0.36807916
train-u0001230,2,1,0.28147516,0.4244987,0.29402617
train-u0001230,2,1,0.33470723,0.39584953,0.26944327
train-u0001230,2,1,0.3461293,0.40003708,0.25383362
train-u0001231,1,0,0.38532194,0.2654223,0.34925574
train-u0001231,1,0,0.366669,0.32884583,0.30448517
train-u0001232,1,2,0.3251554,0.29449078,0.38035384
train-u0001232,1,1,0.34373164,0.41006935,0.24619903
train-u0001233,0,1,0.31294054,0.39335698,0.29370245
train-u0001233,0,2,0.34093451,0.28365242,0.375413
train-u0001233,0,2,0.32272893,0.28123707,0.39603406
train-u0001234,2,1,0.30153784,0.3743941,0.32406807
train-u0001235,2,1,0.27038747,0.44845718,0.28115535
train-u0001236,2,0,0.3511981,0.3487645,0.30003735
train-u0001237,1,2,0.3636176,0.2123659,0.4240165
train-u0001237,1,2,0.33425003,0.24499762,0.42075238
train-u0001237,1,0,0.36171398,0.27959907,0.35868695
train-u0001237,1,0,0.42216438,0.25298917,0.32484645
train-u0001238,1,2,0.38283533,0.23156354,0.38560116
train-u0001238,1,2,0.36164588,0.2501256,0.3882285
train-u0001238,1,0,0.3836742,0.26365083,0.352675
train-u0001238,1,0,0.40329736,0.2950933,0.30160934
train-u0001239,0,2,0.37957785,0.23632938,0.38409275
train-u0001239,0,0,0.38199034,0.2548905,0.36311916
train-u0001239,0,2,0.3283852,0.29274413,0.37887067
train-u0001240,2,0,0.38502052,0.3472741,0.26770535
train-u0001240,2,1,0.32497793,0.3551907,0.31983137
train-u0001241,0,1,0.31814122,0.46845663,0.2134021
train-u0001241,0,0,0.3561346,0.35597715,0.28788817
train-u0001336,0,0,0.42016453,0.3022669,0.27756864
train-u0001337,1,0,0.42447352,0.32567772,0.2498487
train-u0001338,0,0,0.36675552,0.36151412,0.27173036
train-u0001338,0,0,0.42789894,0.25145835,0.3206428
train-u0001339,2,1,0.32590893,0.36985967,0.3042314
train-u0001339,2,0,0.39437145,0.3144011,0.29122746
train-u0001340,2,1,0.30171198,0.35837156,0.3399164
train-u0001342,2,1,0.36475044,0.37060156,0.26464796
train-u0001345,2,0,0.39356098,0.35138583,0.25505322
train-u0001346,0,0,0.38961217,0.3478151,0.2625727
train-u0001347,0,2,0.34730306,0.301415,0.35128197
train-u0001348,1,2,0.34776357,0.30306566,0.34917074
train-u0001349,0,0,0.46163455,0.29695684,0.24140854
train-u0001350,0,0,0.39792663,0.29607686,0.30599648
train-u0001352,1,2,0.31812716,0.33348295,0.3483899
train-u0001352,1,2,0.37595516,0.23133056,0.39271423
train-u0001353,0,1,0.33565187,0.34079933,0.32354873
train-u0001353,0,2,0.37270218,0.19568658,0.43161124
train-u0001354,0,2,0.3349299,0.2621314,0.40293872
train-u0001354,0,2,0.34076238,0.28012198,0.37911567
train-u0001354,0,0,0.3984574,0.21755885,0.3839838
train-u0001354,0,2,0.32722035,0.2605527,0.41222697
train-u0001354,0,2,0.327534,0.271293,0.40117303
train-u0001483,2,0,0.3915544,0.302008,0.30643758
train-u0001484,0,1,0.34836793,0.35555708,0.296075
train-u0001485,0,1,0.31409577,0.42747465,0.25842953
train-u0001485,0,0,0.6173809,0.210887,0.17173216
train-u0001486,2,0,0.35275203,0.32066676,0.32658118
train-u0001487,0,1,0.30995908,0.3765992,0.3134417
train-u0001488,2,1,0.31886885,0.34905228,0.33207887
train-u0001539,0,0,0.40178993,0.30297384,0.29523623
train-u0001541,1,1,0.32690725,0.35281426,0.32027847
train-u0001542,2,0,0.42226133,0.2804034,0.29733536
train-u0001543,2,1,0.3483437,0.36345786,0.28819844
train-u0001543,2,1,0.30196968,0.36581743,0.3322128
train-u0001544,2,0,0.4010738,0.2909057,0.3080205
train-u0001545,2,0,0.3578219,0.29789245,0.34428567
train-u0001545,2,1,0.35178736,0.44355917,0.20465344
train-u0001546,2,0,0.41521788,0.30175564,0.2830265
train-u0001547,1,0,0.45218754,0.2712995,0.27651292
train-u0001549,0,1,0.38272572,0.38694596,0.23032828
train-u0001550,2,0,0.385189,0.3087753,0.30603576
train-u0001551,1,0,0.40488914,0.2941121,0.30099872
train-u0001552,2,0,0.3801681,0.35280958,0.26702225
train-u0001552,2,1,0.3147782,0.45963088,0.22559099
train-u0001553,2,0,0.3801681,0.35280958,0.26702225
train-u0001553,2,1,0.3147782,0.45963088,0.22559099
train-u0001554,1,0,0.52045685,0.25352156,0.22602163
train-u0001554,1,0,0.5186907,0.2474766,0.2338328
train-u0001555,0,1,0.30247554,0.35125515,0.34626934
train-u0001556,0,0,0.434019,0.3427525,0.22322848
train-u0001557,2,0,0.37537965,0.3319418,0.2926786
train-u0001567,1,0,0.45624796,0.28805324,0.2556987
train-u0001568,1,0,0.4467828,0.33780754,0.2154097
train-u0001569,1,0,0.44333053,0.3165314,0.24013808
train-u0001570,1,0,0.39232284,0.34717757,0.26049963
train-u0001571,1,1,0.3549006,0.36508307,0.28001633
train-u0001572,1,0,0.40781808,0.32220396,0.26997796
train-u0001572,1,0,0.53144187,0.28112713,0.18743102
train-u0001573,1,1,0.34657302,0.3974862,0.25594077
train-u0001573,1,1,0.36145538,0.36308354,0.2754611
train-u0001575,2,0,0.4346891,0.36746606,0.19784479
train-u0001630,0,2,0.34982112,0.30027518,0.3499037
train-u0001631,1,2,0.33270258,0.32513174,0.34216565
train-u0001632,2,0,0.38158065,0.33125085,0.28716844
train-u0001633,1,0,0.37804002,0.30471694,0.3172431
train-u0001634,2,0,0.39603165,0.30867517,0.29529318
train-u0001635,0,0,0.35220805,0.31970778,0.32808417
train-u0001636,1,0,0.4197107,0.3149597,0.2653296
train-u0001637,0,0,0.4441067,0.31998146,0.2359118
train-u0001638,1,0,0.38866636,0.28250974,0.32882383
train-u0001639,1,0,0.3868722,0.31350294,0.29962483
train-u0001640,2,0,0.37822798,0.32863155,0.29314038
train-u0001641,2,0,0.41836703,0.2955486,0.28608432
train-u0001642,0,2,0.31126934,0.30634993,0.38238072
train-u0001719,0,0,0.4172537,0.39506227,0.18768403
train-u0001719,0,0,0.38638762,0.30825058,0.30536184
train-u0001719,0,1,0.34907094,0.36814487,0.28278425
train-u0001719,0,1,0.34942836,0.3764199,0.27415168
train-u0001720,0,0,0.43807784,0.3307162,0.23120598
train-u0001720,0,0,0.3576412,0.32649544,0.31586337
train-u0001721,0,1,0.3663646,0.398,0.23563541
train-u0001722,2,1,0.36642155,0.42403045,0.20954801
train-u0001723,2,0,0.40395916,0.3187801,0.2772607
train-u0001724,2,0,0.41923404,0.32289985,0.25786617
train-u0001726,0,0,0.36524487,0.36067307,0.27408206
train-u0001726,0,0,0.39682832,0.29625,0.30692166
train-u0001727,2,1,0.36160296,0.36680755,0.27158946
train-u0001728,0,1,0.3821305,0.39507046,0.22279897
train-u0001729,0,1,0.34682053,0.34802058,0.30515888
train-u0001729,0,0,0.37568408,0.30305845,0.32125744
train-u0001730,2,0,0.40832818,0.29878676,0.29288512
train-u0001730,2,0,0.38711783,0.3508039,0.26207823
train-u0001743,1,1,0.28017536,0.37949282,0.34033185
train-u0001744,0,0,0.39499468,0.39277774,0.21222755
train-u0001745,1,0,0.35537052,0.31333032,0.3312992
train-u0001746,1,0,0.36779574,0.3156422,0.31656206
train-u0001747,2,0,0.36010262,0.32511833,0.314779
train-u0001788,1,1,0.2834812,0.37886187,0.33765686
train-u0001788,1,0,0.3553465,0.3357978,0.30885568
train-u0001789,0,2,0.34113696,0.30506727,0.35379574
train-u0001792,0,0,0.35973865,0.28177693,0.35848445
train-u0001793,0,2,0.35219362,0.24164836,0.40615797
train-u0001845,0,0,0.3400654,0.32316452,0.33677006
train-u0001845,0,2,0.34737366,0.29677778,0.35584852
train-u0001846,1,0,0.36234292,0.3384038,0.2992534
train-u0001846,1,1,0.2835905,0.36269194,0.35371763
train-u0001847,2,1,0.34301174,0.36434993,0.2926383
train-u0001848,2,1,0.30500954,0.42267203,0.27231842
train-u0001849,0,2,0.27742377,0.30546793,0.41710833
train-u0001849,0,0,0.35198578,0.31147435,0.33653986
train-u0001850,0,2,0.34943417,0.2682397,0.38232616
train-u0001850,0,2,0.31549007,0.3195332,0.36497682
train-u0001850,0,1,0.34288743,0.3497752,0.30733737
train-u0001851,2,1,0.3129393,0.4087618,0.27829885
train-u0001851,2,1,0.3020237,0.41685295,0.28112334
train-u0001851,2,2,0.3183872,0.27077034,0.4108424
train-u0001851,2,2,0.3094143,0.29448837,0.3960973
train-u0001851,2,2,0.34064692,0.27214602,0.38720703
train-u0001851,2,1,0.3115246,0.35835147,0.3301239
train-u0001851,2,2,0.34179786,0.29212016,0.36608204
train-u0001851,2,2,0.26411727,0.33661982,0.3992629
train-u0001852,2,2,0.33743018,0.30172843,0.36084142
train-u0001852,2,1,0.31581146,0.4448854,0.23930316
train-u0001853,0,2,0.27368483,0.31229833,0.41401684
train-u0001854,0,0,0.3786868,0.28930917,0.33200404
train-u0001854,0,2,0.34379488,0.2426345,0.41357064
train-u0001855,0,0,0.3494414,0.31211236,0.33844617
train-u0001855,0,1,0.30129972,0.4060525,0.29264775
train-u0001856,1,2,0.26297837,0.36075088,0.3762707
train-u0001928,2,1,0.31158918,0.36608002,0.32233077
train-u0001929,1,1,0.35899392,0.37392378,0.2670823
train-u0001929,1,0,0.38856295,0.32071653,0.29072055
train-u0001930,2,0,0.35726815,0.29972503,0.34300676
train-u0001931,2,1,0.33969247,0.3584108,0.30189672
train-u0001931,2,1,0.32795975,0.39211944,0.27992082
train-u0001932,2,0,0.36851686,0.3653717,0.2661115
train-u0001932,2,1,0.321357,0.39842314,0.28021985
train-u0001933,0,0,0.37918293,0.30963317,0.31118393
train-u0001934,2,0,0.37147585,0.27582452,0.35269964
train-u0001934,2,0,0.38045046,0.28670937,0.33284014
train-u0001935,2,0,0.3920502,0.3917292,0.2162206
train-u0001935,2,1,0.28004575,0.37527233,0.34468195
train-u0001936,0,1,0.37577823,0.43613353,0.18808824
train-u0001937,0,0,0.4073956,0.35743108,0.23517324
train-u0001937,0,0,0.48131758,0.32230923,0.19637321
train-u0001937,0,0,0.3954826,0.34571192,0.25880545
train-u0001938,2,1,0.37427413,0.38700274,0.23872308
train-u0001938,2,0,0.42122337,0.33815724,0.24061942
train-u0001939,1,0,0.4107225,0.29465002,0.2946275
train-u0001939,1,0,0.44850338,0.31261802,0.23887858
train-u0002060,1,1,0.26456404,0.3762347,0.35920122
train-u0002061,0,0,0.40687576,0.3169075,0.2762168
train-u0002061,0,0,0.37637526,0.3590091,0.2646157
train-u0002062,1,0,0.3730876,0.37245193,0.2544604
train-u0002062,1,0,0.37632233,0.32439598,0.29928163
train-u0002063,2,1,0.24950089,0.4377868,0.31271228
train-u0002064,1,1,0.3079665,0.3609557,0.33107778
train-u0002129,0,2,0.33186504,0.2902952,0.37783968
train-u0002129,0,2,0.3184205,0.2814084,0.40017104
train-u0002130,0,1,0.33885735,0.36960104,0.29154158
train-u0002131,0,1,0.28449985,0.4159697,0.29953048
train-u0002132,0,2,0.316582,0.2936819,0.3897361
train-u0002133,0,2,0.3586969,0.2602465,0.38105664
train-u0002134,0,2,0.2663965,0.34200212,0.39160135
train-u0002135,0,2,0.2851573,0.33274364,0.3820991
train-u0002136,2,1,0.32885844,0.36317468,0.30796683
train-u0002163,0,1,0.30864227,0.36736605,0.3239917
train-u0002164,0,1,0.3352126,0.40531358,0.25947392
train-u0002165,0,1,0.32039663,0.38508925,0.29451406
train-u0002167,0,1,0.27074257,0.4091561,0.32010123
train-u0002168,0,0,0.37507096,0.35015392,0.27477515
train-u0002326,1,1,0.28399366,0.44799462,0.2680117
train-u0002326,1,1,0.35197756,0.42474085,0.22328155
train-u0002328,0,0,0.40971667,0.3052106,0.28507268
train-u0002329,0,0,0.4018828,0.27686056,0.3212566
train-u0002330,1,1,0.3460171,0.3917229,0.26225996
train-u0002331,1,0,0.37771866,0.34575236,0.27652895
train-u0002332,0,1,0.35029888,0.36335877,0.2863423
train-u0002333,1,1,0.33482826,0.42699888,0.2381729
train-u0002334,1,1,0.35326385,0.41215682,0.23457934
train-u0002335,0,1,0.3265898,0.400508,0.27290216
train-u0002336,1,1,0.3482971,0.40080157,0.25090125
train-u0002337,0,1,0.34213307,0.41332236,0.24454457
train-u0002338,1,1,0.33757287,0.41573983,0.24668728
train-u0002339,1,1,0.3524095,0.42565435,0.22193614
train-u0002340,1,1,0.32446212,0.36454773,0.3109901
train-u0002341,1,1,0.32446212,0.36454773,0.3109901
train-u0002342,2,1,0.35711402,0.42942303,0.21346301
train-u0002342,2,1,0.3438492,0.35161853,0.30453226
train-u0002343,2,1,0.3702744,0.39424112,0.23548454
train-u0002344,2,1,0.33088964,0.39187095,0.27723944
train-u0002345,1,1,0.35357693,0.44658458,0.19983849
train-u0002346,2,1,0.32712087,0.41219586,0.26068333
train-u0002347,2,1,0.3067081,0.43641284,0.25687906
train-u0002348,1,2,0.322499,0.3365597,0.34094134
train-u0002349,0,1,0.33562756,0.36291507,0.30145743
train-u0002350,1,1,0.33292684,0.38482368,0.2822495
train-u0002351,0,1,0.30434334,0.40595245,0.2897042
train-u0002352,0,1,0.31146473,0.37828448,0.31025076
train-u0002353,1,0,0.3506287,0.34213015,0.30724114
train-u0002354,1,1,0.3354549,0.39676628,0.26777884
train-u0002355,0,1,0.32731226,0.37699658,0.29569116
train-u0002356,0,1,0.32118332,0.3641949,0.31462178
train-u0002357,1,1,0.31677416,0.37991336,0.30331245
train-u0002357,1,2,0.3269058,0.31572804,0.35736617
train-u0002358,1,1,0.3425185,0.38692772,0.27055377
train-u0002412,0,0,0.41851616,0.29980493,0.28167892
train-u0002412,0,1,0.34768254,0.35697037,0.29534706
train-u0002412,0,0,0.3920998,0.25540233,0.35249782
train-u0002412,0,0,0.42326057,0.31410223,0.26263726
train-u0002412,0,0,0.43632463,0.278964,0.28471136
train-u0002412,0,1,0.33363202,0.36455673,0.3018112
train-u0002413,2,0,0.4205839,0.32251778,0.25689837
train-u0002413,2,0,0.38879982,0.31296408,0.29823613
train-u0002413,2,1,0.32867524,0.36869887,0.30262586
train-u0002413,2,0,0.36045027,0.34189177,0.2976579
train-u0002413,2,0,0.41920638,0.3270951,0.2536985
train-u0002413,2,0,0.38509098,0.3195205,0.2953885
train-u0002414,2,0,0.40573043,0.320219,0.2740506
train-u0002415,1,0,0.48050544,0.28736216,0.2321325
train-u0002415,1,0,0.41972962,0.30196783,0.27830255
train-u0002416,0,0,0.38482586,0.31761533,0.29755878
train-u0002416,0,0,0.44239846,0.28546992,0.27213162
train-u0002417,0,0,0.3901659,0.30088863,0.30894548
train-u0002417,0,0,0.38993046,0.32914785,0.2809218
train-u0002417,0,0,0.3822517,0.36818898,0.24955928
train-u0002417,0,1,0.35795507,0.37979245,0.26225248
train-u0002418,0,0,0.4161208,0.2993931,0.28448611
train-u0002418,0,0,0.41396767,0.3038797,0.2821526
train-u0002418,0,0,0.37598598,0.34868947,0.27532464
train-u0002418,0,1,0.315767,0.38425782,0.29997513
train-u0002418,0,0,0.36582312,0.32186565,0.3123112
train-u0002419,0,0,0.4475763,0.31172565,0.24069798
train-u0002419,0,0,0.37976566,0.37292564,0.24730867
train-u0002419,0,1,0.30486318,0.38790175,0.30723506
train-u0002420,1,0,0.49302527,0.27384892,0.23312575
train-u0002420,1,0,0.3632763,0.30336943,0.33335423
train-u0002420,1,1,0.32772323,0.38647428,0.2858025
train-u0002421,2,0,0.41348922,0.3274135,0.25909728
train-u0002421,2,1,0.31437403,0.34505606,0.34056994
train-u0002421,2,0,0.4054789,0.31320828,0.28131282
train-u0002421,2,1,0.37471157,0.3903463,0.23494214
train-u0002421,2,0,0.37277478,0.34402102,0.28320423
train-u0002424,0,0,0.35931444,0.3168925,0.3237931
train-u0002425,1,0,0.33590543,0.3319269,0.33216766
train-u0002425,1,1,0.29736918,0.4076063,0.29502454
train-u0002426,0,0,0.3942121,0.3047349,0.301053
train-u0002528,1,0,0.3919588,0.3711454,0.23689584
train-u0002529,1,0,0.3857554,0.34899774,0.2652469
train-u0002531,2,1,0.3365413,0.43839794,0.22506079
train-u0002532,2,1,0.3272927,0.43724254,0.23546483
train-u0002534,1,1,0.38070923,0.3939136,0.22537719
train-u0002535,0,0,0.38293582,0.305571,0.3114932
train-u0002536,1,1,0.3422846,0.4005711,0.25714424
train-u0002583,0,2,0.33918017,0.2818939,0.37892592
train-u0002584,1,2,0.29603845,0.2828585,0.42110306
train-u0002585,0,2,0.3784079,0.2192648,0.4023273
train-u0002585,0,2,0.34979588,0.279006,0.37119818
train-u0002586,0,2,0.30856535,0.28374273,0.40769193
train-u0002587,2,2,0.30872658,0.28408542,0.407188
train-u0002618,0,1,0.35327253,0.358303,0.28842443
train-u0002619,0,1,0.36701825,0.38521174,0.24777001
train-u0002620,0,1,0.35855556,0.37430808,0.26713637
train-u0002621,2,0,0.40321088,0.30801558,0.28877354
train-u0002621,2,0,0.37126663,0.35755828,0.2711751
train-u0002622,0,0,0.3899232,0.2809481,0.32912868
train-u0002622,0,1,0.3427492,0.38601175,0.2712391
train-u0002622,0,2,0.33510774,0.30732825,0.357564
train-u0002623,1,0,0.39580107,0.3109729,0.29322594
train-u0002623,1,1,0.33812574,0.3729197,0.2889546
train-u0002623,1,2,0.3387317,0.29490656,0.36636177
train-u0002645,2,1,0.34052718,0.4347222,0.22475068
train-u0002645,2,2,0.2793792,0.3410643,0.3795565
train-u0002645,2,0,0.3647762,0.29911858,0.33610517
train-u0002646,2,2,0.30513546,0.32006475,0.37479985
train-u0002646,2,2,0.33526683,0.28908193,0.37565118
train-u0002647,2,1,0.31995505,0.40003335,0.28001162
train-u0002647,2,2,0.35253432,0.28747752,0.35998818
train-u0002648,2,2,0.33089674,0.31589404,0.35320926
train-u0002648,2,2,0.27455658,0.29786435,0.42757902
train-u0002648,2,2,0.34828222,0.23669411,0.41502368
train-u0002649,2,2,0.30684152,0.30338886,0.38976964
train-u0002649,2,2,0.26458633,0.32079047,0.41462326
train-u0002649,2,2,0.34690082,0.26490125,0.38819793
train-u0002650,2,1,0.31658506,0.34261626,0.3407988
train-u0002650,2,2,0.29248065,0.256934,0.4505854
train-u0002650,2,2,0.3640364,0.2300618,0.4059018
train-u0002651,2,2,0.27366027,0.34166744,0.38467228
train-u0002651,2,0,0.35622793,0.29782453,0.34594753
train-u0002652,2,2,0.27310568,0.2982738,0.4286205
train-u0002652,2,0,0.34249723,0.32485026,0.33265245
train-u0002653,2,2,0.28050622,0.35818726,0.36130652
train-u0002653,2,0,0.34624308,0.31835237,0.33540452
train-u0002653,2,2,0.35727885,0.23086783,0.41185337
train-u0002654,2,2,0.31699926,0.28268135,0.4003194
train-u0002654,2,0,0.36630517,0.3139604,0.3197344
train-u0002654,2,2,0.28924534,0.33181807,0.37893662
train-u0002655,2,2,0.34620163,0.27005926,0.38373908
train-u0002655,2,0,0.3919688,0.3615709,0.24646033
train-u0002656,0,0,0.35557804,0.3345813,0.30984062
train-u0002656,0,2,0.32206392,0.29373407,0.384202
train-u0002657,2,0,0.39234972,0.285746,0.32190427
train-u0002658,2,1,0.34650585,0.44132525,0.21216893
train-u0002659,2,1,0.31597376,0.43807176,0.2459545
train-u0002659,2,0,0.38926074,0.2719768,0.3387625
train-u0002660,2,2,0.3677811,0.21785532,0.41436365
train-u0002660,2,0,0.36929902,0.28271678,0.34798425
train-u0002660,2,0,0.43643558,0.2566325,0.30693197
train-u0002660,2,0,0.41063806,0.24650687,0.34285513
train-u0002661,1,1,0.3387822,0.424125,0.23709278
train-u0002661,1,0,0.39119598,0.25549933,0.35330468
train-u0002662,2,0,0.3497684,0.3364031,0.31382853
train-u0002662,2,0,0.3547807,0.3527243,0.292495
train-u0002662,2,0,0.38397565,0.34374288,0.27228144
train-u0002662,2,1,0.31562984,0.3498809,0.33448923
train-u0002662,2,1,0.3478273,0.4069105,0.2452622
train-u0002662,2,2,0.3393011,0.27424213,0.3864568
train-u0002662,2,0,0.3700273,0.2869732,0.3429995
train-u0002662,2,0,0.36210722,0.28578708,0.35210574
train-u0002663,2,0,0.37377623,0.34785792,0.27836588
train-u0002663,2,0,0.35533845,0.33331212,0.3113494
train-u0002663,2,0,0.40747184,0.28275514,0.30977303
train-u0002663,2,0,0.36395425,0.28690162,0.34914422
train-u0002663,2,1,0.3047915,0.36435813,0.33085027
train-u0002663,2,0,0.36976975,0.26918972,0.36104053
train-u0002663,2,1,0.33493868,0.33522347,0.32983783
train-u0002663,2,2,0.3505182,0.2987686,0.35071316
train-u0002663,2,0,0.33790413,0.32470834,0.33738753
train-u0002664,2,0,0.34811333,0.34329918,0.30858752
train-u0002664,2,0,0.39287916,0.2760922,0.33102867
train-u0002664,2,0,0.42345276,0.30091706,0.27563015
train-u0002664,2,0,0.3559809,0.3547909,0.28922817
train-u0002664,2,1,0.32535553,0.36494794,0.30969653
train-u0002664,2,0,0.35994858,0.28160518,0.35844624
train-u0002664,2,2,0.3296613,0.27849713,0.39184162
train-u0002664,2,1,0.34164077,0.36052176,0.29783747
train-u0002665,2,0,0.42769805,0.3114257,0.26087618
train-u0002665,2,0,0.38602227,0.33435816,0.2796196
train-u0002665,2,0,0.36566317,0.29635543,0.3379814
train-u0002665,2,0,0.38730213,0.27695388,0.33574396
train-u0002665,2,1,0.30623505,0.4030137,0.29075125
train-u0002665,2,2,0.32758552,0.31984434,0.35257012
train-u0002665,2,0,0.39378306,0.26243353,0.34378338
train-u0002665,2,2,0.35337675,0.2515757,0.39504755
train-u0002666,2,0,0.36412236,0.33128676,0.30459088
train-u0002666,2,0,0.40069515,0.29060563,0.30869925
train-u0002666,2,0,0.4140168,0.27647808,0.3095052
train-u0002667,2,0,0.3989163,0.27821022,0.32287356
train-u0002667,2,0,0.37567174,0.34155667,0.2827716
train-u0002667,2,0,0.38898605,0.31250793,0.29850602
train-u0002667,2,2,0.29238942,0.3191585,0.3884521
train-u0002667,2,0,0.39470014,0.2513029,0.353997
train-u0002667,2,0,0.4347262,0.338121,0.22715288
train-u0002667,2,2,0.33175072,0.30851558,0.35973373
train-u0002667,2,2,0.355141,0.28036255,0.36449644
train-u0002667,2,0,0.3532367,0.31686345,0.32989988
train-u0002667,2,2,0.37786493,0.22803834,0.39409673
train-u0002667,2,2,0.3202783,0.2714595,0.4082623
train-u0002667,2,2,0.3505692,0.25697508,0.3924557
train-u0002667,2,2,0.31996956,0.3121786,0.3678518
train-u0002668,0,0,0.4222451,0.2726084,0.3051465
train-u0002668,0,0,0.38367155,0.27604657,0.3402818
train-u0002668,0,1,0.26334777,0.4018097,0.33484256
train-u0002669,2,0,0.38153455,0.3083278,0.31013766
train-u0002669,2,2,0.2740526,0.35348448,0.37246293
train-u0002669,2,0,0.37420303,0.2913906,0.33440638
train-u0002670,2,0,0.4185535,0.3091307,0.2723158
train-u0002671,0,0,0.37425482,0.30914804,0.31659716
train-u0002671,0,0,0.4132849,0.2533526,0.3333625
train-u0002671,0,2,0.36268833,0.23946446,0.39784718
train-u0002671,0,2,0.33392328,0.3191876,0.34688905
train-u0002671,0,2,0.3037825,0.32531914,0.3708984
train-u0002672,0,0,0.37192166,0.31876802,0.30931035
train-u0002672,0,0,0.39225543,0.27857608,0.3291685
train-u0002672,0,2,0.36773682,0.20751807,0.42474514
train-u0002672,0,0,0.3676956,0.30914053,0.32316393
train-u0002672,0,0,0.34681514,0.32670555,0.32647935
train-u0002672,0,2,0.3134994,0.30425197,0.3822487
train-u0002672,0,0,0.36960164,0.28068098,0.34971735
train-u0002672,0,2,0.3305231,0.2973112,0.37216577
train-u0002672,0,0,0.3705358,0.29932857,0.33013564
train-u0002673,0,1,0.31120434,0.37509406,0.31370154
train-u0002673,0,0,0.41331226,0.27510682,0.31158093
train-u0002673,0,0,0.410578,0.25670308,0.3327189
train-u0002673,0,2,0.3784976,0.23158176,0.38992065
train-u0002673,0,2,0.33311102,0.27234906,0.3945399
train-u0002673,0,2,0.3323887,0.31216347,0.35544786
train-u0002674,1,0,0.41103998,0.27935174,0.3096083
train-u0002674,1,2,0.30954504,0.31892186,0.37153307
train-u0002674,1,0,0.39244303,0.27370477,0.3338522
train-u0002674,1,0,0.37964085,0.33735383,0.28300533
train-u0002674,1,2,0.34916195,0.24547723,0.40536082
train-u0002675,0,2,0.3417005,0.23500918,0.4232903
train-u0002675,0,2,0.28661445,0.31941956,0.39396593
train-u0002675,0,1,0.29998314,0.40731746,0.2926994
train-u0002676,2,2,0.31692475,0.31615636,0.36691892
train-u0002888,2,0,0.50193536,0.22929083,0.26877376
train-u0002890,2,0,0.6025485,0.24489644,0.15255503
train-u0002890,2,0,0.41709852,0.23089662,0.35200486
train-u0002891,1,0,0.5383545,0.2462075,0.215438
train-u0002891,1,0,0.4434571,0.26031885,0.29622415
train-u0002893,2,0,0.4833025,0.25610873,0.26058882
train-u0002893,2,0,0.60897434,0.23085979,0.16016594
train-u0002893,2,0,0.48849654,0.21067221,0.30083123
train-u0002893,2,0,0.5082999,0.25973612,0.23196404
train-u0002974,1,0,0.44058815,0.30752835,0.25188354
train-u0002974,1,0,0.45069513,0.28133923,0.26796573
train-u0002974,1,0,0.43972403,0.30862987,0.25164616
train-u0002976,1,0,0.36535195,0.34110072,0.2935473
train-u0003008,1,2,0.38229853,0.20305558,0.41464588
train-u0003009,0,2,0.38229853,0.20305558,0.41464588
train-u0003010,0,2,0.36330956,0.22408725,0.41260323
train-u0003011,1,0,0.3736275,0.253174,0.37319845
train-u0003013,1,0,0.36176723,0.35728887,0.28094387
train-u0003014,0,2,0.3229531,0.25238597,0.4246609
train-u0003015,2,2,0.3229531,0.25238597,0.4246609
train-u0003043,1,1,0.34073302,0.38182503,0.27744195
train-u0003043,1,1,0.33232337,0.43238673,0.23528989
train-u0003043,1,1,0.33592892,0.42954704,0.23452403
train-u0003044,2,1,0.31876376,0.37604576,0.30519038
train-u0003044,2,1,0.32065973,0.357998,0.3213422
train-u0003044,2,0,0.43407905,0.37491366,0.19100733
train-u0003045,0,1,0.30868694,0.35425866,0.3370545
train-u0003045,0,2,0.32259813,0.309233,0.36816886
train-u0003045,0,0,0.37894505,0.36216545,0.25888956
train-u0003046,0,1,0.28102857,0.38122264,0.3377488
train-u0003047,2,1,0.28102857,0.38122264,0.3377488
train-u0003048,2,2,0.32888594,0.31889933,0.35221472
train-u0003048,2,0,0.35209906,0.3266975,0.32120347
train-u0003050,0,0,0.38309547,0.3446418,0.27226272
train-u0003051,2,1,0.27992326,0.38705847,0.33301836
train-u0003052,1,1,0.27992326,0.38705847,0.33301836
train-u0003053,1,1,0.27649206,0.39893785,0.3245701
train-u0003054,1,1,0.27336183,0.44190297,0.2847351
train-u0003055,0,1,0.29661646,0.38090467,0.32247883
train-u0003056,1,1,0.25568628,0.3847736,0.35954008
train-u0003057,0,1,0.26109552,0.3814798,0.3574247
train-u0003090,0,0,0.37829491,0.31763908,0.30406606
train-u0003091,0,0,0.42219484,0.26755375,0.3102514
train-u0003091,0,1,0.33232144,0.38212094,0.28555757
train-u0003092,1,0,0.39232886,0.26773614,0.339935
train-u0003092,1,2,0.30444446,0.29467314,0.40088242
train-u0003093,1,0,0.41678068,0.2798705,0.30334878
train-u0003093,1,2,0.32751074,0.3007998,0.3716895
train-u0003094,2,0,0.34857935,0.3353658,0.3160549
train-u0003094,2,1,0.30139846,0.3549323,0.34366918
train-u0003095,1,0,0.3381556,0.32415223,0.3376921
train-u0003096,1,2,0.31142634,0.33084428,0.35772935
train-u0003282,0,1,0.2799171,0.43489996,0.285183
train-u0003284,0,2,0.29474792,0.33674312,0.3685089
train-u0003285,2,2,0.24724999,0.2876588,0.4650912
train-u0003286,0,2,0.339992,0.2924213,0.36758667
train-u0003287,0,2,0.30235118,0.24901396,0.44863486
train-u0003287,0,1,0.3246369,0.34553075,0.32983235
train-u0003288,1,2,0.28817445,0.2795093,0.43231618
train-u0003289,1,2,0.18351585,0.39358184,0.42290226
train-u0003290,1,1,0.2724903,0.4250205,0.30248925
train-u0003291,2,1,0.323353,0.37226284,0.30438414
train-u0003292,2,1,0.32781476,0.38341522,0.28877008
train-u0003293,1,2,0.26506767,0.35551867,0.37941366
train-u0003294,1,2,0.31078368,0.27971634,0.40949997
train-u0003295,2,2,0.31072292,0.31163687,0.37764022
train-u0003296,0,2,0.2436501,0.331201,0.4251489
train-u0003297,1,1,0.30751368,0.3755691,0.31691724
train-u0003298,1,2,0.276662,0.3517973,0.3715407
train-u0003299,2,2,0.252031,0.3591213,0.38884768
train-u0003300,1,2,0.2683553,0.34345782,0.3881869
train-u0003302,1,1,0.2985934,0.4157539,0.2856528
train-u0003303,1,1,0.29904422,0.40517032,0.2957855
train-u0003347,2,0,0.42817667,0.3216514,0.25017187
train-u0003348,2,2,0.26040804,0.32491735,0.4146746
train-u0003349,1,2,0.25752524,0.36418584,0.3782889
train-u0003350,0,0,0.44429663,0.31448606,0.24121733
train-u0003351,2,1,0.2689242,0.5216362,0.20943968
train-u0003352,0,2,0.27323377,0.30092236,0.42584386
train-u0003378,1,1,0.32837105,0.4340911,0.23753783
train-u0003379,2,1,0.35913625,0.4023523,0.23851138
train-u0003380,1,1,0.3178976,0.3583968,0.32370567
train-u0003380,1,0,0.43802482,0.2371391,0.32483605
train-u0003380,1,1,0.3288802,0.36159545,0.30952436
train-u0003381,2,0,0.38828525,0.31774062,0.29397413
train-u0003381,2,2,0.35791144,0.261575,0.38051352
train-u0003381,2,1,0.32371643,0.34672388,0.32955965
train-u0003382,1,0,0.3613359,0.29523763,0.34342653
train-u0003382,1,0,0.34303737,0.33758858,0.31937402
train-u0003383,2,1,0.32479596,0.34126934,0.3339347
train-u0003384,1,0,0.39184996,0.29625982,0.31189024
train-u0003385,0,1,0.36628896,0.39297026,0.2407408
train-u0003385,0,0,0.35643736,0.3452717,0.29829088
train-u0003386,1,1,0.2914968,0.4252452,0.283258
train-u0003387,0,1,0.34769344,0.42098853,0.23131804
train-u0003387,0,0,0.3696702,0.32296672,0.30736312
train-u0003388,0,1,0.3435052,0.37461796,0.28187683
train-u0003391,0,2,0.3790863,0.22723186,0.39368182
train-u0003391,0,0,0.43069065,0.28076434,0.28854495
train-u0003392,1,0,0.47056818,0.27354324,0.2558886
train-u0003392,1,0,0.41091037,0.25545913,0.33363044
train-u0003392,1,1,0.2743925,0.40450326,0.32110423
train-u0003392,1,0,0.37338036,0.29778883,0.32883084
train-u0003393,2,2,0.2468094,0.36818007,0.38501054
train-u0003442,2,0,0.38622168,0.35084572,0.26293263
train-u0003443,0,0,0.38054314,0.35700363,0.26245317
train-u0003444,1,1,0.29790446,0.40611747,0.2959781
train-u0003445,1,1,0.30409643,0.3645062,0.33139738
train-u0003445,1,1,0.284251,0.36028755,0.35546142
train-u0003446,0,1,0.30409643,0.3645062,0.33139738
train-u0003446,0,1,0.284251,0.36028755,0.35546142
train-u0003447,2,0,0.3410271,0.33695126,0.3220216
train-u0003447,2,1,0.301722,0.35423604,0.344042
train-u0003501,1,1,0.26533973,0.41066468,0.3239956
train-u0003502,2,2,0.300151,0.32073048,0.37911853
train-u0003503,1,2,0.27108225,0.33604687,0.39287084
train-u0003503,1,2,0.24617824,0.3389163,0.4149055
train-u0003504,1,2,0.31753957,0.31976613,0.36269435
train-u0003504,1,2,0.29937547,0.27302358,0.42760092
train-u0003504,1,2,0.29663706,0.3046713,0.39869165
train-u0003505,1,2,0.30175695,0.2782123,0.4200308
train-u0003505,1,2,0.31781077,0.27480987,0.4073794
train-u0003506,2,1,0.30623153,0.37271366,0.3210548
train-u0003506,2,1,0.34679985,0.41412982,0.2390703
train-u0003506,2,1,0.30529824,0.39037406,0.30432773
train-u0003740,2,0,0.38052443,0.32640374,0.29307178
train-u0003740,2,0,0.38319424,0.29390132,0.32290444
train-u0003741,1,0,0.41072315,0.32656243,0.26271442
train-u0003741,1,0,0.378689,0.2999632,0.3213478
train-u0003741,1,0,0.34703287,0.32941872,0.32354835
train-u0003741,1,0,0.3695605,0.32733116,0.3031083
train-u0003742,1,0,0.3958156,0.31921476,0.28496966
train-u0003742,1,0,0.40744025,0.2824626,0.3100972
train-u0003742,1,0,0.36383995,0.34379914,0.2923609
train-u0003743,0,0,0.4118528,0.30943996,0.27870724
train-u0003744,0,0,0.37726596,0.3405891,0.28214502
train-u0003745,0,0,0.43329534,0.3439184,0.22278629
train-u0003745,0,0,0.38242838,0.31127217,0.30629948
train-u0003745,0,0,0.3914427,0.26199275,0.34656456
train-u0003746,2,0,0.41909742,0.29648557,0.28441703
train-u0003747,1,0,0.40803924,0.32877412,0.26318666
train-u0003747,1,2,0.3098888,0.33831128,0.35179996
train-u0003748,1,0,0.5252775,0.27713254,0.1975899
train-u0003748,1,2,0.33773595,0.30636078,0.35590324
train-u0003749,0,0,0.45885545,0.3063728,0.23477176
train-u0003749,0,1,0.3322937,0.33913168,0.3285747
train-u0003750,0,0,0.36081877,0.34498927,0.294192
train-u0003750,0,0,0.34634277,0.31942746,0.33422983
train-u0003751,1,0,0.44239467,0.30521208,0.25239328
train-u0003751,1,2,0.31867138,0.33113307,0.35019556
train-u0003752,0,0,0.41443977,0.31135407,0.27420616
train-u0003780,0,1,0.32367274,0.37933168,0.29699564
train-u0003781,1,0,0.3673614,0.34488028,0.28775826
train-u0003782,0,0,0.3861178,0.33175,0.28213227
train-u0003783,0,0,0.38088486,0.34164953,0.27746555
train-u0003783,0,0,0.4857491,0.25384068,0.26041025
train-u0003784,0,0,0.39762783,0.31023142,0.29214072
train-u0003785,1,0,0.3837253,0.33892038,0.2773543
train-u0003786,1,0,0.37376347,0.3608596,0.265377
train-u0003787,1,0,0.40360066,0.31243008,0.28396928
train-u0003788,1,0,0.3754893,0.3451628,0.27934787
train-u0003789,1,0,0.3631736,0.35459048,0.28223592
train-u0003790,1,0,0.4238191,0.32314542,0.25303555
train-u0003791,1,0,0.4176191,0.29527617,0.28710482
train-u0003792,1,0,0.456969,0.27308822,0.2699428
train-u0003854,2,0,0.39641312,0.29720545,0.30638146
train-u0003854,2,0,0.43045795,0.36883003,0.20071197
train-u0003855,1,0,0.46398446,0.20644465,0.3295709
train-u0003856,1,0,0.40677452,0.30590692,0.28731868
train-u0003858,1,0,0.3801874,0.34756625,0.2722464
train-u0003859,2,0,0.37267232,0.31349823,0.31382948
train-u0003859,2,0,0.38092935,0.33100197,0.28806874
train-u0003859,2,0,0.43181485,0.26556188,0.3026232
train-u0003859,2,0,0.42291176,0.26747274,0.30961543
train-u0003860,1,0,0.4595543,0.3116049,0.2288408
train-u0003860,1,0,0.44610897,0.32055736,0.23333368
train-u0003919,0,1,0.34436294,0.37420982,0.28142726
train-u0003919,0,0,0.41020486,0.31628364,0.2735115
train-u0004089,0,0,0.4051626,0.36512193,0.2297155
train-u0004090,0,1,0.34612596,0.40346473,0.25040933
train-u0004091,0,1,0.3453398,0.3793959,0.27526432
train-u0004092,0,1,0.3453398,0.3793959,0.27526432
train-u0004093,0,0,0.40703067,0.36206904,0.23090033
train-u0004093,0,0,0.40023252,0.33488292,0.2648845
train-u0004094,0,0,0.42021316,0.3283667,0.25142014
train-u0004094,0,0,0.42547816,0.23520754,0.33931434
train-u0004095,0,0,0.42361325,0.25483766,0.32154915
train-u0004095,0,0,0.40675616,0.31651077,0.2767331
train-u0004098,0,1,0.30848444,0.4268646,0.264651
train-u0004098,0,0,0.4012153,0.29080167,0.30798298
train-u0004098,0,1,0.34846252,0.391217,0.2603205
train-u0004098,0,0,0.37958443,0.32040247,0.3000131
train-u0004099,2,0,0.47773933,0.3443071,0.1779535
train-u0004100,2,0,0.47773933,0.3443071,0.1779535
train-u0004101,0,0,0.40912998,0.28303513,0.3078349
train-u0004101,0,0,0.4922318,0.23466845,0.27309975
train-u0004102,2,0,0.4317008,0.26868606,0.29961312
train-u0004102,2,0,0.39559147,0.29349157,0.310917
train-u0004104,0,0,0.476552,0.17648335,0.34696463
train-u0004105,1,0,0.41430703,0.29178157,0.29391137
train-u0004107,0,0,0.41739509,0.25625065,0.32635424
train-u0004107,0,2,0.33404893,0.31545505,0.35049596
train-u0004108,0,0,0.41139516,0.25929308,0.32931176
train-u0004108,0,2,0.33949178,0.31566077,0.34484747
train-u0004109,0,0,0.41459286,0.27622956,0.3091776
train-u0004109,0,0,0.34484488,0.3401055,0.3150497
train-u0004110,0,0,0.51258105,0.27156067,0.21585837
train-u0004110,0,0,0.4764481,0.2922862,0.23126568
train-u0004110,0,0,0.39367726,0.3791867,0.22713609
train-u0004111,0,0,0.40210456,0.21538799,0.38250744
train-u0004112,2,2,0.30842397,0.3349239,0.3566522
train-u0004112,2,1,0.3067033,0.35929337,0.33400327
train-u0004112,2,1,0.26991242,0.38012806,0.34995952
train-u0004112,2,2,0.3686969,0.23518163,0.39612147
train-u0004113,0,2,0.3698177,0.17609191,0.4540904
train-u0004113,0,0,0.41346997,0.24426226,0.3422677
train-u0004146,1,1,0.34259966,0.35107356,0.30632672
train-u0004147,1,0,0.40896097,0.32506186,0.26597717
train-u0004148,0,0,0.43398792,0.28802362,0.2779885
train-u0004149,0,0,0.38095483,0.35721722,0.26182792
train-u0004150,1,0,0.4306649,0.30634227,0.2629928
train-u0004150,1,1,0.31626064,0.3767409,0.3069984
train-u0004151,0,0,0.40877846,0.28322095,0.30800068
train-u0004151,0,0,0.40395626,0.27936512,0.31667867
train-u0004151,0,2,0.4047553,0.18954697,0.4056977
train-u0004324,0,0,0.37249696,0.3582386,0.26926437
train-u0004325,0,0,0.373263,0.34803605,0.27870104
train-u0004326,0,0,0.3514923,0.34535936,0.30314833
train-u0004327,1,0,0.3505916,0.31598896,0.33341944
train-u0004327,1,0,0.39992318,0.3771299,0.22294693
train-u0004328,0,0,0.4221576,0.37077072,0.20707174
train-u0004360,0,1,0.35899583,0.36394173,0.27706245
train-u0004361,0,0,0.36251724,0.3444334,0.29304937
train-u0004362,0,0,0.3833666,0.27804625,0.3385872
train-u0004362,0,0,0.44086853,0.28143868,0.27769282
train-u0004362,0,0,0.37813202,0.31154495,0.31032297
train-u0004363,0,0,0.40298653,0.28164393,0.31536955
train-u0004363,0,0,0.39968,0.33897293,0.26134712
train-u0004363,0,0,0.38879502,0.30753177,0.30367324
train-u0004364,1,1,0.34525657,0.37568563,0.27905774
train-u0004364,1,0,0.3929696,0.36489484,0.24213557
train-u0004364,1,0,0.41083643,0.3135901,0.27557337
train-u0004365,1,1,0.34525657,0.37568563,0.27905774
train-u0004365,1,0,0.3929696,0.36489484,0.24213557
train-u0004365,1,0,0.41083643,0.3135901,0.27557337
train-u0004413,0,2,0.37963414,0.22960249,0.39076337
train-u0004414,0,2,0.35414422,0.27689257,0.3689632
train-u0004415,0,0,0.37967673,0.29871842,0.32160488
train-u0004417,0,2,0.34434274,0.2796336,0.37602365
train-u0004417,0,2,0.32342094,0.27354538,0.4030336
train-u0004418,0,0,0.36067194,0.30432025,0.33500785
train-u0004418,0,2,0.3425508,0.28411448,0.3733347
train-u0004502,1,1,0.34264833,0.36218312,0.29516855
train-u0004503,0,1,0.2391506,0.477677,0.28317246
train-u0004504,1,2,0.326877,0.32549268,0.3476304
train-u0004504,1,1,0.30959892,0.39792487,0.29247615
train-u0004504,1,2,0.30373865,0.3318382,0.36442316
train-u0004505,0,2,0.30732605,0.31347716,0.37919685
train-u0004505,0,2,0.3022112,0.29262012,0.40516865
train-u0004505,0,0,0.47149432,0.29902735,0.22947839
train-u0004506,1,1,0.2928295,0.3542939,0.35287657
train-u0004507,1,1,0.3659876,0.3811404,0.25287202
train-u0004508,0,2,0.3438077,0.27269378,0.38349855
train-u0004509,0,1,0.35547844,0.35991165,0.2846098
train-u0004510,0,1,0.29033703,0.36108536,0.34857756
train-u0004510,0,1,0.2695896,0.3708219,0.35958856
train-u0004510,0,2,0.35510543,0.26326987,0.38162476
train-u0004511,0,2,0.28682557,0.2993152,0.41385928
train-u0004512,0,2,0.26022762,0.3323453,0.4074271
train-u0004512,0,0,0.3769317,0.31637442,0.30669388
train-u0004513,2,2,0.2504199,0.26383913,0.48574093
train-u0004514,0,2,0.26963946,0.35434425,0.37601623
train-u0004515,0,1,0.2681339,0.4374839,0.29438218
train-u0004515,0,2,0.25997978,0.36439198,0.37562823
train-u0004516,0,1,0.2755834,0.45270562,0.271711
train-u0004516,0,2,0.26606685,0.338461,0.39547214
train-u0004517,0,1,0.27448347,0.3986989,0.32681763
train-u0004517,0,2,0.2611648,0.35339436,0.38544083
train-u0004518,2,1,0.28210938,0.36831445,0.34957618
train-u0004519,1,2,0.27980575,0.3243917,0.39580256
train-u0004520,1,2,0.26531723,0.33740878,0.39727396
train-u0004530,0,1,0.23360352,0.42895237,0.33744407
train-u0004531,1,1,0.27028722,0.3808098,0.34890303
train-u0004531,1,2,0.34561646,0.2995567,0.35482684
train-u0004532,0,1,0.21076095,0.5173464,0.27189273
train-u0004533,0,1,0.24865294,0.43756968,0.31377742
train-u0004534,0,1,0.22206129,0.5028825,0.27505618
train-u0004535,1,1,0.342018,0.34957442,0.30840757
train-u0004535,1,0,0.3987806,0.26408434,0.33713505
train-u0004535,1,1,0.33030576,0.39973265,0.26996157
train-u0004536,0,1,0.24943937,0.4244604,0.32610017
train-u0004537,2,1,0.2751402,0.40470886,0.3201509
train-u0004538,0,0,0.351868,0.30232987,0.34580216
train-u0004538,0,1,0.3133531,0.39238846,0.29425836
train-u0004539,2,1,0.27559984,0.3713966,0.35300356
train-u0004540,1,1,0.28869045,0.36290997,0.34839958
train-u0004540,1,0,0.4402681,0.27849844,0.28123343
train-u0004541,1,2,0.28471658,0.30652207,0.4087614
train-u0004542,1,1,0.26886904,0.41814703,0.312984
train-u0004554,2,2,0.28364515,0.31738526,0.3989696
train-u0004554,2,2,0.3799094,0.22371307,0.39637753
train-u0004555,0,1,0.29202634,0.4197944,0.2881793
train-u0004556,2,2,0.30903915,0.31924695,0.37171394
train-u0004556,2,2,0.29030877,0.29507506,0.4146162
train-u0004557,0,2,0.30903915,0.31924695,0.37171394
train-u0004557,0,2,0.29030877,0.29507506,0.4146162
train-u0004558,2,2,0.30867514,0.2878941,0.40343073
train-u0004558,2,2,0.19255076,0.37685093,0.43059826
train-u0004558,2,2,0.3154299,0.29929212,0.38527802
train-u0004559,0,1,0.26169333,0.38615206,0.35215467
train-u0004560,0,1,0.26169333,0.38615206,0.35215467
train-u0004561,0,1,0.26184154,0.3750146,0.36314386
train-u0004574,0,2,0.23748945,0.2998492,0.4626614
train-u0004574,0,2,0.3164854,0.31639445,0.36712015
train-u0004575,0,2,0.23748945,0.2998492,0.4626614
train-u0004575,0,2,0.3164854,0.31639445,0.36712015
train-u0004576,2,2,0.34668964,0.24906671,0.40424365
train-u0004577,0,2,0.24630107,0.27831692,0.475382
train-u0004577,0,2,0.31710514,0.33321536,0.3496795
train-u0004578,0,1,0.27649814,0.4040117,0.31949016
train-u0004578,0,2,0.31953612,0.27599147,0.40447235
train-u0004579,0,2,0.287964,0.24646714,0.46556884
train-u0004579,0,2,0.2946532,0.3252254,0.38012138
train-u0004597,1,0,0.38687438,0.26772663,0.34539893
train-u0004597,1,0,0.35512862,0.2917896,0.3530818
train-u0004597,1,2,0.3094201,0.28145894,0.40912095
train-u0004597,1,0,0.38104007,0.27199373,0.34696618
train-u0004597,1,0,0.39192125,0.30651256,0.30156618
train-u0004597,1,2,0.35693765,0.28330705,0.35975528
train-u0004597,1,2,0.32027587,0.33348563,0.34623852
train-u0004597,1,0,0.35618612,0.32795998,0.3158539
train-u0004597,1,2,0.31896037,0.27845383,0.4025858
train-u0004597,1,2,0.3148031,0.29737926,0.38781765
train-u0004598,1,0,0.37057567,0.2617753,0.367649
train-u0004598,1,0,0.34364757,0.3389864,0.31736612
train-u0004599,2,0,0.36808708,0.26926532,0.36264762
train-u0004600,2,2,0.36968306,0.25855628,0.37176073
train-u0004600,2,0,0.42133632,0.3269584,0.25170532
train-u0004601,2,0,0.3366185,0.33149832,0.3318832
train-u0004601,2,0,0.42233607,0.25596723,0.32169673
train-u0004637,0,0,0.36782828,0.27724847,0.3549232
train-u0004637,0,2,0.33497617,0.28320935,0.38181448
train-u0004637,0,2,0.25071484,0.33340755,0.4158776
train-u0004638,0,2,0.30921578,0.33987862,0.35090566
train-u0004638,0,2,0.28973287,0.26105487,0.44921228
train-u0004639,0,2,0.31256807,0.34235048,0.3450814
train-u0004640,2,1,0.30114335,0.38798827,0.3108684
train-u0004640,2,1,0.30112264,0.3796909,0.31918645
train-u0004640,2,1,0.29455253,0.37201256,0.3334349
train-u0004640,2,2,0.35823846,0.27875033,0.36301124
train-u0004641,0,1,0.29344,0.38762614,0.31893387
train-u0004641,0,2,0.35398456,0.25619823,0.38981724
train-u0004641,0,2,0.32449457,0.28766674,0.3878387
train-u0004641,0,2,0.31835747,0.3322106,0.349432
train-u0004641,0,2,0.30946875,0.21902572,0.47150555
train-u0004642,0,1,0.27682412,0.37132818,0.35184765
train-u0004643,0,1,0.27682412,0.37132818,0.35184765
train-u0004644,0,1,0.28913465,0.36232775,0.3485376
train-u0004644,0,2,0.36264738,0.24044192,0.39691064
train-u0004645,0,1,0.29119852,0.43555441,0.27324706
train-u0004645,0,0,0.35055864,0.3012912,0.34815022
train-u0004646,2,1,0.28859305,0.3668764,0.3445306
train-u0004647,2,0,0.35341296,0.33005035,0.3165367
train-u0004647,2,0,0.37110123,0.27884212,0.35005665
train-u0004647,2,2,0.33107376,0.29983795,0.36908835
train-u0004647,2,2,0.2294463,0.36533877,0.4052149
train-u0004757,0,1,0.32213882,0.34654677,0.3313144
train-u0004758,0,0,0.37874803,0.30837193,0.31288007
train-u0004758,0,2,0.2879437,0.32164964,0.39040667
train-u0004758,0,0,0.3510852,0.31532174,0.3335931
train-u0004759,0,2,0.36678478,0.25142145,0.38179374
train-u0004759,0,0,0.38547564,0.28630248,0.3282219
train-u0004759,0,0,0.3608153,0.3089461,0.3302386
train-u0004760,0,1,0.3234401,0.34389868,0.33266124
train-u0004760,0,2,0.31037396,0.30995226,0.3796738
train-u0004760,0,2,0.27771342,0.3579515,0.3643351
train-u0004760,0,1,0.2660429,0.39886189,0.33509517
train-u0004761,0,2,0.3387582,0.3106908,0.350551
train-u0004762,0,1,0.33314177,0.35705405,0.30980423
train-u0004762,0,0,0.39980134,0.27430803,0.3258906
train-u0004762,0,2,0.3017412,0.34878635,0.34947243
train-u0004763,1,1,0.3286325,0.3488585,0.32250893
train-u0004763,1,0,0.37811324,0.2812109,0.34067586
train-u0004764,2,2,0.31415913,0.30846867,0.37737212
train-u0004765,0,1,0.31324214,0.3818244,0.30493343
train-u0004766,0,1,0.34566924,0.37202537,0.28230542
train-u0004767,2,2,0.36383876,0.25720912,0.37895215
train-u0004767,2,2,0.2975019,0.34702182,0.35547626
train-u0004768,2,2,0.3299566,0.32298958,0.34705386
train-u0004768,2,0,0.38475186,0.25642583,0.3588223
train-u0004769,0,1,0.33223686,0.3364418,0.33132136
train-u0004769,0,0,0.3861315,0.35591608,0.2579524
train-u0004770,2,2,0.29045728,0.33205718,0.3774856
train-u0004770,2,2,0.3248341,0.31832972,0.35683617
train-u0004897,0,0,0.39892772,0.379137,0.2219353
train-u0004898,0,0,0.38751218,0.33979118,0.2726966
train-u0004898,0,1,0.31957495,0.35826108,0.32216397
train-u0004898,0,0,0.3411787,0.33484542,0.32397586
train-u0004899,2,0,0.3697625,0.3110305,0.31920707
train-u0004899,2,1,0.3003037,0.39307526,0.306621
train-u0004900,0,0,0.47865278,0.30544588,0.21590132
train-u0004900,0,0,0.42334008,0.31946704,0.2571929
train-u0004901,1,0,0.3880922,0.35934767,0.2525601
train-u0004902,0,0,0.46301675,0.25642902,0.28055426
train-u0004902,0,0,0.38910937,0.35110193,0.25978878
train-u0004902,0,1,0.34478945,0.35645622,0.29875436
train-u0004902,0,1,0.34989145,0.35119277,0.2989158
train-u0004998,0,1,0.32901302,0.37337953,0.29760742
train-u0004999,0,1,0.26613545,0.4994262,0.23443837
train-u0005000,2,1,0.35046014,0.387404,0.26213595
train-u0005000,2,1,0.2989215,0.3636921,0.3373864
train-u0005001,2,1,0.3508448,0.3519257,0.29722944
train-u0005001,2,1,0.33178884,0.38545537,0.28275582
train-u0005001,2,1,0.34730726,0.36474836,0.28794435
train-u0005001,2,2,0.32106334,0.30539957,0.37353706
train-u0005002,0,1,0.31316862,0.43162292,0.25520846
train-u0005073,0,0,0.39338768,0.30225256,0.30435982
train-u0005074,1,0,0.40357584,0.35553533,0.24088885
train-u0005075,2,0,0.39971974,0.35074157,0.24953866
train-u0005076,2,0,0.39451957,0.3540853,0.2513951
train-u0005077,2,0,0.38486752,0.30603957,0.30909285
train-u0005136,0,1,0.32721084,0.3594927,0.3132965
train-u0005137,0,0,0.3755973,0.2905756,0.33382717
train-u0005137,0,0,0.35423523,0.31692082,0.32884383
train-u0005138,1,2,0.34055892,0.30095795,0.3584831
train-u0005138,1,2,0.33981013,0.31615368,0.3440362
train-u0005139,0,1,0.29097986,0.3547876,0.35423255
train-u0005139,0,1,0.3205161,0.3799419,0.29954198
train-u0005140,2,2,0.28470606,0.3211582,0.3941357
train-u0005140,2,1,0.28640413,0.39475206,0.31884384
train-u0005141,1,1,0.28044042,0.42219403,0.2973655
train-u0005141,1,2,0.25473484,0.36626124,0.3790039
train-u0005142,0,1,0.3293299,0.35298923,0.3176809
train-u0005142,0,1,0.27492866,0.3959062,0.32916516
train-u0005188,0,1,0.33028573,0.3719301,0.29778418
train-u0005189,0,0,0.3627195,0.36109045,0.27619007
train-u0005189,0,0,0.3443056,0.33623073,0.31946364
train-u0005190,0,0,0.3627195,0.36109045,0.27619007
train-u0005190,0,0,0.3443056,0.33623073,0.31946364
train-u0005191,0,1,0.33707452,0.36401698,0.29890856
train-u0005191,0,0,0.37074623,0.3639581,0.2652957
train-u0005192,0,1,0.30134764,0.43136516,0.2672873
train-u0005193,1,1,0.3596795,0.36029175,0.28002876
train-u0005194,1,0,0.3471101,0.3243215,0.3285685
train-u0005195,1,0,0.38494906,0.32162818,0.29342276
train-u0005196,1,1,0.34942943,0.3869444,0.26362613
train-u0005197,1,1,0.34019598,0.3416994,0.31810457
train-u0005198,1,1,0.34548882,0.4164679,0.23804334
train-u0005199,1,1,0.33372983,0.34229174,0.32397845
train-u0005200,1,0,0.35797343,0.3434913,0.29853532
train-u0005201,1,0,0.35871834,0.32916108,0.31212062
train-u0005202,1,1,0.3252697,0.3522339,0.32249638
train-u0005203,1,1,0.31961757,0.40298724,0.27739516
train-u0005204,0,0,0.34998843,0.33963296,0.3103786
train-u0005204,0,0,0.37076026,0.33344406,0.29579568
train-u0005205,1,1,0.32587144,0.35576263,0.318366
train-u0005205,1,0,0.42136714,0.34211844,0.23651445
train-u0005275,0,0,0.42528927,0.2680957,0.306615
train-u0005276,2,0,0.4108946,0.3352953,0.2538101
train-u0005276,2,0,0.4183443,0.36097902,0.22067672
train-u0005278,1,0,0.39065087,0.35617843,0.25317067
train-u0005279,1,0,0.3860696,0.35387775,0.26005268
train-u0005279,1,0,0.41290164,0.33224887,0.25484946
train-u0005333,0,1,0.33536294,0.34405172,0.3205853
train-u0005334,2,1,0.32161048,0.36753953,0.31085
train-u0005335,2,2,0.32395947,0.33365056,0.34238994
train-u0005336,1,0,0.33907706,0.3308283,0.33009458
train-u0005336,1,0,0.35497645,0.32989967,0.3151239
train-u0005337,1,2,0.33405298,0.31797165,0.34797543
train-u0005337,1,0,0.3752582,0.30024257,0.3244992
train-u0005338,0,0,0.3547971,0.30672774,0.33847517
train-u0005392,2,0,0.3905683,0.30164582,0.30778587
train-u0005392,2,0,0.43142715,0.28491879,0.28365412
train-u0005392,2,0,0.410765,0.26490647,0.32432857
train-u0005393,1,0,0.39946604,0.34112796,0.25940597
train-u0005394,1,0,0.36939856,0.3661476,0.26445383
train-u0005395,2,0,0.36939856,0.3661476,0.26445383
train-u0005396,2,1,0.36133838,0.3956953,0.24296638
train-u0005397,1,0,0.41311455,0.37435928,0.21252625
train-u0005398,2,0,0.41311455,0.37435928,0.21252625
train-u0005399,1,0,0.38442257,0.337741,0.27783644
train-u0005399,1,0,0.4423663,0.24725203,0.31038162
train-u0005399,1,0,0.39494425,0.22407013,0.3809856
train-u0005400,1,0,0.3641574,0.324552,0.31129056
train-u0005400,1,2,0.36026797,0.2430652,0.39666688
train-u0005401,1,0,0.49988016,0.29407552,0.2060443
train-u0005401,1,0,0.3690322,0.3461144,0.28485346
train-u0005401,1,0,0.38468024,0.33150053,0.2838193
train-u0005401,1,2,0.31575277,0.3217475,0.36249974
train-u0005402,1,0,0.38711604,0.35738292,0.255501
train-u0005402,1,1,0.35784608,0.3589183,0.2832356
train-u0005402,1,0,0.43989843,0.29532334,0.26477826
train-u0005402,1,0,0.3435294,0.33259505,0.32387555
train-u0005403,0,0,0.3947883,0.32955405,0.27565765
train-u0005403,0,0,0.3890075,0.25036773,0.36062476
train-u0005404,1,0,0.375356,0.347252,0.277392
train-u0005404,1,0,0.40099192,0.35829866,0.2407095
train-u0005405,1,1,0.3633943,0.39684704,0.23975873
train-u0005405,1,0,0.4380174,0.32557315,0.23640949
train-u0005406,1,0,0.39333478,0.29405752,0.31260777
train-u0005407,0,0,0.38549674,0.2758373,0.33866596
train-u0005407,0,1,0.30642864,0.36805007,0.32552135
train-u0005408,2,0,0.39629027,0.3397836,0.26392615
train-u0005409,1,1,0.3669428,0.36698848,0.26606876
train-u0005411,1,2,0.3101617,0.30062395,0.38921437
train-u0005412,1,0,0.4487871,0.2787628,0.27245015
train-u0005413,1,2,0.32088023,0.3050191,0.3741007
train-u0005414,2,1,0.32497805,0.36081365,0.31420824
train-u0005415,1,0,0.36260447,0.3230206,0.3143749
train-u0005416,1,2,0.33502576,0.30649,0.35848424
train-u0005443,0,0,0.3622473,0.353699,0.2840538
train-u0005447,0,0,0.41818047,0.24488634,0.33693323
train-u0005448,0,1,0.34993985,0.35712183,0.29293832
train-u0005449,1,1,0.3150824,0.360843,0.32407466
train-u0005450,1,1,0.3150824,0.360843,0.32407466
train-u0005451,1,2,0.312904,0.29888803,0.388208
train-u0005452,1,0,0.35376078,0.31072292,0.3355163
train-u0005454,1,0,0.37903956,0.27949882,0.3414616
train-u0005456,1,1,0.3494679,0.3634293,0.28710273
train-u0005456,1,0,0.3596998,0.31215584,0.3281444
train-u0005477,2,0,0.37602273,0.3038919,0.32008544
train-u0005477,2,1,0.2885445,0.3692236,0.34223187
train-u0005477,2,0,0.40912655,0.33478647,0.256087
train-u0005478,0,0,0.34242615,0.32225865,0.33531517
train-u0005479,2,1,0.31686586,0.35122672,0.33190745
train-u0005479,2,1,0.35426137,0.35733294,0.28840572
train-u0005479,2,0,0.39881495,0.3294566,0.2717285
train-u0005520,1,1,0.28500116,0.3582817,0.35671714
train-u0005520,1,2,0.38765165,0.08805291,0.5242954
train-u0005520,1,2,0.26349783,0.36329418,0.37320796
train-u0005520,1,2,0.26238748,0.28390333,0.45370921
train-u0005520,1,2,0.2791849,0.29165313,0.429162
train-u0005520,1,2,0.2801397,0.27503344,0.4448269
train-u0005520,1,1,0.28276193,0.38323864,0.33399943
train-u0005522,1,1,0.24482088,0.40084302,0.3543361
train-u0005523,1,2,0.30739433,0.33914214,0.35346353
train-u0005523,1,1,0.28242487,0.39403614,0.323539
train-u0005524,1,1,0.2833918,0.4429496,0.27365863
train-u0005525,1,1,0.2962555,0.43056148,0.27318302
train-u0005526,1,1,0.31232488,0.45164832,0.23602673
train-u0005527,1,1,0.2855995,0.40131426,0.31308615
train-u0005633,1,0,0.36907583,0.34421986,0.28670433
train-u0005634,0,0,0.36907583,0.34421986,0.28670433
train-u0005636,2,1,0.32999143,0.38178036,0.28822815
train-u0005640,2,1,0.34175095,0.36865172,0.28959724
train-u0005641,1,1,0.3484216,0.36472797,0.2868504
train-u0005642,1,1,0.346887,0.36381224,0.28930077
train-u0005643,2,1,0.34839144,0.3722924,0.27931616
train-u0005644,1,1,0.37034032,0.37272975,0.25692993
train-u0005645,1,0,0.38065436,0.3427537,0.27659193
train-u0005646,2,0,0.38065436,0.3427537,0.27659193
train-u0005647,1,0,0.35828787,0.34888738,0.29282475
train-u0005648,0,1,0.34467697,0.35406068,0.30126238
train-u0005649,0,0,0.3913373,0.31195024,0.29671243
train-u0005650,0,1,0.32527682,0.35968193,0.3150412
train-u0005651,0,2,0.3303346,0.33455563,0.3351098
train-u0005652,2,0,0.38501957,0.3161507,0.2988297
train-u0005652,2,0,0.35074407,0.34567434,0.30358157
train-u0005653,0,0,0.3853406,0.30018917,0.31447023
train-u0005653,0,0,0.3582198,0.32743847,0.31434178
train-u0005767,2,2,0.30484623,0.34482646,0.3503273
train-u0005767,2,2,0.29859808,0.3393486,0.36205333
train-u0005767,2,1,0.28998825,0.40364963,0.30636212
train-u0005767,2,2,0.28077814,0.3310163,0.3882056
train-u0005767,2,0,0.3599966,0.2944138,0.3455896
train-u0005767,2,1,0.29059836,0.3699182,0.33948353
train-u0005767,2,0,0.44983083,0.33031723,0.21985197
train-u0005767,2,1,0.32756302,0.3675795,0.30485746
train-u0005767,2,0,0.406013,0.27857545,0.3154115
train-u0005768,2,0,0.34788743,0.32027066,0.33184192
train-u0005768,2,2,0.31207567,0.31408903,0.37383533
train-u0005768,2,2,0.33950207,0.30922908,0.35126883
train-u0005768,2,0,0.36269423,0.34682614,0.2904796
train-u0005768,2,2,0.34898826,0.27600923,0.3750025
train-u0005768,2,0,0.41287348,0.3055708,0.28155577
train-u0005768,2,2,0.34515905,0.3078236,0.34701738
train-u0005768,2,0,0.3712336,0.33391038,0.294856
train-u0005769,0,1,0.31614345,0.35493436,0.32892218
train-u0005769,0,2,0.3272592,0.33013865,0.34260207
train-u0005769,0,1,0.2755592,0.3746918,0.349749
train-u0005769,0,1,0.30976865,0.3488697,0.34136158
train-u0005769,0,0,0.42298082,0.3261659,0.25085324
train-u0005769,0,2,0.31161112,0.3159035,0.37248537
train-u0005770,1,2,0.3410765,0.28167486,0.37724864
train-u0005770,1,1,0.32205057,0.3720529,0.30589652
train-u0005770,1,2,0.3397343,0.27256635,0.38769943
train-u0005770,1,0,0.4131518,0.2879741,0.29887402
train-u0005771,1,2,0.30486253,0.34356704,0.35157043
train-u0005771,1,1,0.34848288,0.36335427,0.2881629
train-u0005771,1,0,0.343674,0.32033235,0.33599374
train-u0005771,1,0,0.37655607,0.3165363,0.30690765
train-u0005788,0,1,0.3828566,0.4163384,0.20080496
train-u0005789,2,0,0.39427513,0.34917408,0.25655076
train-u0005790,0,0,0.35788766,0.32865837,0.313454
train-u0005792,2,0,0.43931097,0.28636578,0.27432323
train-u0005792,2,1,0.31481102,0.39487702,0.290312
train-u0005792,2,0,0.36732605,0.3536731,0.2790009
train-u0005844,1,0,0.37424156,0.2858873,0.33987108
train-u0005845,2,0,0.35398573,0.33874208,0.3072722
train-u0005846,0,1,0.32811654,0.38036612,0.29151735
train-u0005847,1,1,0.35218576,0.3527586,0.29505563
train-u0005848,1,1,0.35920772,0.3758006,0.26499158
train-u0005849,1,1,0.35389698,0.36057922,0.2855238
train-u0005850,1,0,0.41151783,0.30411142,0.28437072
train-u0005851,1,0,0.41768482,0.30969402,0.27262115
train-u0005852,2,0,0.4002509,0.35442722,0.2453219
train-u0005852,2,0,0.35896504,0.34796,0.29307503
train-u0005853,1,0,0.37473756,0.3687492,0.25651327
train-u0005919,1,0,0.34545517,0.3142296,0.34031513
train-u0005925,1,0,0.33907866,0.33828062,0.32264072
train-u0005926,0,2,0.3470776,0.2785074,0.374415
train-u0005927,0,1,0.33021083,0.36429527,0.3054939
train-u0005929,1,1,0.30867273,0.45354456,0.23778275
train-u0005930,0,1,0.3298404,0.35528174,0.31487787
train-u0005936,2,2,0.31156763,0.34154153,0.3468908
train-u0005937,2,1,0.25579247,0.45228925,0.29191828
train-u0005938,1,0,0.4042223,0.38408858,0.21168908
train-u0005939,2,0,0.3760144,0.26894018,0.35504532
train-u0005939,2,0,0.37786856,0.3335567,0.2885747
train-u0005939,2,0,0.37896776,0.26019615,0.36083612
train-u0005940,1,1,0.22988576,0.419641,0.35047328
train-u0005940,1,2,0.3144826,0.33800182,0.34751555
train-u0005941,1,1,0.27817607,0.50789845,0.21392551
train-u0005942,1,2,0.2516977,0.36062574,0.3876765
train-u0005942,1,0,0.37319252,0.34151864,0.28528884
train-u0005943,1,1,0.29422057,0.47282156,0.23295785
train-u0005943,1,0,0.43858653,0.22201912,0.33939436
train-u0005944,1,0,0.4156365,0.35879782,0.22556566
train-u0005945,1,0,0.35532433,0.34133583,0.3033398
train-u0005945,1,1,0.32614547,0.37238857,0.3014659
train-u0005946,2,1,0.3314256,0.3749811,0.29359332
train-u0005947,1,1,0.2432321,0.5120734,0.24469443
train-u0005948,0,1,0.29125166,0.43393838,0.27480996
train-u0005948,0,1,0.2698961,0.45954823,0.2705557
train-u0005949,1,1,0.29776073,0.4225403,0.27969903
train-u0005949,1,1,0.24763317,0.54161793,0.21074887
train-u0005950,1,1,0.2945068,0.43617353,0.26931968
train-u0005950,1,0,0.35591844,0.3511181,0.29296353
train-u0005951,0,1,0.32075265,0.40490788,0.27433947
train-u0005951,0,1,0.27141684,0.44324142,0.28534177
train-u0005952,1,1,0.30612028,0.4380793,0.25580046
train-u0005952,1,1,0.26375228,0.4658907,0.27035707
train-u0005953,1,1,0.27290606,0.49834195,0.228752
train-u0005953,1,1,0.2998559,0.44337243,0.25677174
train-u0005953,1,1,0.3458596,0.37266392,0.2814765
train-u0005960,2,0,0.3783875,0.26590416,0.3557084
train-u0005960,2,2,0.35831577,0.23382528,0.40785894
train-u0005960,2,2,0.3092291,0.3371763,0.3535947
train-u0005960,2,2,0.340662,0.2568081,0.4025299
train-u0005961,2,0,0.39513484,0.2762403,0.32862496
train-u0005961,2,1,0.35042748,0.3517707,0.29780185
train-u0005961,2,1,0.2934375,0.38547453,0.32108793
train-u0005961,2,2,0.35877132,0.24812455,0.3931041
train-u0005961,2,2,0.34160215,0.24804355,0.41035432
train-u0005962,2,1,0.31589568,0.37796396,0.30614036
train-u0005962,2,0,0.37579033,0.26481855,0.35939118
train-u0005963,1,1,0.29550925,0.44048458,0.2640062
train-u0005963,1,0,0.38388446,0.24096952,0.37514603
train-u0005963,1,2,0.35828432,0.24045268,0.40126297
train-u0005964,2,1,0.25813982,0.4361825,0.3056776
train-u0005964,2,2,0.33761972,0.31755203,0.34482825
train-u0005964,2,0,0.36531103,0.299681,0.33500797
train-u0005965,1,1,0.26123464,0.50159085,0.2371745
train-u0005965,1,2,0.38288373,0.2331343,0.38398194
train-u0005965,1,2,0.33970022,0.25842032,0.40187943
train-u0005965,1,2,0.35508886,0.22774401,0.4171671
train-u0005965,1,1,0.31788304,0.3783114,0.30380556
train-u0005966,2,1,0.2456408,0.5064924,0.24786684
train-u0005966,2,2,0.33420628,0.26118845,0.40460527
train-u0005967,1,1,0.2445858,0.51412225,0.24129197
train-u0005967,1,2,0.31864518,0.3100361,0.37131873
train-u0005967,1,2,0.35831374,0.21936491,0.42232126
train-u0005968,2,1,0.2609464,0.38607493,0.35297874
train-u0005968,2,2,0.33840364,0.2924957,0.3691006
train-u0005968,2,2,0.35246718,0.25400212,0.3935307
train-u0005968,2,2,0.348648,0.21722224,0.43412971
train-u0005969,1,1,0.24145961,0.4299868,0.32855362
train-u0005969,1,2,0.36230117,0.23823385,0.39946494
train-u0005969,1,2,0.3508302,0.2181839,0.4309858
train-u0005970,2,1,0.25290605,0.48932946,0.25776455
train-u0005970,2,0,0.402539,0.3010204,0.29644054
train-u0005970,2,2,0.32946333,0.28603205,0.38450462
train-u0005971,2,1,0.25433052,0.50411713,0.24155237
train-u0005971,2,0,0.38557634,0.23096392,0.38345972
train-u0005971,2,2,0.36579287,0.2248227,0.40938434
train-u0005972,0,1,0.261989,0.4299505,0.30806053
train-u0005972,0,2,0.36883882,0.2507782,0.38038298
train-u0005972,0,2,0.3173767,0.27869982,0.40392345
train-u0005972,0,2,0.36216113,0.22468188,0.413157
train-u0005973,2,1,0.28042004,0.41724974,0.30233026
train-u0005973,2,2,0.38220805,0.23039414,0.3873978
train-u0005973,2,0,0.3879437,0.25910908,0.3529472
train-u0005974,2,2,0.3427929,0.283654,0.37355316
train-u0005974,2,1,0.2745984,0.39762914,0.32777244
train-u0005975,2,1,0.24108987,0.5174397,0.24147034
train-u0005975,2,0,0.3480575,0.30505136,0.34689108
train-u0005975,2,2,0.36713207,0.25935015,0.37351778
train-u0005975,2,1,0.30695188,0.3558002,0.33724788
train-u0006002,1,1,0.2849333,0.37111238,0.34395427
train-u0006002,1,2,0.31947416,0.285023,0.3955028
train-u0006002,1,2,0.33061495,0.27990678,0.38947824
train-u0006002,1,1,0.31131145,0.36854428,0.32014427
train-u0006003,0,1,0.30778837,0.38578463,0.306427
train-u0006003,0,1,0.22819304,0.431244,0.34056297
train-u0006004,1,2,0.31346554,0.2671739,0.4193606
train-u0006004,1,0,0.36584762,0.29244262,0.3417097
train-u0006004,1,2,0.26569927,0.29902118,0.43527955
train-u0006005,0,1,0.2901042,0.43170908,0.2781868
train-u0006005,0,2,0.26878166,0.28068826,0.45053014
train-u0006005,0,2,0.25671715,0.3452792,0.39800364
train-u0006005,0,2,0.26431257,0.3550503,0.3806371
train-u0006006,2,1,0.26613238,0.41669935,0.31716827
train-u0006006,2,2,0.28812778,0.33971912,0.37215307
train-u0006006,2,2,0.29094726,0.33622995,0.37282282
train-u0006007,2,1,0.30353048,0.35790008,0.3385695
train-u0006007,2,0,0.40067932,0.34857947,0.25074115
train-u0006007,2,2,0.27359742,0.34037375,0.3860288
train-u0006008,1,2,0.26004153,0.33854783,0.40141064
train-u0006008,1,1,0.27193013,0.4264209,0.3016489
train-u0006008,1,1,0.32805353,0.37395936,0.29798707
train-u0006009,0,1,0.32427618,0.34269276,0.33303106
train-u0006009,0,2,0.2996239,0.34941003,0.350966
train-u0006009,0,0,0.36973867,0.30289003,0.3273713
train-u0006010,1,1,0.32569233,0.40732512,0.2669826
train-u0006010,1,1,0.32179284,0.3420636,0.3361435
train-u0006010,1,2,0.3522306,0.26420435,0.38356504
train-u0006010,1,2,0.32772636,0.2849566,0.387317
train-u0006010,1,2,0.2927622,0.31057832,0.3966595
train-u0006011,0,2,0.3203068,0.31882712,0.36086613
train-u0006011,0,1,0.31020775,0.3811454,0.30864686
train-u0006011,0,0,0.37036055,0.2786031,0.35103634
train-u0006011,0,2,0.3298911,0.30828956,0.3618194
train-u0006012,1,1,0.26907796,0.43372986,0.29719216
train-u0006012,1,2,0.27190277,0.35730815,0.37078902
train-u0006013,1,1,0.32683516,0.3632496,0.30991524
train-u0006013,1,0,0.45605385,0.21847093,0.3254752
train-u0006013,1,2,0.34507537,0.26301292,0.3919117
train-u0006013,1,2,0.3148396,0.29789066,0.38726974
train-u0006014,1,1,0.31602177,0.36924192,0.3147363
train-u0006014,1,2,0.35028657,0.2620905,0.38762283
train-u0006014,1,2,0.31646484,0.30057323,0.38296193
train-u0006014,1,0,0.45430237,0.27052882,0.2751688
train-u0006015,1,2,0.30859706,0.31287822,0.37852472
train-u0006015,1,1,0.2952536,0.39650676,0.30823967
train-u0006016,1,1,0.29446316,0.41780126,0.2877355
train-u0006016,1,2,0.31497487,0.2972679,0.38775715
train-u0006017,1,1,0.29825485,0.3520313,0.34971386
train-u0006017,1,2,0.27864012,0.35723147,0.36412844
train-u0006017,1,0,0.38822392,0.24695678,0.36481935
train-u0006017,1,2,0.3241915,0.31030223,0.36550623
train-u0006018,1,2,0.21055645,0.3526654,0.4367782
train-u0006019,0,1,0.2578941,0.37322658,0.36887932
train-u0006019,0,2,0.22177793,0.36045524,0.4177668
train-u0006019,0,0,0.3843891,0.3043681,0.31124285
train-u0006019,0,2,0.32649344,0.3137206,0.35978588
train-u0006154,2,0,0.3973637,0.3368246,0.26581177
train-u0006158,1,1,0.32605284,0.3670956,0.30685157
train-u0006158,1,1,0.34493867,0.36358947,0.29147187
train-u0006158,1,1,0.32723352,0.35098565,0.32178083
train-u0006159,1,0,0.47088844,0.2774324,0.25167915
train-u0006165,0,0,0.4872439,0.30346254,0.20929365
train-u0006168,2,0,0.5411535,0.28635925,0.17248727
train-u0006169,1,1,0.3401647,0.36147314,0.29836223
train-u0006169,1,1,0.3337546,0.37650245,0.28974298
train-u0006170,1,1,0.3894234,0.3949151,0.21566148
train-u0006171,0,0,0.46241853,0.32756466,0.21001682
train-u0006201,0,1,0.3676903,0.38039315,0.2519165
train-u0006202,2,1,0.27772078,0.38095862,0.34132057
train-u0006202,2,1,0.30616176,0.44793373,0.24590455
train-u0006203,0,1,0.30294496,0.36994934,0.3271057
train-u0006204,0,1,0.32168126,0.3910929,0.28722584
train-u0006205,1,1,0.31118956,0.38306463,0.3057458
train-u0006205,1,1,0.29484135,0.3762957,0.32886294
train-u0006206,0,1,0.33814546,0.388148,0.2737065
train-u0006206,0,1,0.31535938,0.4061779,0.2784627
train-u0006207,1,1,0.31117123,0.4094544,0.27937433
train-u0006321,0,1,0.30858374,0.44405645,0.24735984
train-u0006323,1,0,0.4446869,0.13567366,0.41963947
train-u0006324,1,2,0.4209879,0.15059729,0.42841482
train-u0006325,1,1,0.32118487,0.3923405,0.2864746
train-u0006331,0,1,0.35159576,0.41718662,0.23121761
train-u0006334,0,1,0.35417822,0.36282343,0.28299838
train-u0006351,0,0,0.4398673,0.28599533,0.27413735
train-u0006352,1,0,0.4398673,0.28599533,0.27413735
train-u0006353,0,0,0.42943698,0.36436567,0.2061974
train-u0006354,0,0,0.39289474,0.3727334,0.2343718
train-u0006354,0,0,0.45703834,0.2638329,0.27912867
train-u0006354,0,0,0.4430853,0.3358683,0.22104639
train-u0006355,0,0,0.4711883,0.2834262,0.24538548
train-u0006355,0,0,0.41718975,0.3120523,0.27075794
train-u0006355,0,1,0.3985573,0.40685752,0.19458513
train-u0006356,0,0,0.46225846,0.28005275,0.2576887
train-u0006356,0,0,0.47807932,0.29026064,0.23166008
train-u0006356,0,0,0.45254448,0.3646319,0.1828236
train-u0006527,0,0,0.43572816,0.26852503,0.29574683
train-u0006528,0,2,0.34881333,0.2857182,0.3654685
train-u0006528,0,0,0.38363305,0.32710907,0.28925788
train-u0006529,0,2,0.2750054,0.31828418,0.40671042
train-u0006530,2,2,0.3133385,0.31129444,0.37536708
train-u0006530,2,0,0.3963687,0.32394636,0.27968487
train-u0006531,0,2,0.31499448,0.33374825,0.3512573
train-u0006532,0,2,0.3074263,0.26163194,0.4309417
train-u0006533,0,2,0.329215,0.32163897,0.349146
train-u0006534,0,1,0.33459392,0.34866777,0.31673828
train-u0006534,0,0,0.36507714,0.35103562,0.28388727
train-u0006535,1,2,0.2846212,0.33618835,0.37919047
train-u0006536,0,0,0.34828404,0.33338413,0.31833175
train-u0006536,0,0,0.36030215,0.35091367,0.28878415
train-u0006536,0,0,0.3383027,0.3288704,0.3328269
train-u0006537,0,1,0.3093341,0.34834734,0.34231856
train-u0006538,0,0,0.38855302,0.36329678,0.24815015
train-u0006538,0,0,0.41815457,0.3311693,0.25067613
train-u0006539,0,0,0.39621684,0.29239625,0.31138688
train-u0006539,0,0,0.4109075,0.3198239,0.26926848
train-u0006540,0,1,0.33225358,0.35070673,0.31703973
train-u0006541,0,0,0.4025423,0.24867868,0.34877896
train-u0006541,0,0,0.42301866,0.3091055,0.26787585
train-u0006542,0,1,0.30085063,0.37867105,0.32047835
train-u0006583,0,1,0.3447222,0.40860814,0.24666971
train-u0006584,0,1,0.3055331,0.44560042,0.2488665
train-u0006584,0,2,0.31143835,0.33766145,0.35090023
train-u0006585,0,1,0.30026218,0.41947654,0.28026122
train-u0006586,1,1,0.29640135,0.38076702,0.3228316
train-u0006587,2,1,0.2983323,0.41174114,0.28992653
train-u0006588,0,0,0.34027424,0.33338976,0.32633606
train-u0006588,0,0,0.3807314,0.31105834,0.3082102
train-u0006589,0,2,0.30341294,0.31867656,0.37791047
train-u0006590,0,0,0.4275244,0.33292875,0.23954685
train-u0006591,0,2,0.34882337,0.2936553,0.35752136
train-u0006592,0,1,0.28556383,0.41396704,0.30046913
train-u0006593,0,1,0.3036568,0.3870578,0.30928537
train-u0006593,0,1,0.31389487,0.38640478,0.29970038
train-u0006806,0,0,0.5115095,0.3247342,0.16375633
train-u0006806,0,1,0.3718337,0.42719492,0.2009714
train-u0006807,1,0,0.5115095,0.3247342,0.16375633
train-u0006807,1,1,0.3718337,0.42719492,0.2009714
train-u0006850,1,1,0.32452464,0.39769474,0.2777806
train-u0006851,0,1,0.34113222,0.34704277,0.31182507
train-u0006852,0,0,0.3694237,0.33877918,0.29179713
train-u0006853,0,0,0.40555623,0.32694346,0.26750034
train-u0006853,0,0,0.37885594,0.37091026,0.25023377
train-u0006883,0,2,0.27961877,0.3538271,0.36655417
train-u0006883,0,0,0.3632668,0.27977255,0.35696065
train-u0006884,0,1,0.2945053,0.35347918,0.35201555
train-u0006885,0,0,0.41748244,0.28108165,0.3014359
train-u0006886,0,2,0.30290684,0.32649457,0.3705986
train-u0006887,0,2,0.30290684,0.32649457,0.3705986
train-u0006888,0,0,0.36464363,0.31160793,0.32374844
train-u0006903,2,2,0.366499,0.24373749,0.3897635
train-u0006903,2,0,0.37761635,0.26006612,0.3623176
train-u0006904,2,2,0.36468643,0.24742357,0.38789
train-u0006904,2,0,0.37618,0.26052624,0.3632938
train-u0006905,2,0,0.3742499,0.25251448,0.37323558
train-u0006905,2,0,0.37838656,0.2866208,0.33499265
train-u0006906,2,2,0.37437606,0.23980077,0.38582316
train-u0006906,2,0,0.3784361,0.26148942,0.36007446
train-u0006907,2,2,0.34390318,0.2938357,0.36226112
train-u0006908,2,1,0.29647368,0.3683358,0.33519047
train-u0006915,0,0,0.38181207,0.24294029,0.37524763
train-u0006915,0,2,0.35662505,0.285742,0.357633
train-u0006916,0,2,0.3547071,0.2819903,0.36330262
train-u0006916,0,0,0.37303546,0.29503098,0.33193362
train-u0006916,0,0,0.40545788,0.29330754,0.3012346
train-u0006916,0,0,0.45941493,0.25193816,0.28864694
train-u0006917,0,2,0.3547071,0.2819903,0.36330262
train-u0006917,0,0,0.37303546,0.29503098,0.33193362
train-u0006917,0,0,0.40545788,0.29330754,0.3012346
train-u0006917,0,0,0.45941493,0.25193816,0.28864694
train-u0006918,0,0,0.35185683,0.34573263,0.30241048
train-u0006919,2,2,0.31472874,0.28768718,0.39758408
train-u0006919,2,0,0.33974597,0.3214721,0.33878183
train-u0006919,2,0,0.43664953,0.27985698,0.2834935
train-u0006920,1,1,0.32099253,0.40977108,0.26923645
train-u0006920,1,2,0.3377908,0.29498738,0.36722183
train-u0006920,1,0,0.39060694,0.22721553,0.38217753
train-u0006921,2,2,0.33136272,0.27582246,0.39281476
train-u0006921,2,2,0.35300803,0.26633507,0.38065693
train-u0006921,2,0,0.41864735,0.29860973,0.2827429
train-u0006922,0,0,0.38638455,0.33487713,0.27873832
train-u0006922,0,2,0.33391184,0.29155985,0.37452832
train-u0006923,1,1,0.33502346,0.3692416,0.29573488
train-u0006923,1,0,0.34614134,0.34610566,0.307753
train-u0006924,0,1,0.33701402,0.38063577,0.28235018
train-u0006924,0,2,0.3207861,0.33749163,0.34172222
train-u0006924,0,1,0.2932561,0.37283078,0.33391315
train-u0006925,0,1,0.31358504,0.37220576,0.31420928
train-u0006925,0,1,0.31350672,0.37394246,0.31255075
train-u0006926,1,1,0.29251954,0.39537224,0.31210822
train-u0006926,1,1,0.29019418,0.40658832,0.3032175
train-u0006927,0,1,0.3425678,0.37148675,0.28594545
train-u0006927,0,1,0.30680788,0.36763552,0.32555658
train-u0006928,0,1,0.33170715,0.39052683,0.277766
train-u0006928,0,1,0.3033374,0.3781064,0.31855616
train-u0006929,0,1,0.32260028,0.395783,0.28161672
train-u0006929,0,1,0.32870042,0.39471102,0.27658853
train-u0006930,0,1,0.2997926,0.38352305,0.31668428
train-u0006931,0,1,0.32037956,0.35236642,0.32725412
train-u0006932,0,1,0.29617524,0.37028006,0.33354473
train-u0006968,0,0,0.37808847,0.37634996,0.24556157
train-u0006969,2,0,0.37808847,0.37634996,0.24556157
train-u0006970,0,2,0.3170814,0.28175458,0.40116403
train-u0006971,0,1,0.3021963,0.5182771,0.17952657
train-u0006972,0,1,0.3606962,0.4188349,0.22046888
train-u0006991,0,0,0.524592,0.20187162,0.27353644
train-u0006992,2,2,0.4010513,0.13249178,0.46645692
train-u0006993,0,0,0.44723585,0.291124,0.26164007
train-u0006994,0,0,0.43028614,0.3056309,0.264083
train-u0006995,2,0,0.43622366,0.2984769,0.26529938
train-u0007082,2,1,0.29999062,0.3911006,0.30890873
train-u0007083,1,1,0.3359492,0.3721808,0.29187003
train-u0007084,1,1,0.29268205,0.4785835,0.2287345
train-u0007085,2,1,0.29835933,0.42849657,0.27314413
train-u0007086,2,1,0.2735224,0.48516127,0.2413163
train-u0007087,0,1,0.269558,0.41267636,0.31776562
train-u0007088,2,1,0.31879133,0.36336765,0.31784105
train-u0007089,2,1,0.30415013,0.4703372,0.22551273
train-u0007232,2,2,0.3485688,0.29880792,0.35262325
train-u0007232,2,1,0.33416367,0.3556776,0.3101587
train-u0007233,0,2,0.3540938,0.28791615,0.35799003
train-u0007233,0,1,0.32834885,0.3491908,0.3224603
train-u0007234,1,2,0.26432154,0.36550084,0.3701776
train-u0007234,1,1,0.31320348,0.38779286,0.29900366
train-u0007235,2,2,0.29478112,0.31999636,0.3852225
train-u0007235,2,1,0.3283125,0.37855583,0.2931317
train-u0007236,1,1,0.3098345,0.36131,0.32885554
train-u0007236,1,1,0.3060647,0.42008236,0.2738529
train-u0007351,1,1,0.31494516,0.40227413,0.2827807
train-u0007352,2,1,0.28304082,0.43385676,0.2831025
train-u0007353,1,0,0.3766638,0.32997093,0.29336527
train-u0007353,1,2,0.35328507,0.25289583,0.39381903
train-u0007353,1,1,0.34816217,0.3778612,0.2739766
train-u0007353,1,0,0.43561044,0.3321808,0.23220871
train-u0007353,1,1,0.3315978,0.33421192,0.33419028
train-u0007354,2,2,0.31172493,0.28432435,0.40395072
train-u0007354,2,0,0.35624096,0.33100948,0.31274956
train-u0007354,2,0,0.42640388,0.31343174,0.2601644
train-u0007354,2,0,0.3569589,0.31715703,0.3258841
train-u0007354,2,0,0.34511578,0.32226485,0.33261934
train-u0007355,2,2,0.31172493,0.28432435,0.40395072
train-u0007355,2,0,0.35624096,0.33100948,0.31274956
train-u0007355,2,0,0.42640388,0.31343174,0.2601644
train-u0007355,2,0,0.3569589,0.31715703,0.3258841
train-u0007355,2,0,0.34511578,0.32226485,0.33261934
train-u0007356,0,0,0.37138417,0.287808,0.34080788
train-u0007356,0,1,0.3215184,0.35758913,0.3208925
train-u0007357,1,2,0.34388554,0.29830152,0.357813
train-u0007357,1,1,0.3184718,0.42280805,0.25872013
train-u0007421,1,0,0.40403062,0.29887483,0.29709458
train-u0007422,1,0,0.40200874,0.2527539,0.34523728
train-u0007422,1,2,0.35011184,0.27939007,0.3704981
train-u0007422,1,2,0.30251744,0.27932498,0.41815758
train-u0007423,2,1,0.32970503,0.37740535,0.29288968
train-u0007424,1,0,0.40630692,0.36365795,0.23003508
train-u0007424,1,1,0.2860644,0.41257924,0.30135638
train-u0007425,1,0,0.401123,0.37526757,0.22360945
train-u0007425,1,1,0.34445268,0.3490742,0.30647308
train-u0007425,1,1,0.30502146,0.40684512,0.28813332
train-u0007426,1,1,0.32341608,0.38713673,0.2894472
train-u0007427,1,1,0.31506824,0.38301662,0.30191508
train-u0007490,0,0,0.3777667,0.3669298,0.25530353
train-u0007491,2,2,0.35484394,0.26811546,0.3770406
train-u0007491,2,0,0.3710116,0.3148254,0.314163
train-u0007492,2,2,0.31767035,0.28115863,0.40117097
train-u0007492,2,2,0.32357532,0.28740996,0.38901475
train-u0007493,1,2,0.294251,0.29700232,0.40874675
train-u0007493,1,2,0.35235426,0.2797662,0.3678795
train-u0007494,2,0,0.43076834,0.27927476,0.2899568
train-u0007494,2,0,0.37764534,0.32828805,0.2940666
train-u0007494,2,2,0.2676573,0.33798835,0.3943544
train-u0007494,2,1,0.35739246,0.40700802,0.23559956
train-u0007508,2,1,0.32744163,0.3638283,0.30873013
train-u0007509,2,1,0.20847842,0.40722233,0.38429928
train-u0007510,2,1,0.29552108,0.41772145,0.28675747
train-u0007511,1,1,0.3012729,0.42360944,0.27511767
train-u0007512,1,0,0.39815962,0.2972771,0.30456322
train-u0007512,1,1,0.23161529,0.4293578,0.3390269
train-u0007513,1,1,0.28371555,0.4221449,0.29413962
train-u0007514,1,1,0.31143188,0.42387232,0.2646958
train-u0007515,2,0,0.4226071,0.29716885,0.28022406
train-u0007515,2,1,0.26096013,0.39218602,0.3468538
train-u0007516,2,2,0.30654436,0.33337608,0.3600795
train-u0007517,1,1,0.2913476,0.37668574,0.3319667
train-u0007517,1,1,0.28825718,0.36797357,0.3437693
train-u0007518,1,0,0.35484627,0.34079286,0.3043608
train-u0007518,1,2,0.29615963,0.33479077,0.36904964
train-u0007519,2,0,0.37221453,0.3392764,0.288509
train-u0007519,2,2,0.33167642,0.2695399,0.39878368
train-u0007520,0,2,0.3268924,0.26671642,0.40639108
train-u0007520,0,1,0.2933166,0.37840044,0.32828298
train-u0007521,2,1,0.27391818,0.36640322,0.35967866
train-u0007553,2,2,0.24748717,0.3599533,0.3925595
train-u0007554,2,0,0.3554699,0.32302466,0.32150537
train-u0007554,2,1,0.32944655,0.35511765,0.3154358
train-u0007554,2,1,0.31067905,0.35193774,0.33738315
train-u0007555,2,2,0.25780427,0.3665617,0.37563407
train-u0007555,2,2,0.3320258,0.3242214,0.34375277
train-u0007556,2,1,0.30516306,0.34781304,0.3470239
train-u0007557,2,2,0.32122555,0.3364365,0.34233794
train-u0007558,1,1,0.23784299,0.48009056,0.28206638
train-u0007558,1,1,0.34354487,0.34842408,0.30803108
train-u0007642,2,2,0.32885543,0.28997982,0.38116476
train-u0007643,2,0,0.37296334,0.29405317,0.33298352
train-u0007644,0,2,0.34761932,0.28130642,0.37107426
train-u0007645,0,0,0.35485005,0.29944512,0.3457048
train-u0007646,2,0,0.35485005,0.29944512,0.3457048
train-u0007728,0,0,0.3494588,0.30391428,0.34662694
train-u0007728,0,0,0.43769532,0.24568617,0.3166184
train-u0007729,1,1,0.36081952,0.39929423,0.23988622
train-u0007730,2,0,0.35036224,0.3102586,0.33937913
train-u0007731,1,2,0.35304853,0.2852621,0.36168933
train-u0007732,1,1,0.33957285,0.39614922,0.26427794
train-u0007733,2,1,0.31683394,0.3588548,0.32431123
train-u0007734,1,2,0.31504744,0.34103203,0.3439206
train-u0007735,1,0,0.34483,0.3424738,0.3126961
train-u0007736,2,1,0.3419723,0.39037123,0.26765648
train-u0007737,1,0,0.35043645,0.34296292,0.30660063
train-u0007738,2,1,0.34494543,0.35179198,0.30326253
train-u0007739,2,0,0.38510326,0.35857123,0.25632545
train-u0007740,0,0,0.45218775,0.31714886,0.23066337
train-u0007741,1,0,0.36657393,0.30085263,0.33257347
train-u0007741,1,0,0.4062153,0.31369078,0.28009388
train-u0007741,1,2,0.3439935,0.2992369,0.3567696
train-u0007741,1,1,0.30923593,0.3457458,0.34501827
train-u0007742,1,0,0.35874,0.32065994,0.3206001
train-u0007742,1,1,0.32899594,0.34629115,0.3247129
train-u0007742,1,1,0.39257511,0.39756963,0.20985524
train-u0007742,1,1,0.3547324,0.35869664,0.28657097
train-u0007743,2,0,0.41248712,0.28718308,0.30032977
train-u0007743,2,2,0.35145918,0.29114512,0.35739568
train-u0007743,2,2,0.33660617,0.29925263,0.36414123
train-u0007745,0,1,0.29673046,0.36167133,0.34159818
train-u0007746,1,1,0.31601334,0.40886623,0.27512044
train-u0007746,1,1,0.34553555,0.35776243,0.29670206
train-u0007747,1,1,0.34080866,0.39499068,0.26420075
train-u0007747,1,1,0.32973683,0.3861947,0.28406847
train-u0007885,0,1,0.3443963,0.3790296,0.27657416
train-u0007886,0,1,0.3443963,0.3790296,0.27657416
train-u0007887,0,2,0.32935628,0.3116922,0.3589515
train-u0007888,1,0,0.41462538,0.251197,0.33417758
train-u0007889,1,2,0.33971697,0.3079362,0.3523468
train-u0007898,2,1,0.2793335,0.38451016,0.33615637
train-u0007898,2,0,0.39839384,0.27733847,0.3242676
train-u0007899,2,1,0.28335765,0.40620387,0.31043845
train-u0007899,2,0,0.36804086,0.35781416,0.27414504
train-u0007899,2,0,0.36998636,0.29837957,0.33163404
train-u0007900,1,1,0.33989182,0.3459378,0.31417042
train-u0007900,1,1,0.3729494,0.37460563,0.25244498
train-u0007901,1,1,0.35861668,0.36928952,0.27209383
train-u0007901,1,1,0.33909833,0.3421183,0.3187833
train-u0007902,1,2,0.2944179,0.29175982,0.4138223
train-u0007903,1,2,0.32182118,0.2694932,0.40868556
train-u0007903,1,2,0.34296754,0.25628382,0.4007487
train-u0007904,2,1,0.30282804,0.3828906,0.31428128
train-u0007905,1,1,0.29705295,0.36674514,0.33620185
train-u0007906,0,0,0.400948,0.34944072,0.24961127
train-u0007907,1,2,0.24763626,0.36674482,0.38561895
train-u0007908,1,1,0.229321,0.45689616,0.31378284
train-u0007908,1,1,0.30074343,0.36925268,0.3300039
train-u0007909,1,1,0.2746438,0.43484542,0.29051077
train-u0007910,2,2,0.30034274,0.30703527,0.39262196
train-u0007911,1,1,0.22907612,0.42242515,0.3484987
train-u0007912,2,0,0.36769238,0.30078444,0.3315232
train-u0008101,0,0,0.3592657,0.3325523,0.30818197
train-u0008102,1,0,0.3597164,0.33063045,0.3096531
train-u0008102,1,0,0.39070296,0.2952469,0.3140501
train-u0008103,0,0,0.3966871,0.29434636,0.30896652
train-u0008103,0,0,0.37515265,0.25043356,0.37441382
train-u0008103,0,2,0.33998877,0.274545,0.3854662
train-u0008103,0,0,0.4173115,0.35071996,0.23196852
train-u0008103,0,0,0.39532086,0.365026,0.23965319
train-u0008104,0,0,0.38817915,0.28283474,0.3289861
train-u0008104,0,0,0.3861768,0.33072692,0.28309628
train-u0008104,0,1,0.33375552,0.35413378,0.31211066
train-u0008104,0,0,0.42049193,0.29452693,0.2849811
train-u0008104,0,0,0.34936923,0.32502487,0.32560596
train-u0008105,1,2,0.34325737,0.29627696,0.36046565
train-u0008202,1,0,0.39500666,0.27215263,0.33284065
train-u0008203,1,0,0.37687978,0.3297018,0.2934185
train-u0008203,1,0,0.4014403,0.28204826,0.3165115
train-u0008204,1,0,0.40391213,0.32746544,0.26862243
train-u0008204,1,0,0.3979093,0.2673125,0.33477822
train-u0008205,1,0,0.520402,0.2156919,0.26390606
train-u0008206,0,2,0.33015805,0.29990005,0.36994186
train-u0008207,1,1,0.30870014,0.35765886,0.33364105
train-u0008208,2,2,0.30088994,0.33763218,0.36147785
train-u0008209,2,0,0.39933074,0.31056792,0.29010138
train-u0008209,2,0,0.34821883,0.31169218,0.34008908
train-u0008218,2,0,0.40311202,0.279375,0.31751305
train-u0008218,2,0,0.4209726,0.30427423,0.27475315
train-u0008218,2,1,0.32001507,0.3697944,0.3101905
train-u0008218,2,0,0.44400802,0.2788655,0.27712643
train-u0008218,2,0,0.44334117,0.29091898,0.26573986
train-u0008218,2,0,0.41917202,0.2905273,0.29030064
train-u0008218,2,0,0.41386735,0.2638392,0.32229346
train-u0008218,2,0,0.41804126,0.333678,0.24828076
train-u0008218,2,0,0.43491068,0.265705,0.2993843
train-u0008218,2,0,0.41985592,0.2974333,0.2827108
train-u0008218,2,1,0.32153484,0.34848377,0.32998142
train-u0008218,2,0,0.37727118,0.33957765,0.2831512
train-u0008218,2,0,0.43042743,0.25053373,0.31903887
train-u0008219,0,2,0.3384254,0.30216762,0.35940692
train-u0008219,0,0,0.36642376,0.28694117,0.34663507
train-u0008220,2,2,0.33386734,0.32643327,0.33969942
train-u0008220,2,1,0.32574755,0.34006116,0.3341913
train-u0008221,2,2,0.32320258,0.33392966,0.34286776
train-u0008221,2,1,0.33846122,0.3401683,0.32137048
train-u0008222,0,2,0.33194247,0.31300727,0.35505027
train-u0008222,0,0,0.42350623,0.26643112,0.31006262
train-u0008223,0,2,0.34395292,0.28493834,0.37110874
train-u0008223,0,0,0.34813145,0.34195772,0.3099108
train-u0008224,0,0,0.3355377,0.33502042,0.32944193
train-u0008225,2,0,0.38818198,0.28529555,0.32652253
train-u0008225,2,0,0.4374025,0.266455,0.29614252
train-u0008226,2,0,0.38631466,0.28713062,0.3265547
train-u0008226,2,0,0.37020645,0.35047016,0.27932337
train-u0008226,2,0,0.3543378,0.29690477,0.34875745
train-u0008226,2,0,0.35703817,0.31689894,0.32606292
train-u0008226,2,0,0.34471104,0.32851043,0.32677847
train-u0008226,2,2,0.2886836,0.35383654,0.3574799
train-u0008227,0,2,0.2604964,0.34284723,0.39665633
train-u0008227,0,0,0.3521117,0.30344832,0.34443992
train-u0008228,0,0,0.36167136,0.33579543,0.30253315
train-u0008228,0,0,0.35771295,0.33847317,0.30381384
train-u0008228,0,0,0.3516639,0.33751333,0.31082278
train-u0008228,0,0,0.40052706,0.30688748,0.29258552
train-u0008289,2,1,0.30529064,0.35235992,0.34234944
train-u0008291,0,0,0.37318245,0.32161573,0.30520177
train-u0008293,1,0,0.35923278,0.34526047,0.29550675
train-u0008295,1,1,0.3342051,0.3804587,0.2853362
train-u0008295,1,0,0.36813173,0.34585872,0.28600955
train-u0008296,2,1,0.3049412,0.39963108,0.29542777
train-u0008297,1,1,0.3692405,0.38739195,0.24336754
train-u0008299,2,0,0.4230033,0.23873308,0.33826363
train-u0008299,2,0,0.37055713,0.33174807,0.29769477
train-u0008299,2,0,0.39165565,0.25069702,0.35764736
train-u0008299,2,0,0.37035015,0.33862814,0.29102167
train-u0008299,2,0,0.40658394,0.23528673,0.35812932
train-u0008300,2,1,0.35618815,0.36360684,0.28020507
train-u0008300,2,0,0.3739574,0.35911173,0.26693085
train-u0008300,2,0,0.44183666,0.33083495,0.22732845
train-u0008301,2,0,0.38605687,0.25166273,0.36228037
train-u0008301,2,1,0.24662454,0.45900196,0.29437354
train-u0008302,2,0,0.39111775,0.36221126,0.24667099
train-u0008302,2,1,0.2779393,0.4415578,0.2805029
train-u0008303,0,1,0.34205177,0.4142421,0.24370608
train-u0008381,0,0,0.33838567,0.32467255,0.33694184
train-u0008381,0,2,0.31766012,0.32202137,0.3603185
train-u0008382,0,2,0.3050654,0.3329863,0.3619483
train-u0008382,0,0,0.4214533,0.23740226,0.34114444
train-u0008383,0,2,0.28723976,0.32935983,0.38340038
train-u0008383,0,0,0.42599896,0.23823309,0.33576795
train-u0008383,0,0,0.3725106,0.34207642,0.285413
train-u0008384,0,0,0.36504585,0.3351927,0.29976147
train-u0008384,0,2,0.29861867,0.30458772,0.3967936
train-u0008384,0,2,0.3378527,0.30976263,0.35238463
train-u0008385,2,0,0.37221414,0.33115873,0.29662716
train-u0008385,2,2,0.3256548,0.30690405,0.36744115
train-u0008386,2,0,0.38345504,0.3282581,0.28828686
train-u0008386,2,2,0.26198497,0.32926562,0.40874946
train-u0008387,2,0,0.34517515,0.32464144,0.33018345
train-u0008387,2,2,0.30514202,0.29672194,0.39813605
train-u0008388,2,2,0.3418528,0.31282175,0.34532544
train-u0008388,2,1,0.3297677,0.36413208,0.30610034
train-u0008389,0,1,0.36179763,0.38325018,0.25495222
train-u0008389,0,0,0.39635628,0.30166417,0.30197954
train-u0008390,0,2,0.34336558,0.29863694,0.35799742
train-u0008390,0,0,0.34266958,0.33412975,0.32320067
train-u0008391,0,0,0.3743464,0.32291663,0.302737
train-u0008391,0,2,0.29246217,0.35367325,0.35386467
train-u0008392,0,1,0.32513735,0.41074294,0.26411974
train-u0008392,0,0,0.40497983,0.24678753,0.34823263
train-u0008393,0,0,0.38540265,0.24432594,0.3702714
train-u0008393,0,0,0.371056,0.31632817,0.31261593
train-u0008393,0,1,0.3614968,0.40565693,0.23284626
train-u0008394,0,2,0.3100586,0.2917455,0.3981959
train-u0008394,0,0,0.3662478,0.35365266,0.28009957
train-u0008394,0,1,0.3630703,0.41746315,0.21946649
train-u0008395,0,2,0.33329546,0.29503348,0.37167108
train-u0008395,0,1,0.35471267,0.37472412,0.2705632
train-u0008396,0,0,0.38351274,0.35089022,0.2655971
train-u0008396,0,2,0.3373588,0.3039893,0.35865182
train-u0008604,2,1,0.2507898,0.40929958,0.3399106
train-u0008605,2,1,0.27772835,0.3865301,0.33574158
train-u0008606,2,1,0.2664086,0.4115602,0.3220311
train-u0008607,2,1,0.33021328,0.3560945,0.31369227
train-u0008608,1,1,0.25487864,0.3729544,0.37216705
train-u0008609,2,1,0.25760788,0.41227403,0.3301181
train-u0008610,2,1,0.32593262,0.34736383,0.32670355
train-u0008612,2,1,0.30646724,0.42286178,0.27067092
train-u0008613,2,2,0.3000478,0.27809635,0.4218558
train-u0008654,1,2,0.3673476,0.2618013,0.37085113
train-u0008654,1,0,0.39025995,0.33828533,0.27145463
train-u0008655,2,0,0.33900377,0.3266215,0.33437467
train-u0008655,2,2,0.33023995,0.3039905,0.36576954
train-u0008656,1,1,0.30678272,0.36378154,0.32943574
train-u0008656,1,1,0.34082168,0.35880396,0.3003744
train-u0008657,1,1,0.28797698,0.36751208,0.34451094
train-u0008657,1,1,0.29660255,0.38740295,0.3159946
train-u0008658,1,1,0.34517205,0.39150107,0.2633269
train-u0008658,1,2,0.3287096,0.33439726,0.33689317
train-u0008659,1,1,0.30622512,0.39815256,0.2956223
train-u0008659,1,1,0.29750785,0.35792914,0.34456298
train-u0008660,1,1,0.28704655,0.4184313,0.29452214
train-u0008661,1,1,0.3601508,0.3728725,0.26697674
train-u0008662,0,0,0.3714852,0.3364591,0.29205567
train-u0008662,0,1,0.24925564,0.45260686,0.29813752
train-u0008663,1,1,0.32240874,0.39280534,0.28478584
train-u0008663,1,1,0.30701253,0.35649294,0.33649457
train-u0008664,2,1,0.3188246,0.4047759,0.27639952
train-u0008664,2,2,0.32693303,0.313509,0.359558
train-u0008665,1,2,0.37711465,0.21893789,0.4039475
train-u0008665,1,1,0.29149386,0.37345573,0.33505043
train-u0008666,2,1,0.30116722,0.37504795,0.3237849
train-u0008666,2,1,0.34195423,0.36795425,0.29009145
train-u0008666,2,2,0.36731336,0.08198865,0.550698
train-u0008667,2,1,0.30340728,0.36901605,0.32757667
train-u0008668,1,0,0.39223766,0.30188638,0.30587602
train-u0008668,1,0,0.37451228,0.33257267,0.29291508
train-u0008668,1,2,0.33469754,0.27317625,0.39212623
train-u0008668,1,0,0.36848724,0.28526452,0.34624827
train-u0008669,1,2,0.30586874,0.33730268,0.35682857
train-u0008669,1,1,0.34442368,0.38892397,0.26665235
train-u0008670,1,2,0.3352247,0.3036653,0.36110997
train-u0008670,1,1,0.32585943,0.41164172,0.2624988
train-u0008671,1,0,0.3640412,0.29210743,0.34385142
train-u0008671,1,1,0.30398142,0.45864034,0.23737821
train-u0008671,1,2,0.35344532,0.25170252,0.3948522
train-u0008672,2,2,0.3583628,0.24289398,0.39874315
train-u0008672,2,1,0.2987744,0.3567828,0.34444275
train-u0008807,2,0,0.40202218,0.28961492,0.30836287
train-u0008808,1,2,0.336039,0.26332396,0.400637
train-u0008808,1,1,0.31242555,0.3897615,0.29781294
train-u0008809,1,1,0.2952445,0.38144395,0.32331154
train-u0008809,1,2,0.32375982,0.29883286,0.3774073
train-u0008810,2,1,0.3209893,0.35532847,0.32368222
train-u0008810,2,1,0.26702353,0.38173246,0.35124403
train-u0008811,1,2,0.240407,0.37116894,0.38842407
train-u0008812,1,1,0.2949965,0.49454555,0.21045803
train-u0008813,1,2,0.26528698,0.3244742,0.41023883
train-u0008814,1,1,0.29628572,0.42817008,0.27554426
train-u0008815,1,2,0.267334,0.31844333,0.41422272
train-u0008816,2,1,0.23151515,0.4419834,0.32650143
train-u0008817,2,1,0.28887278,0.4657445,0.24538276
train-u0008817,2,2,0.3301179,0.2902829,0.37959912
train-u0008818,1,2,0.25561094,0.36940163,0.37498742
train-u0008818,1,2,0.3248432,0.28920627,0.38595054
train-u0008819,2,2,0.256131,0.33711788,0.40675113
train-u0008820,2,2,0.35530242,0.23570281,0.40899476
train-u0008820,2,0,0.34742516,0.34252942,0.3100455
train-u0008821,2,2,0.32995495,0.31425512,0.3557899
train-u0008822,2,1,0.25032118,0.38551015,0.36416876
train-u0008823,2,2,0.2930521,0.30603892,0.40090898
train-u0008823,2,2,0.28202724,0.25481176,0.463161
train-u0008824,0,2,0.31949264,0.29443744,0.3860699
train-u0008824,0,2,0.2612485,0.27808696,0.46066454
train-u0008832,2,1,0.24654797,0.46947682,0.2839752
train-u0008833,2,1,0.23946452,0.38298303,0.37755248
train-u0008834,1,1,0.25771973,0.37847883,0.3638014
train-u0008835,1,1,0.2599848,0.44122925,0.29878592
train-u0008836,0,2,0.22124776,0.32614422,0.45260802
train-u0008837,0,1,0.27394792,0.38568768,0.3403644
train-u0008838,2,1,0.30961967,0.45019165,0.24018866
train-u0008839,2,1,0.2720164,0.36606303,0.36192054
train-u0008840,1,1,0.28774038,0.42724591,0.28501374
train-u0008841,2,2,0.280428,0.3507401,0.36883193
train-u0008842,1,1,0.27126753,0.50505143,0.22368103
train-u0008843,2,1,0.26514006,0.47729686,0.25756308
train-u0008844,1,1,0.3292371,0.3703039,0.300459
train-u0008845,1,1,0.2725031,0.3756762,0.35182068
train-u0008845,1,0,0.37699842,0.28389832,0.33910322
train-u0008846,1,1,0.2676964,0.3775269,0.35477665
train-u0008846,1,2,0.27840498,0.34533286,0.3762621
train-u0008847,1,1,0.2724743,0.39734674,0.330179
train-u0008847,1,1,0.30374628,0.36126918,0.33498454
train-u0008848,1,2,0.2506546,0.32271746,0.4266279
train-u0008848,1,2,0.2939594,0.2963826,0.409658
train-u0008849,0,2,0.31232423,0.30706874,0.38060704
train-u0008849,0,1,0.3202068,0.36804184,0.31175134
train-u0008850,2,1,0.2684459,0.36981517,0.3617389
train-u0008851,1,0,0.35891104,0.3060339,0.335055
train-u0008852,1,0,0.37215456,0.30517274,0.3226727
train-u0008852,1,0,0.38636675,0.3034515,0.31018177
train-u0008852,1,2,0.3204144,0.32263574,0.35694987
train-u0008852,1,2,0.32870737,0.2841177,0.38717493
train-u0008853,1,0,0.3457922,0.3303788,0.323829
train-u0008853,1,0,0.3636851,0.30076385,0.33555102
train-u0008866,1,1,0.26559746,0.48077795,0.2536245
train-u0008867,0,2,0.24813257,0.3672516,0.3846158
train-u0008868,1,1,0.2651984,0.38754985,0.3472517
train-u0008869,1,1,0.2917849,0.36190215,0.3463129
train-u0008870,0,1,0.22565429,0.5277511,0.24659455
train-u0008883,1,1,0.23880419,0.39529738,0.36589843
train-u0008884,1,1,0.24674514,0.43321872,0.3200362
train-u0008885,0,2,0.22290087,0.3548661,0.42223305
train-u0008885,0,2,0.25507694,0.37145025,0.37347284
train-u0008886,2,1,0.21887912,0.41405028,0.36707062
train-u0008887,1,1,0.25096908,0.38062322,0.3684077
train-u0008887,1,2,0.2442135,0.3662602,0.38952628
train-u0008893,1,2,0.22994512,0.31737146,0.45268345
train-u0008894,1,2,0.27557203,0.28866172,0.43576622
train-u0008894,1,2,0.29068255,0.32452044,0.38479698
train-u0008895,0,2,0.23757479,0.3563821,0.4060431
train-u0008897,0,2,0.27613798,0.27572748,0.44813454
train-u0008898,1,2,0.23636697,0.28843594,0.47519717
train-u0008899,1,2,0.1809245,0.3987997,0.42027578
train-u0008900,1,2,0.26762316,0.29597476,0.43640202
train-u0008901,0,1,0.24261908,0.4053197,0.35206124
train-u0008901,0,2,0.25147286,0.3334152,0.4151119
train-u0008902,2,2,0.21322367,0.32600248,0.4607739
train-u0008903,0,2,0.20375486,0.3869223,0.40932292
train-u0008903,0,2,0.32640436,0.2940512,0.3795445
train-u0008904,1,1,0.22226663,0.45655623,0.32117718
train-u0008905,1,1,0.2033722,0.415035,0.38159278
train-u0009036,0,1,0.35819876,0.36838603,0.27341524
train-u0009037,2,0,0.41456965,0.2684341,0.31699622
train-u0009038,2,0,0.40343738,0.2561315,0.34043112
train-u0009039,2,2,0.17781422,0.36958197,0.45260382
train-u0009039,2,0,0.3649071,0.29039797,0.34469494
train-u0009039,2,1,0.30818614,0.3671329,0.32468095
train-u0009040,2,2,0.18899013,0.32835913,0.48265076
train-u0009040,2,0,0.39494833,0.26869324,0.33635846
train-u0009042,2,0,0.3755059,0.30994448,0.3145496
train-u0009043,2,1,0.35200366,0.37470138,0.27329493
train-u0009043,2,0,0.33763728,0.32604817,0.33631462
train-u0009044,1,0,0.37735116,0.27460846,0.3480403
train-u0009045,1,2,0.3489935,0.27944556,0.3715609
train-u0009083,1,1,0.34056348,0.38551772,0.27391875
train-u0009084,2,1,0.32997608,0.3867908,0.2832331
train-u0009085,0,0,0.39391252,0.3260791,0.28000838
train-u0009086,2,0,0.37521216,0.33583048,0.28895727
train-u0009086,2,0,0.36495465,0.28652835,0.34851706
train-u0009087,2,0,0.42401245,0.29251328,0.2834742
train-u0009087,2,0,0.42077482,0.24470934,0.33451584
train-u0009088,2,1,0.33222058,0.40183097,0.2659485
train-u0009089,0,0,0.3764137,0.32819185,0.2953945
train-u0009089,0,0,0.39146346,0.23153393,0.37700257
train-u0009089,0,0,0.37572056,0.35783008,0.26644933
train-u0009089,0,2,0.32892933,0.2995149,0.37155575
train-u0009089,0,0,0.34577653,0.3366213,0.3176022
train-u0009089,0,0,0.3930633,0.33501837,0.27191833
train-u0009089,0,0,0.37304154,0.33529076,0.29166773
train-u0009091,1,0,0.35730156,0.3526231,0.29007536
train-u0009092,1,0,0.38977966,0.33577213,0.27444822
train-u0009093,1,0,0.39660493,0.25268447,0.3507107
train-u0009094,0,0,0.43377015,0.14668682,0.41954303
train-u0009095,2,2,0.31698963,0.005343415,0.677667
train-u0009096,1,1,0.27489546,0.36496156,0.36014295
train-u0009097,2,1,0.28712928,0.3769332,0.33593753
train-u0009136,1,0,0.37810162,0.36828613,0.25361225
train-u0009139,2,2,0.34959576,0.26719397,0.38321027
train-u0009140,2,0,0.36443168,0.30664733,0.328921
train-u0009140,2,0,0.41532326,0.31187853,0.27279824
train-u0009140,2,0,0.40268815,0.31832647,0.27898538
train-u0009141,1,0,0.40394983,0.31229538,0.2837547
train-u0009141,1,0,0.3604992,0.3052723,0.33422852
train-u0009141,1,2,0.3711113,0.25658393,0.3723048
train-u0009142,0,0,0.4461931,0.29346102,0.26034588
train-u0009142,0,0,0.39456797,0.30621633,0.2992157
train-u0009143,2,1,0.33413956,0.39445943,0.27140105
train-u0009164,1,1,0.31382993,0.42548722,0.26068282
train-u0009165,1,1,0.28453326,0.43414095,0.28132576
train-u0009166,2,0,0.44399083,0.28578818,0.270221
train-u0009167,0,1,0.25786442,0.47178856,0.27034703
train-u0009169,1,1,0.27617988,0.4315063,0.2923138
train-u0009170,2,0,0.4158713,0.3634278,0.2207009
train-u0009171,1,1,0.35620907,0.37838754,0.26540333
train-u0009172,1,0,0.3646071,0.31513098,0.32026196
train-u0009172,1,0,0.41217917,0.30463186,0.2831889
train-u0009173,2,0,0.38586196,0.2927927,0.3213454
train-u0009173,2,0,0.393491,0.31048357,0.29602545
train-u0009174,1,0,0.3918145,0.32826158,0.27992392
train-u0009174,1,1,0.36088994,0.3917102,0.2473998
train-u0009175,1,0,0.38901457,0.322249,0.2887365
train-u0009175,1,0,0.4235107,0.339603,0.2368863
train-u0009181,0,1,0.31788048,0.35100037,0.33111924
train-u0009182,2,0,0.37942922,0.32311988,0.2974508
train-u0009183,1,1,0.31672457,0.35011548,0.33315992
train-u0009184,1,1,0.3256881,0.4128967,0.26141527
train-u0009184,1,0,0.4496169,0.23902297,0.3113601
train-u0009185,0,1,0.3256881,0.4128967,0.26141527
train-u0009185,0,0,0.4496169,0.23902297,0.3113601
train-u0009186,1,1,0.29690006,0.38816813,0.31493178
train-u0009187,1,1,0.3115996,0.3812923,0.30710804
train-u0009188,2,1,0.27637705,0.36418575,0.35943714
train-u0009189,2,0,0.40387335,0.29543364,0.30069304
train-u0009190,0,1,0.35424376,0.3775404,0.26821578
train-u0009191,0,0,0.3420249,0.32628688,0.33168823
train-u0009192,1,1,0.29687008,0.39389768,0.30923226
train-u0009193,0,1,0.30853248,0.3583055,0.33316195
train-u0009193,0,2,0.29997852,0.32105854,0.37896284
train-u0009194,1,0,0.37112045,0.3232898,0.30558968
train-u0009195,1,0,0.37269375,0.3290122,0.29829404
train-u0009196,0,1,0.32113957,0.38999543,0.28886497
train-u0009196,0,2,0.3680167,0.2549826,0.37700066
train-u0009197,1,2,0.28577572,0.33686742,0.37735686
train-u0009198,1,2,0.28597558,0.35394254,0.36008188
train-u0009199,1,1,0.35163486,0.3536155,0.2947497
train-u0009220,1,1,0.34315917,0.3654505,0.2913903
train-u0009220,1,0,0.44570488,0.3138787,0.24041644
train-u0009221,1,1,0.33406654,0.37700537,0.288928
train-u0009221,1,0,0.5025189,0.24028136,0.25719973
train-u0009222,1,0,0.49756396,0.2820793,0.22035663
train-u0009222,1,0,0.40515122,0.33586723,0.25898156
train-u0009223,0,1,0.32570878,0.41785675,0.25643444
train-u0009225,1,1,0.34118506,0.40369985,0.25511515
train-u0009226,2,0,0.37491944,0.34810814,0.2769724
train-u0009410,1,0,0.43684128,0.26780856,0.29535016
train-u0009410,1,2,0.33359814,0.32841533,0.33798653
train-u0009410,1,2,0.3947711,0.2087076,0.3965213
train-u0009410,1,0,0.34518662,0.33251843,0.32229492
train-u0009410,1,2,0.35019654,0.2728208,0.37698272
train-u0009410,1,0,0.3803987,0.35144404,0.26815727
train-u0009410,1,2,0.3329375,0.28954586,0.37751663
train-u0009411,0,1,0.27701336,0.42283687,0.30014974
train-u0009411,0,2,0.33839688,0.3031877,0.35841548
train-u0009411,0,2,0.3332472,0.31649843,0.35025436
train-u0009411,0,2,0.32398352,0.27445397,0.40156248
train-u0009411,0,2,0.30541155,0.3015047,0.39308372
train-u0009411,0,2,0.3519943,0.25230974,0.39569595
train-u0009412,2,2,0.28151095,0.3577265,0.3607625
train-u0009413,1,1,0.3469538,0.3476117,0.3054345
train-u0009414,2,0,0.35546356,0.3194653,0.32507113
train-u0009492,0,0,0.4588196,0.26736584,0.2738146
train-u0009492,0,0,0.45684347,0.32036287,0.22279364
train-u0009493,1,0,0.4136482,0.37336242,0.21298946
train-u0009493,1,1,0.29289958,0.3755003,0.33160013
train-u0009494,2,1,0.39266232,0.3984734,0.20886429
train-u0009495,1,0,0.38110748,0.3617508,0.2571417
train-u0009496,1,0,0.42336088,0.3334024,0.2432367
train-u0009497,2,0,0.40721446,0.35517085,0.2376147
train-u0009498,2,0,0.39937142,0.3424544,0.25817424
train-u0009499,2,0,0.39900807,0.34697193,0.25402004
train-u0009503,2,1,0.32243195,0.3518352,0.3257328
train-u0009504,2,1,0.31337997,0.38253862,0.3040815
train-u0009505,1,0,0.44541776,0.3152348,0.23934738
train-u0009506,2,0,0.37235516,0.35421634,0.27342844
train-u0009508,2,0,0.35382026,0.3393768,0.30680293
train-u0009510,2,1,0.37991878,0.38799924,0.2320819
train-u0009511,2,2,0.2717558,0.3056146,0.42262957
train-u0009511,2,1,0.3406196,0.36791024,0.29147023
train-u0009511,2,2,0.3171613,0.30858582,0.37425286
train-u0009511,2,0,0.37617818,0.2986742,0.32514757
train-u0009511,2,0,0.3728104,0.3287453,0.29844436
train-u0009511,2,0,0.36518028,0.29348207,0.34133768
train-u0009512,2,1,0.35882553,0.36498266,0.27619183
train-u0009512,2,1,0.33344868,0.41133702,0.2552143
train-u0009514,2,0,0.4317729,0.28943232,0.27879485
train-u0009537,1,1,0.3171943,0.3719968,0.31080887
train-u0009537,1,1,0.30060673,0.37813476,0.3212585
train-u0009537,1,1,0.24489413,0.4230255,0.3320804
train-u0009538,1,1,0.3090418,0.38840982,0.3025484
train-u0009538,1,1,0.2974328,0.38722858,0.31533858
train-u0009539,1,1,0.29834878,0.36973882,0.33191234
train-u0009539,1,0,0.41748232,0.26628727,0.31623045
train-u0009539,1,1,0.3624658,0.38207132,0.25546286
train-u0009539,1,1,0.3026841,0.37090272,0.3264132
train-u0009539,1,1,0.23896068,0.42484358,0.3361957
train-u0009540,2,1,0.25665084,0.48672956,0.2566196
train-u0009541,1,1,0.2393943,0.5155189,0.2450868
train-u0009611,0,0,0.3528611,0.34400183,0.30313703
train-u0009612,0,0,0.37283346,0.2853514,0.3418151
train-u0009613,1,0,0.3645491,0.34559944,0.28985146
train-u0009614,0,0,0.39118332,0.34065738,0.2681593
train-u0009616,2,1,0.33065194,0.33834594,0.33100215
train-u0009627,0,0,0.3995026,0.34105366,0.2594437
train-u0009628,2,2,0.3324522,0.3242426,0.3433052
train-u0009630,1,0,0.34522375,0.31528312,0.3394931
train-u0009631,2,0,0.35462773,0.33567455,0.3096978
train-u0009727,1,0,0.43406212,0.33431706,0.23162085
train-u0009728,0,0,0.42390707,0.3641519,0.21194096
train-u0009733,0,0,0.38650802,0.34722924,0.26626265
train-u0009734,0,0,0.4728653,0.2501566,0.27697814
train-u0009734,0,1,0.3480971,0.39310318,0.2587998
train-u0009734,0,0,0.51455456,0.25911108,0.22633435
train-u0009734,0,0,0.38780007,0.28635558,0.32584438
train-u0009734,0,2,0.3716814,0.24117258,0.38714603
train-u0009734,0,0,0.4076427,0.33280927,0.25954804
train-u0009734,0,0,0.38712138,0.35397476,0.25890386
train-u0009734,0,0,0.4480984,0.23534387,0.31655765
train-u0009734,0,0,0.48774612,0.23118785,0.28106597
train-u0009734,0,0,0.42562503,0.29396403,0.28041092
train-u0009734,0,0,0.47557342,0.20090896,0.32351762
train-u0009804,0,0,0.59794253,0.23867387,0.16338365
train-u0009804,0,0,0.47267225,0.3071474,0.22018038
train-u0009805,0,0,0.41880628,0.36483693,0.21635672
train-u0009807,0,0,0.4785168,0.22975406,0.29172918
train-u0009808,0,0,0.43295702,0.31999975,0.24704318
train-u0009808,0,0,0.36156178,0.3549665,0.28347176
train-u0009809,0,0,0.37944213,0.36285084,0.25770706
train-u0009809,0,0,0.59282494,0.25172007,0.15545505
train-u0009873,1,1,0.35761583,0.3692847,0.27309948
train-u0009873,1,0,0.43760628,0.27588075,0.2865129
train-u0009874,2,1,0.32353133,0.41815272,0.25831592
train-u0009877,0,0,0.4227127,0.25620088,0.32108638
train-u0009880,0,1,0.28937623,0.43249908,0.27812466
train-u0009880,0,1,0.33455956,0.3841873,0.2812531
train-u0009907,0,0,0.37542376,0.2674209,0.35715535
train-u0010024,2,0,0.36816147,0.34954885,0.28228968
train-u0010074,2,2,0.25432122,0.30737093,0.43830788
train-u0010075,1,2,0.29228875,0.2455482,0.462163
train-u0010076,1,2,0.35634968,0.24469076,0.39895964
train-u0010078,2,2,0.30131528,0.34822765,0.35045704
train-u0010079,1,1,0.30849352,0.37452567,0.31698084
train-u0010080,0,1,0.30548102,0.35080138,0.34371766
train-u0010134,1,0,0.40482512,0.26869145,0.3264835
train-u0010134,1,0,0.39595318,0.32203883,0.28200796
train-u0010135,0,0,0.41485703,0.24519557,0.3399474
train-u0010136,1,2,0.34277683,0.31009498,0.34712818
train-u0010196,1,1,0.3246743,0.3895286,0.28579712
train-u0010197,1,1,0.33276525,0.384962,0.28227276
train-u0010199,1,1,0.31184077,0.36979017,0.31836906
train-u0010199,1,0,0.37181884,0.28875104,0.3394301
train-u0010251,1,1,0.27190936,0.41257668,0.31551394
train-u0010252,0,1,0.29582834,0.36386803,0.34030354
train-u0010253,0,0,0.35730633,0.34499103,0.29770264
train-u0010253,0,0,0.40595,0.33996704,0.254083
train-u0010254,1,1,0.23840526,0.44788942,0.3137053
train-u0010255,1,1,0.2852377,0.40557703,0.30918533
train-u0010256,1,1,0.38344517,0.38666767,0.2298871
train-u0010257,1,0,0.42693466,0.26321313,0.30985218
train-u0010258,1,1,0.2553443,0.42088446,0.32377127
train-u0010259,1,1,0.30189738,0.3830864,0.31501618
train-u0010259,1,0,0.40276286,0.33363798,0.26359913
train-u0010260,0,0,0.34854782,0.32004073,0.3314115
train-u0010261,0,0,0.34854782,0.32004073,0.3314115
train-u0010262,2,1,0.31017315,0.3455357,0.34429112
train-u0010263,0,1,0.30353463,0.4134207,0.2830447
train-u0010263,0,0,0.3760898,0.3409603,0.28294995
train-u0010264,2,0,0.38318592,0.34429625,0.2725178
train-u0010265,2,0,0.39367294,0.26334232,0.3429848
train-u0010322,1,2,0.3716943,0.23730987,0.39099583
train-u0010323,1,2,0.2831894,0.3432684,0.3735422
train-u0010323,1,2,0.32463187,0.28454635,0.3908218
train-u0010325,2,2,0.35374022,0.24828693,0.39797288
train-u0010327,0,2,0.30437538,0.27370417,0.42192048
train-u0010327,0,2,0.27208143,0.31708714,0.41083145
train-u0010385,0,1,0.29039383,0.36400932,0.34559682
train-u0010385,0,2,0.2909956,0.3020887,0.40691566
train-u0010385,0,2,0.2483897,0.3634898,0.3881205
train-u0010385,0,0,0.3495233,0.30858448,0.3418923
train-u0010385,0,0,0.36258793,0.34411407,0.29329798
train-u0010388,2,2,0.30276737,0.31136432,0.3858683
train-u0010388,2,1,0.2652693,0.44602498,0.28870565
train-u0010388,2,1,0.26658478,0.397295,0.33612028
train-u0010388,2,0,0.38798052,0.3453791,0.26664042
train-u0010388,2,2,0.29490796,0.33806112,0.367031
train-u0010388,2,1,0.32427815,0.37523413,0.30048767
train-u0010388,2,1,0.3628732,0.385689,0.25143787
train-u0010389,2,0,0.38783947,0.30343464,0.3087258
train-u0010389,2,0,0.3732293,0.2836291,0.34314167
train-u0010389,2,0,0.36693516,0.2758177,0.35724717
train-u0010391,2,2,0.35762656,0.28293106,0.35944235
train-u0010392,1,0,0.3545939,0.32089645,0.3245097
train-u0010392,1,0,0.4391296,0.2735331,0.28733733
train-u0010393,2,0,0.34337044,0.3324753,0.32415423
train-u0010394,2,2,0.33783793,0.28608215,0.37607998
train-u0010395,2,0,0.40222976,0.31810957,0.2796606
train-u0010395,2,1,0.32666793,0.3391715,0.33416054
train-u0010395,2,0,0.40460214,0.2431927,0.3522051
train-u0010396,2,0,0.41986853,0.26919144,0.31094003
train-u0010396,2,2,0.30439883,0.25229397,0.44330725
train-u0010396,2,2,0.33831933,0.27832672,0.38335392
train-u0010396,2,2,0.28988585,0.252148,0.45796615
train-u0010396,2,0,0.36571142,0.28102946,0.35325915
train-u0010396,2,2,0.27182117,0.27149707,0.45668176
train-u0010396,2,2,0.3706055,0.21594343,0.41345102
train-u0010602,0,0,0.4140653,0.2679126,0.31802204
train-u0010607,0,1,0.32821313,0.3551999,0.316587
train-u0010608,0,1,0.34048745,0.34818318,0.31132942
train-u0010609,1,1,0.2646968,0.36887702,0.3664262
train-u0010609,1,2,0.23933923,0.3754155,0.38524526
train-u0010610,1,1,0.2771001,0.3976803,0.32521957
train-u0010611,1,2,0.3432227,0.3049005,0.3518768
train-u0010612,2,0,0.35392162,0.3453911,0.3006873
train-u0010708,0,1,0.34992987,0.3825015,0.26756856
train-u0010709,1,1,0.34418085,0.4394824,0.21633679
train-u0010710,1,1,0.32885823,0.38674542,0.28439635
train-u0010711,1,1,0.32963613,0.44211122,0.22825268
train-u0010712,0,1,0.34252,0.39692995,0.26055002
train-u0010742,1,1,0.3128407,0.4436265,0.24353272
train-u0010743,1,1,0.32656375,0.40601522,0.267421
train-u0010744,1,0,0.4068655,0.3387963,0.2543383
train-u0010746,2,1,0.3085378,0.44742373,0.24403837
train-u0010747,0,1,0.31606737,0.4434283,0.24050431
train-u0010748,2,1,0.31606737,0.4434283,0.24050431
train-u0010749,0,1,0.36525315,0.37266338,0.26208347
train-u0010750,1,0,0.35758474,0.35362917,0.28878605
train-u0010751,2,0,0.37262842,0.3522295,0.2751421
train-u0010751,2,1,0.34376842,0.36932328,0.2869083
train-u0010751,2,2,0.3457441,0.2797635,0.3744924
train-u0010752,2,0,0.36743364,0.34378734,0.28877902
train-u0010752,2,0,0.3749073,0.35359004,0.2715026
train-u0010753,1,0,0.36743364,0.34378734,0.28877902
train-u0010753,1,0,0.3749073,0.35359004,0.2715026
train-u0010754,2,0,0.3938472,0.36259243,0.24356036
train-u0010775,1,1,0.31426874,0.42085332,0.264878
train-u0010776,1,1,0.32599148,0.42064875,0.25335976
train-u0010777,1,2,0.27880892,0.35066223,0.37052888
train-u0010778,1,0,0.41922373,0.34915835,0.23161788
train-u0010779,0,0,0.39551222,0.37580338,0.22868437
train-u0010787,1,1,0.33001167,0.4137256,0.2562627
train-u0010788,1,2,0.35929424,0.24961582,0.39108995
train-u0010789,2,2,0.35929424,0.24961582,0.39108995
train-u0010790,2,2,0.2759696,0.34769756,0.37633288
train-u0010790,2,1,0.2970009,0.35304642,0.3499527
train-u0010791,2,1,0.26480126,0.40266714,0.33253163
train-u0010853,1,1,0.27981868,0.41045493,0.3097264
train-u0010854,2,1,0.27981868,0.41045493,0.3097264
train-u0010856,2,1,0.29030752,0.39156145,0.31813103
train-u0010906,2,1,0.27453023,0.46113077,0.26433897
train-u0010906,2,1,0.25745818,0.38050765,0.36203414
train-u0010908,0,2,0.19832428,0.34000134,0.4616744
train-u0010909,0,0,0.36744344,0.35028362,0.28227293
train-u0010958,2,1,0.25793904,0.44011155,0.3019494
train-u0010959,1,1,0.2770931,0.4699988,0.2529081
train-u0010959,1,1,0.31436542,0.3949384,0.29069614
train-u0010960,2,1,0.2307231,0.3964988,0.37277812
train-u0010961,1,0,0.42914784,0.321394,0.24945818
train-u0010961,1,0,0.3759594,0.32026923,0.3037714
train-u0010962,0,1,0.3120673,0.36416996,0.32376283
train-u0010963,1,1,0.19547834,0.48580632,0.3187154
train-u0010964,2,1,0.2177169,0.39275786,0.38952523
train-u0010965,2,1,0.21892948,0.46108547,0.31998506
train-u0010966,0,1,0.2735258,0.4366058,0.28986838
train-u0010967,1,1,0.23066108,0.4045106,0.36482835
train-u0010968,2,1,0.33223504,0.3473576,0.32040742
train-u0010969,2,1,0.33223504,0.3473576,0.32040742
train-u0011030,0,1,0.28346995,0.362502,0.35402805
train-u0011030,0,0,0.41152367,0.29972,0.28875634
train-u0011030,0,1,0.30647203,0.40852526,0.28500265
train-u0011033,1,2,0.313967,0.32390615,0.3621268
train-u0011035,1,0,0.56818753,0.2360285,0.19578393
train-u0011035,1,0,0.50843745,0.3195864,0.17197622
train-u0011036,1,1,0.32368848,0.36272615,0.31358534
train-u0011039,2,1,0.3209927,0.35630998,0.3226973
train-u0011234,0,0,0.49404702,0.35440665,0.15154642
train-u0011423,0,1,0.31999454,0.40320587,0.2767995
train-u0011426,2,0,0.37784216,0.29309976,0.3290581
train-u0011427,2,1,0.28082398,0.43460128,0.28457466
train-u0011561,1,0,0.4596206,0.32256177,0.21781762
train-u0011562,0,1,0.28642055,0.4012302,0.31234917
train-u0011563,2,0,0.42750555,0.246683,0.32581145
train-u0011563,2,2,0.33271745,0.3184138,0.34886873
train-u0011564,1,0,0.44361985,0.32994163,0.22643848
train-u0011565,1,0,0.431728,0.3396933,0.22857867
train-u0011566,1,0,0.49502084,0.23791037,0.26706877
train-u0011566,1,0,0.4752972,0.10970896,0.41499373
train-u0011567,2,1,0.34883758,0.40559107,0.24557132
train-u0011568,0,1,0.35356337,0.39764237,0.24879417
train-u0011568,0,1,0.25423193,0.402143,0.34362504
train-u0011569,0,0,0.352997,0.3013736,0.34562945
train-u0011623,1,1,0.34071106,0.3828384,0.27645054
train-u0011623,1,2,0.29852453,0.26280293,0.4386726
train-u0011624,1,2,0.27155277,0.3032712,0.42517602
train-u0011624,1,1,0.35109636,0.37125942,0.27764425
train-u0011625,0,0,0.43062732,0.2776688,0.29170397
train-u0011627,0,0,0.44265103,0.3524924,0.20485654
train-u0011628,0,0,0.35166693,0.34739926,0.30093384
train-u0011642,2,0,0.36243892,0.28271133,0.35484976
train-u0011642,2,1,0.3372064,0.35394672,0.30884692
train-u0011643,1,0,0.41914016,0.26589733,0.31496254
train-u0011643,1,0,0.45151973,0.25827986,0.2902004
train-u0011644,0,0,0.4945978,0.26649782,0.23890445
train-u0011645,0,2,0.37684244,0.2127704,0.4103872
train-u0011646,2,0,0.41020903,0.24472506,0.34506592
train-u0011646,2,2,0.32261744,0.31828073,0.3591018
train-u0011647,0,2,0.3559523,0.27291706,0.37113065
train-u0011648,1,0,0.4028614,0.27266678,0.32447183
train-u0011648,1,2,0.35629737,0.2745207,0.36918193
train-u0011648,1,2,0.3612773,0.24837072,0.39035195
train-u0011648,1,2,0.29181492,0.34052294,0.36766213
train-u0011649,2,2,0.2676395,0.31767106,0.41468945
train-u0011649,2,1,0.31962562,0.34865266,0.3317217
train-u0011650,0,2,0.32524338,0.31212038,0.36263627
train-u0011650,0,2,0.32343102,0.3070244,0.36954468
train-u0011651,0,2,0.3355565,0.32456177,0.33988172
train-u0011651,0,2,0.3450379,0.3043724,0.35058966
train-u0011652,0,2,0.34288645,0.29126915,0.36584437
train-u0011652,0,2,0.31521937,0.33197612,0.3528045
train-u0011707,2,0,0.49314195,0.20101811,0.3058399
train-u0011707,2,0,0.33968708,0.32196268,0.3383502
train-u0011707,2,2,0.4397718,0.05430503,0.5059231
train-u0011708,0,0,0.36976522,0.30511507,0.32511973
train-u0011708,0,2,0.40109864,0.1663646,0.43253678
train-u0011708,0,2,0.3868956,0.09766887,0.5154355
train-u0011708,0,2,0.3705064,0.18294407,0.44654953
train-u0011709,1,2,0.34167293,0.28926194,0.3690651
train-u0011709,1,0,0.3868971,0.25607392,0.35702905
train-u0011709,1,0,0.37794083,0.34353596,0.2785232
train-u0011710,1,0,0.44576105,0.17144664,0.38279226
train-u0011710,1,0,0.4031208,0.22873111,0.36814818
train-u0011710,1,2,0.4322073,0.048065927,0.51972675
train-u0011711,1,1,0.33459207,0.376565,0.2888429
train-u0011711,1,2,0.3518142,0.27892223,0.3692636
train-u0011711,1,2,0.42603585,0.1322686,0.44169557
train-u0011711,1,0,0.35176697,0.33109212,0.3171409
train-u0011712,2,0,0.4089695,0.29805022,0.29298028
train-u0011713,2,2,0.35608456,0.11987682,0.5240386
train-u0011714,2,1,0.31977367,0.38069752,0.29952884
train-u0011715,0,1,0.30416968,0.36845413,0.32737613
train-u0011716,1,1,0.33450758,0.37199733,0.2934951
train-u0011757,1,1,0.32678655,0.42583716,0.24737632
train-u0011758,0,1,0.327059,0.403235,0.269706
train-u0011759,0,1,0.2748835,0.42586902,0.29924744
train-u0011760,1,1,0.3302917,0.35726634,0.31244197
train-u0011762,2,1,0.2901684,0.37234083,0.33749083
train-u0011793,1,2,0.31777352,0.3141543,0.36807218
train-u0011794,1,2,0.30559415,0.3390437,0.3553621
train-u0011819,1,1,0.31722203,0.36196104,0.32081684
train-u0011819,1,2,0.3394306,0.31657127,0.34399807
train-u0011819,1,0,0.35025203,0.3431974,0.30655062
train-u0011820,2,1,0.341228,0.3481177,0.3106543
train-u0011820,2,2,0.35386842,0.29150587,0.35462564
train-u0011821,1,2,0.36182082,0.27317208,0.3650071
train-u0011822,0,1,0.3248005,0.3705064,0.30469313
train-u0011823,0,2,0.31018633,0.326943,0.36287066
train-u0011824,0,1,0.3166132,0.36534148,0.3180453
train-u0011899,1,2,0.3367076,0.24547823,0.41781422
train-u0011899,1,1,0.36547187,0.36635476,0.2681734
train-u0011899,1,1,0.2889969,0.39457375,0.31642932
train-u0011900,1,0,0.36089265,0.3399485,0.29915887
train-u0011900,1,0,0.37144548,0.33843866,0.29011586
train-u0011900,1,1,0.30257508,0.39695984,0.30046505
train-u0011901,1,0,0.36089265,0.3399485,0.29915887
train-u0011901,1,0,0.37144548,0.33843866,0.29011586
train-u0011901,1,1,0.30257508,0.39695984,0.30046505
train-u0011902,0,0,0.38286585,0.34594688,0.2711873
train-u0011902,0,0,0.3479775,0.3476142,0.30440828
train-u0011903,0,1,0.32167754,0.39114016,0.2871823
train-u0011903,0,1,0.29738548,0.37199762,0.3306169
train-u0011904,1,1,0.34597722,0.38895896,0.2650638
train-u0011905,0,1,0.2507506,0.41336977,0.33587962
train-u0011905,0,1,0.28175932,0.4451829,0.27305776
train-u0011906,0,1,0.3179113,0.44074866,0.24134001
train-u0011906,0,0,0.40776834,0.23763433,0.35459733
train-u0011907,1,1,0.33435705,0.38328442,0.28235853
train-u0011907,1,1,0.24724849,0.4477955,0.30495596
train-u0012025,0,1,0.33636022,0.3604367,0.3032031
train-u0012025,0,1,0.33756152,0.34939024,0.31304824
train-u0012026,0,1,0.29754373,0.35444257,0.3480137
train-u0012026,0,1,0.318403,0.3526923,0.3289047
train-u0012027,0,1,0.3551412,0.39232835,0.25253043
train-u0012028,0,1,0.30869815,0.37841347,0.31288835
train-u0012028,0,0,0.3909609,0.31173483,0.29730427
train-u0012029,0,1,0.34116703,0.37783605,0.28099692
train-u0012029,0,0,0.3826972,0.29976067,0.31754217
train-u0012030,0,0,0.35867852,0.31816494,0.32315648
train-u0012030,0,0,0.36707944,0.3172014,0.31571916
train-u0012031,0,0,0.39286527,0.28490826,0.32222646
train-u0012032,2,0,0.402208,0.2567287,0.3410633
train-u0012033,2,0,0.38220432,0.3245117,0.29328403
train-u0012033,2,1,0.345636,0.35007793,0.30428603
train-u0012034,0,2,0.32302415,0.3352118,0.341764
train-u0012034,0,0,0.38152432,0.27803013,0.34044558
train-u0012034,0,1,0.3532493,0.3840782,0.2626725
train-u0012035,0,2,0.30613476,0.33851644,0.35534883
train-u0012035,0,0,0.3617861,0.3505005,0.28771353
train-u0012036,0,0,0.3552602,0.3217575,0.32298237
train-u0012036,0,0,0.40420356,0.32246345,0.27333304
train-u0012037,0,0,0.34509727,0.32256946,0.3323333
train-u0012038,0,0,0.3675746,0.34165385,0.29077157
train-u0012178,2,0,0.365855,0.29829425,0.33585078
train-u0012178,2,2,0.33117163,0.30618563,0.36264274
train-u0012178,2,1,0.2881908,0.37507752,0.33673167
train-u0012179,2,2,0.27942345,0.31862113,0.40195543
train-u0012180,1,2,0.30446708,0.3247455,0.37078738
train-u0012180,1,0,0.36684123,0.2930632,0.34009564
train-u0012181,2,0,0.359614,0.34031987,0.3000661
train-u0012181,2,2,0.33694908,0.32236478,0.34068608
train-u0012181,2,2,0.36675528,0.24813713,0.38510758
train-u0012181,2,2,0.35941797,0.27246752,0.3681145
train-u0012181,2,0,0.3472334,0.3401647,0.31260192
train-u0012182,1,1,0.32524276,0.36063957,0.3141177
train-u0012182,1,1,0.25031072,0.38943285,0.36025637
train-u0012183,0,2,0.27232897,0.3489011,0.3787699
train-u0012183,0,1,0.26216713,0.4262969,0.311536
train-u0012184,2,2,0.28599715,0.3490056,0.36499727
train-u0012184,2,1,0.34937277,0.34999958,0.30062765
train-u0012184,2,1,0.23703662,0.41491815,0.3480452
train-u0012184,2,0,0.39446947,0.37135863,0.23417185
train-u0012184,2,2,0.3366558,0.31514487,0.34819937
train-u0012344,0,2,0.3548569,0.2474828,0.3976603
train-u0012345,1,2,0.34871507,0.2752797,0.37600526
train-u0012346,2,2,0.34556797,0.26794553,0.38648644
train-u0012347,2,2,0.33992338,0.27905354,0.38102305
train-u0012349,1,2,0.34038666,0.29256245,0.3670509
train-u0012503,0,0,0.41606906,0.27183905,0.31209192
train-u0012503,0,2,0.2785194,0.31347203,0.4080086
train-u0012504,0,2,0.3289214,0.3043603,0.36671835
train-u0012504,0,1,0.30079153,0.3519643,0.34724414
train-u0012504,0,2,0.3625549,0.24056846,0.3968767
train-u0012505,0,0,0.35920835,0.33766222,0.3031295
train-u0012506,1,2,0.2983793,0.34538576,0.35623497
train-u0012507,1,0,0.36555973,0.2759956,0.35844463
train-u0012508,0,2,0.31290922,0.3053407,0.38175014
train-u0012508,0,2,0.30383372,0.33309698,0.36306927
train-u0012509,2,0,0.3580469,0.33915067,0.30280247
train-u0012509,2,0,0.37402225,0.3075971,0.31838074
train-u0012509,2,2,0.30192485,0.29421362,0.40386155
train-u0012510,2,2,0.27378148,0.31059748,0.41562107
train-u0012511,0,0,0.39168778,0.34858537,0.25972682
train-u0012512,0,2,0.2645953,0.2655983,0.46980637
train-u0012513,2,0,0.43387237,0.29789582,0.26823187
train-u0012567,0,1,0.29961538,0.38697302,0.31341153
train-u0012568,0,1,0.32454255,0.41046888,0.26498857
train-u0012568,0,2,0.3211604,0.3028871,0.3759524
train-u0012569,0,0,0.3894029,0.31877255,0.2918246
train-u0012570,0,2,0.27190375,0.36304447,0.3650518
train-u0012571,0,1,0.36033195,0.39340633,0.24626173
train-u0012571,0,0,0.36939314,0.32369345,0.30691347
train-u0012572,0,0,0.38193524,0.34020886,0.27785587
train-u0012572,0,2,0.34520778,0.27729514,0.37749705
train-u0012572,0,0,0.36728442,0.3032932,0.32942238
train-u0012572,0,0,0.42033598,0.2854872,0.29417682
train-u0012573,1,1,0.34030002,0.37544957,0.28425038
train-u0012574,2,1,0.28003627,0.4214289,0.2985348
train-u0012575,2,1,0.26300395,0.4273484,0.3096477
train-u0012575,2,2,0.38843566,0.193421,0.4181433
train-u0012576,0,1,0.31119347,0.408859,0.27994755
train-u0012577,1,1,0.37772554,0.39963546,0.22263901
train-u0012577,1,0,0.3502896,0.3206312,0.32907924
train-u0012578,1,1,0.3697719,0.38812286,0.24210525
train-u0012579,1,1,0.25692454,0.5284332,0.21464223
train-u0012622,1,2,0.28687727,0.2835556,0.42956716
train-u0012622,1,1,0.28181246,0.37080455,0.347383
train-u0012623,1,2,0.2839474,0.29526722,0.42078537
train-u0012623,1,2,0.24700439,0.32927626,0.42371932
train-u0012623,1,2,0.28928784,0.33279282,0.3779193
train-u0012624,1,2,0.23893079,0.35073522,0.41033396
train-u0012625,1,1,0.24048725,0.3814823,0.37803042
train-u0012626,2,1,0.19136196,0.47869363,0.3299445
train-u0012627,0,1,0.28994292,0.3719941,0.33806297
train-u0012627,0,2,0.26985902,0.2889975,0.44114348
train-u0012781,0,0,0.41497362,0.3058005,0.27922583
train-u0012781,0,0,0.3809139,0.3267326,0.29235354
train-u0012782,2,0,0.3924678,0.33056533,0.27696696
train-u0012782,2,2,0.33149886,0.3195388,0.34896228
train-u0012782,2,0,0.41854292,0.31020215,0.271255
train-u0012783,0,0,0.39696229,0.3287688,0.27426893
train-u0012783,0,0,0.4031733,0.2981391,0.29868767
train-u0012784,0,2,0.33136368,0.33058253,0.33805382
train-u0012784,0,0,0.4119561,0.30300647,0.28503743
train-u0012785,1,0,0.35390162,0.3273129,0.31878543
train-u0012785,1,1,0.3534573,0.36001,0.28653267
train-u0012785,1,1,0.31556454,0.3494917,0.33494374
train-u0012786,0,0,0.3425643,0.32974774,0.3276879
train-u0012786,0,0,0.39161742,0.36392143,0.24446112
train-u0012786,0,2,0.34017158,0.30007413,0.35975432
train-u0012787,0,0,0.3642397,0.34992275,0.28583747
train-u0012787,0,2,0.30973712,0.31282324,0.37743965
train-u0012788,1,0,0.3908003,0.2560148,0.3531849
train-u0012788,1,2,0.35040873,0.29863688,0.35095435
train-u0012788,1,0,0.42901972,0.2361709,0.33480933
train-u0012788,1,2,0.3292492,0.29105473,0.3796961
train-u0012788,1,2,0.34911564,0.26772213,0.38316226
train-u0012789,2,1,0.30023244,0.37653443,0.32323316
train-u0012789,2,0,0.38500798,0.35349026,0.2615017
train-u0012839,2,1,0.26270026,0.41746804,0.3198317
train-u0012839,2,2,0.32975173,0.3245519,0.3456963
train-u0012840,1,2,0.32982045,0.31438944,0.35579014
train-u0012841,1,1,0.27450225,0.41045904,0.31503877
train-u0012842,0,2,0.30711102,0.29931077,0.39357817
train-u0012842,0,1,0.22693446,0.43708545,0.33598006
train-u0012842,0,0,0.4090875,0.25814736,0.33276513
train-u0012842,0,2,0.29172117,0.3212515,0.38702735
train-u0012843,0,1,0.24423362,0.42629394,0.32947242
train-u0012843,0,0,0.47249857,0.25108176,0.2764197
train-u0012844,0,0,0.33840653,0.33809125,0.32350227
train-u0012845,2,2,0.2860872,0.34764802,0.36626476
train-u0012846,1,1,0.30260047,0.36234185,0.33505768
train-u0012847,0,2,0.2840528,0.3337869,0.38216034
train-u0012847,0,2,0.2766592,0.35353774,0.36980304
train-u0012847,0,1,0.31630015,0.35981458,0.32388526
train-u0012848,0,1,0.31842372,0.42923924,0.25233704
train-u0012848,0,1,0.30643028,0.4119476,0.28162208
train-u0012849,0,1,0.33994818,0.3516055,0.30844626
train-u0012849,0,1,0.28249797,0.4678563,0.24964571
train-u0012849,0,2,0.35538587,0.27497724,0.36963686
train-u0012850,0,1,0.32308328,0.37542185,0.3014949
train-u0012850,0,2,0.28758553,0.2919294,0.4204851
train-u0012850,0,1,0.28139964,0.37944525,0.33915508
train-u0013064,2,2,0.3286305,0.30581102,0.36555842
train-u0013065,0,0,0.40172735,0.24886054,0.34941208
train-u0013066,0,0,0.353022,0.31894907,0.3280289
train-u0013067,0,2,0.3353555,0.302427,0.3622175
train-u0013068,2,1,0.3032357,0.3649242,0.33184013
train-u0013069,1,2,0.3147344,0.3349676,0.35029802
train-u0013069,1,2,0.35457504,0.27929524,0.36612976
train-u0013069,1,2,0.32427663,0.25542787,0.4202955
train-u0013069,1,2,0.2823235,0.32421523,0.3934613
train-u0013070,1,1,0.31662908,0.3475581,0.33581275
train-u0013070,1,1,0.32108024,0.3400823,0.33883741
train-u0013071,2,0,0.36103222,0.35976964,0.2791981
train-u0013072,1,1,0.24507786,0.38642663,0.36849546
train-u0013073,1,1,0.29918778,0.3700451,0.33076707
train-u0013074,0,2,0.33168772,0.3269475,0.34136477
train-u0013074,0,2,0.3017326,0.32051677,0.37775064
train-u0013075,1,2,0.34803125,0.29416826,0.35780054
train-u0013076,1,1,0.30174273,0.41579548,0.28246176
train-u0013077,0,1,0.29130176,0.36520806,0.34349012
train-u0013078,0,2,0.25883344,0.3442268,0.39693972
train-u0013078,0,1,0.29893756,0.38719758,0.31386486
train-u0013079,2,2,0.31508154,0.32034606,0.36457247
train-u0013079,2,1,0.29094163,0.3593436,0.34971473
train-u0013080,2,2,0.32114384,0.3248007,0.35405546
train-u0013080,2,1,0.3054993,0.36109355,0.33340722
train-u0013080,2,2,0.31069562,0.28380463,0.4054998
train-u0013081,2,0,0.34934705,0.3015947,0.34905827
train-u0013081,2,2,0.34027642,0.29697958,0.362744
train-u0013082,1,2,0.2923693,0.33204168,0.3755891
train-u0013347,0,2,0.28035375,0.35243988,0.36720634
train-u0013348,0,1,0.30789322,0.4238401,0.2682666
train-u0013349,1,1,0.3064899,0.3680721,0.32543796
train-u0013350,0,1,0.32685125,0.34475714,0.32839158
train-u0013351,0,1,0.30608574,0.40348396,0.29043034
train-u0013352,2,0,0.38851175,0.2946517,0.31683657
train-u0013352,2,0,0.42794308,0.2844958,0.28756106
train-u0013352,2,0,0.37323362,0.27731022,0.34945613
train-u0013352,2,2,0.3737643,0.21217865,0.4140571
train-u0013352,2,2,0.3379365,0.26594773,0.39611578
train-u0013352,2,2,0.322079,0.28692937,0.39099166
train-u0013352,2,2,0.303856,0.3372753,0.3588687
train-u0013353,1,0,0.37008536,0.30372187,0.3261927
train-u0013353,1,0,0.39847592,0.23507477,0.36644933
train-u0013353,1,2,0.35565102,0.2153492,0.42899975
train-u0013353,1,2,0.33845842,0.24427031,0.4172713
train-u0013353,1,2,0.34256792,0.22997664,0.42745546
train-u0013353,1,2,0.30602768,0.30403185,0.38994053
train-u0013386,0,2,0.36718467,0.24469522,0.3881201
train-u0013387,2,0,0.36821973,0.30887324,0.3229071
train-u0013389,0,2,0.3691562,0.24461599,0.38622782
train-u0013392,0,2,0.33238852,0.32009593,0.3475155
train-u0013395,2,0,0.3778685,0.25204515,0.37008637
train-u0013395,2,0,0.37031317,0.27695423,0.35273257
train-u0013397,2,2,0.3070658,0.33846742,0.35446674
train-u0013398,2,2,0.34385747,0.22807612,0.42806637
train-u0013431,0,0,0.3800876,0.3753984,0.24451399
train-u0013432,0,0,0.3847933,0.33664918,0.27855745
train-u0013432,0,0,0.40018973,0.39947093,0.2003394
train-u0013433,1,0,0.38747153,0.32785347,0.284675
train-u0013433,1,1,0.2795988,0.38961583,0.3307854
train-u0013434,1,1,0.3235355,0.4114631,0.2650014
train-u0013435,2,1,0.3332724,0.41589183,0.2508358
train-u0013436,0,0,0.41661432,0.33359972,0.24978594
train-u0013437,0,1,0.31475464,0.46032396,0.22492135
train-u0013437,0,2,0.22861849,0.36610878,0.4052727
train-u0013438,1,1,0.30362153,0.45067033,0.2457082
train-u0013439,1,1,0.2633324,0.49955052,0.23711705
train-u0013440,1,1,0.28764853,0.4459149,0.26643664
train-u0013440,1,0,0.364731,0.28373682,0.3515322
train-u0013441,2,1,0.25670138,0.38313285,0.3601657
train-u0013442,0,0,0.37507516,0.31563702,0.3092878
train-u0013442,0,1,0.22685818,0.4106108,0.362531
train-u0013443,0,1,0.35511097,0.3709151,0.27397388
train-u0013443,0,1,0.3219756,0.42383212,0.25419232
train-u0013444,2,2,0.22124638,0.33674884,0.44200477
train-u0013445,0,1,0.24413633,0.39500645,0.36085722
train-u0013446,0,1,0.21462832,0.41746676,0.36790487
train-u0013446,0,2,0.34747675,0.26743385,0.38508937
train-u0013447,0,1,0.25925818,0.48249418,0.25824764
train-u0013448,1,1,0.31323683,0.45266908,0.23409417
train-u0013448,1,0,0.44603267,0.11169834,0.442269
train-u0013449,0,1,0.3107867,0.46741864,0.22179466
train-u0013449,0,1,0.34639516,0.3754083,0.27819657
train-u0013450,1,1,0.33350572,0.4588165,0.2076778
train-u0013450,1,0,0.37498766,0.27701584,0.3479965
train-u0013450,1,0,0.44846347,0.22836131,0.32317525
train-u0013450,1,0,0.34891057,0.3268162,0.3242732
train-u0013450,1,0,0.40147424,0.25437942,0.34414637
train-u0013451,1,1,0.27536356,0.48137107,0.24326538
train-u0013451,1,0,0.3847627,0.27168074,0.34355652
train-u0013451,1,1,0.338798,0.34388617,0.31731588
train-u0013452,1,1,0.3137496,0.38308868,0.30316165
train-u0013452,1,0,0.36506972,0.3130676,0.32186267
train-u0013452,1,0,0.42075616,0.28486142,0.29438242
train-u0013453,0,1,0.27367964,0.48744982,0.23887053
train-u0013453,0,0,0.4312706,0.16641459,0.40231484
train-u0013454,0,1,0.33093998,0.46082786,0.20823212
train-u0013454,0,0,0.41649544,0.2799994,0.30350515
train-u0013454,0,0,0.3911979,0.30909917,0.29970297
train-u0013455,0,0,0.3831274,0.33047733,0.28639525
train-u0013455,0,2,0.29466763,0.3367555,0.36857688
train-u0013455,0,0,0.3638099,0.30154032,0.33464986
train-u0013455,0,0,0.37660256,0.33999592,0.28340158
train-u0013456,0,1,0.34422252,0.45490873,0.20086874
train-u0013457,0,1,0.32733142,0.46107528,0.21159334
train-u0013458,0,1,0.3129659,0.39601636,0.29101768
train-u0013528,0,0,0.3521271,0.33449054,0.31338233
train-u0013529,2,1,0.40167403,0.4049491,0.19337693
train-u0013529,2,1,0.33249778,0.3612798,0.30622247
train-u0013530,0,0,0.3953227,0.3345415,0.2701358
train-u0013530,0,0,0.4115863,0.2640018,0.3244119
train-u0013530,0,0,0.385057,0.3367534,0.27818957
train-u0013531,2,0,0.40923735,0.255414,0.3353486
train-u0013531,2,0,0.427949,0.2850877,0.28696322
train-u0013531,2,0,0.4182856,0.28581113,0.2959033
train-u0013531,2,0,0.40739763,0.28349712,0.30910525
train-u0013531,2,0,0.4174796,0.33900243,0.24351804
train-u0013531,2,0,0.34529236,0.3221367,0.33257097
train-u0013531,2,0,0.38782772,0.3518043,0.26036805
train-u0013532,0,1,0.3387385,0.41552934,0.24573213
train-u0013532,0,2,0.34433052,0.29433164,0.36133784
train-u0013532,0,0,0.36783466,0.33960262,0.29256266
train-u0013532,0,0,0.3663935,0.27290967,0.36069685
train-u0013533,0,0,0.37404355,0.319338,0.30661848
train-u0013533,0,0,0.38460016,0.24428758,0.37111226
train-u0013533,0,1,0.29907185,0.37910816,0.32182
train-u0013534,0,0,0.42619097,0.36886328,0.2049457
train-u0013534,0,0,0.3658043,0.3271516,0.30704403
train-u0013535,1,1,0.37313542,0.43254605,0.1943185
train-u0013535,1,1,0.32627383,0.398166,0.27556023
train-u0013536,0,0,0.35573217,0.34004048,0.30422732
train-u0013536,0,2,0.27433273,0.3233184,0.40234885
train-u0013536,0,1,0.33023283,0.3740347,0.2957324
train-u0013537,0,1,0.34885472,0.4726241,0.17852117
train-u0013537,0,1,0.33079445,0.39523348,0.27397197
train-u0013538,2,0,0.35214353,0.34954584,0.29831067
train-u0013538,2,1,0.3218231,0.4044592,0.2737176
train-u0013539,2,1,0.29195356,0.46834543,0.23970103
train-u0013540,0,1,0.3816139,0.40203604,0.21635005
train-u0013540,0,1,0.27455392,0.38204378,0.34340233
train-u0013540,0,1,0.2901358,0.41012877,0.29973552
train-u0013579,2,0,0.49113694,0.23636842,0.27249467
train-u0013579,2,0,0.424645,0.28198946,0.29336557
train-u0013579,2,0,0.4214476,0.25755048,0.3210019
train-u0013580,1,0,0.48362476,0.24603052,0.2703447
train-u0013580,1,0,0.42779803,0.26247597,0.3097259
train-u0013581,1,0,0.4793688,0.30401024,0.21662094
train-u0013581,1,0,0.57884055,0.20306693,0.21809255
train-u0013581,1,0,0.42795923,0.3426312,0.22940952
train-u0013582,0,0,0.4694983,0.21715753,0.31334415
train-u0013583,0,0,0.43031654,0.27865833,0.2910252
train-u0013583,0,0,0.43238625,0.3241808,0.24343298
train-u0013583,0,0,0.403406,0.2975618,0.29903227
train-u0013584,0,0,0.4265489,0.3284053,0.24504577
train-u0013584,0,0,0.48576272,0.24243961,0.27179766
train-u0013585,0,0,0.43774813,0.30156937,0.2606824
train-u0013585,0,0,0.50169605,0.308608,0.18969588
train-u0013585,0,0,0.3655794,0.3133246,0.32109603
train-u0013586,0,0,0.3951805,0.38451648,0.22030297
train-u0013586,0,0,0.4252808,0.26250133,0.3122179
train-u0013586,0,0,0.38773012,0.26767316,0.34459665
train-u0013586,0,1,0.3427407,0.36799452,0.28926477
train-u0013587,1,0,0.40706798,0.2937159,0.29921612
train-u0013587,1,0,0.4447571,0.30504584,0.25019708
train-u0013816,2,1,0.31408718,0.4299752,0.25593764
train-u0013817,2,1,0.3392538,0.40716922,0.25357696
train-u0013818,1,0,0.36964872,0.3545587,0.27579257
train-u0013818,1,0,0.44332862,0.30649924,0.25017217
train-u0013819,1,0,0.41732505,0.33115372,0.25152123
train-u0013819,1,1,0.31411496,0.42862725,0.2572578
train-u0013820,0,1,0.22859088,0.46297947,0.30842978
train-u0013820,0,2,0.32955077,0.3258433,0.34460595
train-u0013820,0,0,0.3802171,0.26974452,0.3500384
train-u0013821,1,0,0.36979464,0.32878867,0.30141667
train-u0013887,2,0,0.36831707,0.32975665,0.30192634
train-u0013887,2,1,0.29013857,0.38752177,0.32233965
train-u0013887,2,0,0.40738222,0.33340797,0.25920975
train-u0013887,2,2,0.3352003,0.32818082,0.3366189
train-u0013888,2,1,0.26769418,0.44466513,0.2876407
train-u0013889,0,1,0.28738627,0.4149014,0.2977124
train-u0013941,2,2,0.3018687,0.3169533,0.38117796
train-u0013942,1,2,0.280735,0.31449062,0.40477437
train-u0013944,1,1,0.29609102,0.39701688,0.306892
train-u0013945,2,1,0.27293408,0.46201414,0.26505178
train-u0013946,2,1,0.32077464,0.34318382,0.3360415
train-u0013947,1,1,0.3224915,0.3602441,0.3172644
train-u0013949,2,2,0.33309233,0.30488935,0.36201832
train-u0013949,2,1,0.33431488,0.35652712,0.309158
train-u0013950,1,1,0.30416498,0.36685926,0.32897577
train-u0013951,1,1,0.3175798,0.37911123,0.30330893
train-u0013952,2,1,0.32739758,0.39533788,0.27726457
train-u0014005,2,1,0.27538678,0.36704296,0.3575703
train-u0014005,2,1,0.31204128,0.3853137,0.30264506
train-u0014006,2,1,0.31075442,0.37759396,0.3116516
train-u0014007,1,1,0.28906488,0.35918665,0.35174853
train-u0014007,1,1,0.31627172,0.39974996,0.28397834
train-u0014008,1,1,0.24272412,0.49098763,0.26628834
train-u0014008,1,2,0.27226454,0.36321506,0.3645204
train-u0014009,0,1,0.3101784,0.36879638,0.32102522
train-u0014010,0,1,0.30634588,0.3837693,0.30988482
train-u0014010,0,2,0.34002206,0.26109466,0.39888337
train-u0014011,1,1,0.31060746,0.354913,0.33447954
train-u0014012,0,2,0.268941,0.3644187,0.36664036
train-u0014013,1,1,0.27756327,0.37709856,0.34533817
train-u0014013,1,0,0.3932863,0.3712413,0.23547234
train-u0014014,0,0,0.35717556,0.33177277,0.3110517
train-u0014014,0,1,0.26481795,0.47514284,0.26003918
train-u0014015,0,2,0.310345,0.3367443,0.35291073
train-u0014015,0,0,0.41510138,0.31001908,0.2748795
train-u0014015,0,2,0.3684758,0.20929027,0.42223394
train-u0014016,0,0,0.38906455,0.28485054,0.3260849
train-u0014016,0,2,0.3242571,0.33283523,0.34290767
train-u0014016,0,0,0.35145098,0.3126475,0.33590153
train-u0014301,0,1,0.29350168,0.35725906,0.34923926
train-u0014302,2,2,0.26471213,0.3585846,0.3767032
train-u0014303,0,1,0.2795293,0.36134556,0.35912523
train-u0014304,1,1,0.2902127,0.3631404,0.3466469
train-u0014305,1,2,0.36880904,0.25301507,0.3781758
train-u0014305,1,2,0.32758063,0.30125412,0.37116525
train-u0014306,0,1,0.2659754,0.39789045,0.33613425
train-u0014407,2,2,0.19976363,0.32444513,0.4757912
train-u0014408,0,2,0.3109991,0.33860704,0.35039383
train-u0014408,0,1,0.24837497,0.43612778,0.31549728
train-u0014409,0,1,0.29436487,0.4001267,0.3055084
train-u0014409,0,1,0.29155663,0.40113083,0.30731264
train-u0014409,0,2,0.29912803,0.3252098,0.37566218
train-u0014409,0,0,0.3405442,0.33963323,0.3198226
train-u0014410,0,1,0.27411565,0.37215316,0.35373113
train-u0014410,0,1,0.31721026,0.40209737,0.2806923
train-u0014410,0,1,0.31058675,0.34840804,0.3410052
train-u0014410,0,1,0.26523048,0.3814507,0.35331884
train-u0014411,0,1,0.32311767,0.34818867,0.3286937
train-u0014411,0,1,0.27029485,0.36771595,0.36198917
train-u0014411,0,0,0.3859853,0.35311973,0.26089495
train-u0014411,0,0,0.41640705,0.3259734,0.25761953
train-u0014412,0,1,0.29143298,0.40526596,0.30330113
train-u0014412,0,2,0.30051684,0.34515905,0.35432413
train-u0014413,2,2,0.25084823,0.34312078,0.406031
train-u0014414,0,1,0.24307626,0.4406514,0.3162724
train-u0014414,0,1,0.24193506,0.38193944,0.3761254
train-u0014414,0,2,0.2896153,0.31182778,0.39855695
train-u0014415,0,1,0.22912447,0.4989115,0.27196398
train-u0014463,0,1,0.33513194,0.34996355,0.31490454
train-u0014464,1,1,0.28870818,0.46380016,0.24749169
train-u0014465,0,1,0.23693588,0.52820843,0.23485573
train-u0014466,1,1,0.262279,0.41806853,0.3196524
train-u0014467,1,1,0.25612065,0.46356905,0.28031024
train-u0014468,1,1,0.26224455,0.41502285,0.32273254
train-u0014469,2,1,0.2534143,0.49073538,0.25585032
train-u0014498,1,0,0.38485122,0.32763556,0.28751326
train-u0014499,1,0,0.504128,0.2764051,0.21946697
train-u0014499,1,0,0.44255558,0.3082119,0.2492325
train-u0014500,1,0,0.46450058,0.27405208,0.2614474
train-u0014500,1,0,0.42403895,0.30935538,0.26660576
train-u0014500,1,2,0.32360923,0.291239,0.38515177
train-u0014501,0,0,0.4598967,0.28960973,0.25049347
train-u0014501,0,0,0.46032256,0.29092196,0.24875544
train-u0014502,1,0,0.34645525,0.32309103,0.33045372
train-u0014503,2,0,0.39911985,0.32452068,0.2763594
train-u0014510,0,0,0.44197854,0.32922134,0.22880007
train-u0014512,2,0,0.40705678,0.33242008,0.26052317
train-u0014513,1,0,0.38355035,0.3516638,0.2647859
train-u0014552,0,0,0.52591425,0.24728997,0.22679575
train-u0014553,0,0,0.4756002,0.30024824,0.22415154
train-u0014554,2,0,0.4308764,0.2750617,0.2940619
train-u0014555,2,0,0.42364722,0.27847382,0.29787892
train-u0014556,2,0,0.45986143,0.24534962,0.29478896
train-u0014566,2,1,0.29907244,0.4242086,0.276719
train-u0014567,2,1,0.3230003,0.39153406,0.28546566
train-u0014568,0,1,0.2653476,0.4248065,0.30984592
train-u0014569,0,2,0.3115631,0.29429424,0.39414263
train-u0014569,0,0,0.40065315,0.25586823,0.3434786
train-u0014569,0,1,0.32199696,0.38674745,0.2912556
train-u0014570,2,1,0.23696288,0.40656674,0.35647038
train-u0014570,2,2,0.3197331,0.33994552,0.34032133
train-u0014570,2,2,0.33729354,0.24882117,0.41388533
train-u0014571,0,2,0.28058004,0.32788277,0.39153716
train-u0014572,1,1,0.24325146,0.5143349,0.24241363
train-u0014573,1,1,0.30726483,0.37225974,0.3204754
train-u0014573,1,2,0.34084582,0.25039423,0.40875995
train-u0014574,1,1,0.3344985,0.36521477,0.30028668
train-u0014575,1,1,0.30104744,0.37643605,0.32251647
train-u0014576,0,1,0.3344455,0.3583339,0.30722058
train-u0014577,1,1,0.27628323,0.42030075,0.303416
train-u0014578,0,2,0.33649766,0.28558633,0.37791598
train-u0014579,1,1,0.32177642,0.37459412,0.3036295
train-u0014580,0,0,0.39700547,0.24621259,0.35678193
train-u0014580,0,2,0.34687597,0.27761427,0.3755098
train-u0014581,1,0,0.36189827,0.31763926,0.32046247
train-u0014582,2,1,0.32049295,0.37865385,0.30085316
train-u0014583,1,1,0.309529,0.38123015,0.30924085
train-u0014584,2,0,0.37764218,0.31942624,0.3029316
train-u0014586,2,2,0.3456037,0.300265,0.35413128
train-u0014586,2,1,0.3178798,0.41053212,0.27158803
train-u0014587,2,1,0.32226792,0.35837653,0.31935552
train-u0014587,2,2,0.33916152,0.31196395,0.34887454
train-u0014588,0,1,0.2642246,0.44905597,0.28671944
train-u0014736,1,1,0.34530467,0.3700381,0.2846573
train-u0014737,1,1,0.3447596,0.3586915,0.29654887
train-u0014738,2,1,0.3539602,0.3546763,0.2913636
train-u0014739,1,0,0.40211084,0.3651205,0.2327687
train-u0014740,1,0,0.37945703,0.3731244,0.24741858
train-u0014741,2,1,0.35864148,0.3886509,0.25270757
train-u0014742,1,1,0.35460642,0.40411517,0.24127841
train-u0014742,1,1,0.34650114,0.40500483,0.24849404
train-u0014743,0,1,0.333308,0.39728868,0.26940334
train-u0014743,0,0,0.3664771,0.3387088,0.29481414
train-u0014743,0,1,0.39314303,0.39423886,0.21261814
train-u0014825,2,0,0.4464009,0.19381423,0.35978487
train-u0014825,2,0,0.4860088,0.12771145,0.38627976
train-u0014825,2,0,0.45154685,0.18050072,0.3679524
train-u0014826,1,1,0.36176097,0.40142688,0.23681213
train-u0014827,0,0,0.37053317,0.3289725,0.3004943
train-u0014829,2,0,0.38503414,0.36127317,0.2536927
train-u0014846,1,2,0.3682534,0.23118304,0.40056354
train-u0014847,1,2,0.32340986,0.25046083,0.42612928
train-u0014848,1,0,0.3579509,0.3529639,0.28908524
train-u0014848,1,2,0.36316586,0.23591791,0.40091622
train-u0014849,2,2,0.3284068,0.24503236,0.4265608
train-u0014849,2,2,0.34879383,0.25116685,0.40003937
train-u0014851,2,2,0.37815586,0.23007648,0.39176765
train-u0014852,1,2,0.3302452,0.25513577,0.41461903
train-u0014852,1,0,0.3605568,0.30302617,0.336417
train-u0014853,0,0,0.38421813,0.27743816,0.33834377
train-u0014853,0,2,0.312314,0.2707009,0.41698503
train-u0014854,0,2,0.32496318,0.2670222,0.4080146
train-u0014854,0,2,0.33630407,0.2543989,0.40929702
train-u0014933,1,1,0.31654465,0.35383797,0.32961738
train-u0014934,1,0,0.4645642,0.26038936,0.2750465
train-u0014934,1,0,0.37099668,0.32435012,0.30465323
train-u0014937,0,0,0.36593002,0.28947908,0.344591
train-u0014989,1,1,0.38021964,0.42614546,0.19363487
train-u0014989,1,0,0.44722545,0.29634833,0.25642616
train-u0014989,1,2,0.40730122,0.18230104,0.4103977
train-u0014989,1,0,0.39643046,0.3503148,0.25325474
train-u0014990,1,1,0.37207618,0.41960314,0.20832063
train-u0014990,1,0,0.4401743,0.30157673,0.25824896
train-u0014990,1,0,0.372096,0.26368192,0.36422208
train-u0014990,1,0,0.42143247,0.20459825,0.3739693
train-u0014990,1,0,0.40444526,0.35959488,0.23595986
train-u0014991,2,1,0.33961496,0.3532443,0.3071407
train-u0014991,2,1,0.2996407,0.45548016,0.24487922
train-u0014992,1,1,0.32562077,0.38839713,0.28598213
train-u0014993,1,0,0.3557234,0.29757583,0.34670073
train-u0014993,1,1,0.27109522,0.4003484,0.32855636
train-u0014993,1,1,0.2527793,0.40715814,0.34006262
train-u0015029,1,0,0.43036413,0.33801463,0.23162116
train-u0015030,1,0,0.34794283,0.34430224,0.30775493
train-u0015030,1,0,0.42183852,0.29354957,0.28461197
train-u0015030,1,0,0.40381137,0.28317612,0.31301254
train-u0015031,1,1,0.33125862,0.39017135,0.2785701
train-u0015031,1,1,0.3209204,0.3815948,0.2974848
train-u0015031,1,1,0.2897636,0.399037,0.31119937
train-u0015032,2,0,0.38055754,0.3796495,0.23979294
train-u0015033,2,0,0.3738179,0.35860795,0.26757416
train-u0015033,2,1,0.34111977,0.35240173,0.3064785
train-u0015102,2,1,0.29661244,0.38482234,0.31856522
train-u0015103,1,0,0.41511014,0.31469914,0.2701907
train-u0015104,2,1,0.35826808,0.3987053,0.24302663
train-u0015105,1,0,0.40881664,0.317001,0.2741824
train-u0015106,1,0,0.41928256,0.33320877,0.24750857
train-u0015106,1,0,0.51312804,0.24346808,0.24340384
train-u0015108,0,1,0.3569444,0.36839616,0.27465948
train-u0015109,1,0,0.35417393,0.31089702,0.33492908
train-u0015110,0,1,0.34520975,0.39155158,0.2632387
train-u0015111,1,1,0.27177894,0.39636064,0.33186042
train-u0015111,1,1,0.23664871,0.45572314,0.30762815
train-u0015111,1,1,0.29977337,0.4352333,0.26499334
train-u0015112,1,0,0.34601715,0.3232287,0.33075413
train-u0015120,0,1,0.34519127,0.42420873,0.23060003
train-u0015121,1,0,0.5337305,0.22676086,0.23950863
train-u0015122,2,0,0.52971953,0.23542486,0.2348557
train-u0015123,1,1,0.28475463,0.37750947,0.33773586
train-u0015124,1,2,0.3873549,0.14512777,0.46751732
train-u0015125,1,0,0.4078335,0.26326495,0.3289015
train-u0015126,1,0,0.3774028,0.2854982,0.3370989
train-u0015127,1,0,0.37544832,0.32866606,0.29588562
train-u0015128,2,0,0.38487092,0.31577218,0.29935694
train-u0015129,1,0,0.37666148,0.32002312,0.30331546
train-u0015130,0,1,0.33637416,0.35854688,0.30507898
train-u0015131,1,0,0.3466877,0.3406824,0.31262994
train-u0015132,1,0,0.3608405,0.282195,0.35696447
train-u0015132,1,0,0.3609803,0.29968858,0.33933118
train-u0015133,2,1,0.33863866,0.37241665,0.28894472
train-u0015187,1,2,0.28187907,0.3114343,0.40668663
train-u0015187,1,2,0.32403362,0.28039998,0.3955664
train-u0015188,2,2,0.3088897,0.29968196,0.39142832
train-u0015189,0,1,0.30028832,0.350337,0.34937474
train-u0015189,0,2,0.2587997,0.34563684,0.39556345
train-u0015193,2,2,0.30494827,0.29932874,0.395723
train-u0015194,2,0,0.34927875,0.34494466,0.3057766
train-u0015195,1,1,0.31633532,0.3683966,0.3152681
train-u0015196,1,0,0.3541198,0.34754896,0.2983312
train-u0015197,1,1,0.32200205,0.35640866,0.32158926
train-u0015198,1,1,0.31735367,0.36160117,0.32104507
train-u0015199,2,1,0.36784258,0.369155,0.26300243
train-u0015200,2,1,0.34376928,0.3450983,0.3111324
train-u0015279,2,1,0.22166713,0.42668498,0.35164785
train-u0015279,2,2,0.32257763,0.328897,0.34852532
train-u0015280,0,1,0.22047186,0.49575904,0.28376904
train-u0015280,0,0,0.35818058,0.35807,0.28374937
train-u0015281,0,0,0.45104757,0.3390051,0.20994736
train-u0015281,0,1,0.3823613,0.38562083,0.23201787
train-u0015282,0,1,0.28324032,0.37921682,0.33754283
train-u0015283,2,1,0.35770938,0.35926136,0.28302926
train-u0015313,2,0,0.42223978,0.28944126,0.288319
train-u0015314,2,1,0.3273871,0.35371312,0.31889978
train-u0015315,1,1,0.3273871,0.35371312,0.31889978
train-u0015316,1,1,0.33080775,0.39622265,0.2729696
train-u0015317,1,1,0.3476999,0.3773514,0.27494872
train-u0015318,0,2,0.34087262,0.30291346,0.3562139
train-u0015319,0,2,0.33793455,0.31874517,0.3433203
train-u0015320,2,0,0.36715883,0.2890742,0.3437669
train-u0015321,1,2,0.34802756,0.2991091,0.3528634
train-u0015322,2,0,0.36491546,0.30134997,0.3337346
train-u0015323,1,0,0.36591563,0.34800068,0.28608367
train-u0015324,1,0,0.35788622,0.33284587,0.30926788
train-u0015325,1,1,0.37150684,0.37413967,0.25435343
train-u0015326,1,0,0.35045487,0.32230133,0.32724383
train-u0015327,1,1,0.36094633,0.3692892,0.26976442
train-u0015328,1,1,0.32940927,0.37010247,0.30048823
train-u0015420,1,1,0.3111347,0.37217167,0.31669366
train-u0015421,1,1,0.32772103,0.37435657,0.2979224
train-u0015423,1,1,0.28675413,0.36801568,0.34523022
train-u0015424,1,1,0.3178413,0.4337586,0.24840021
train-u0015425,1,1,0.26548207,0.41282374,0.32169423
train-u0015426,2,0,0.37933943,0.3762441,0.24441655
train-u0015427,1,1,0.29515132,0.3924208,0.31242788
train-u0015578,0,1,0.3273579,0.3871668,0.2854753
train-u0015580,2,1,0.34230196,0.41387552,0.24382256
train-u0015581,0,1,0.35030922,0.39142817,0.25826263
train-u0015582,0,1,0.36141044,0.4069898,0.23159972
train-u0015583,1,1,0.31958923,0.36036378,0.320047
train-u0015585,0,1,0.36322874,0.42093644,0.2158348
train-u0015586,0,0,0.37604785,0.36052862,0.26342353
train-u0015587,1,1,0.37286946,0.37308368,0.25404686
train-u0015634,1,1,0.2447806,0.47241244,0.2828069
train-u0015636,2,1,0.36262584,0.36391762,0.27345654
train-u0015682,1,0,0.37163034,0.33482307,0.29354653
train-u0015682,1,0,0.38649875,0.36166975,0.2518315
train-u0015682,1,1,0.33196586,0.3672582,0.30077595
train-u0015685,0,0,0.37087592,0.31440115,0.31472299
train-u0015686,2,1,0.3168,0.39295256,0.29024747
train-u0015687,2,2,0.31963456,0.33487737,0.345488
train-u0015688,2,0,0.37171492,0.28230458,0.34598044
train-u0015689,2,1,0.32799926,0.35413027,0.31787047
train-u0015690,0,2,0.29876828,0.3071706,0.39406106
train-u0015691,2,0,0.4042535,0.38297656,0.21276993
train-u0015692,1,0,0.3747445,0.30727756,0.3179779
train-u0015692,1,2,0.3323613,0.30448604,0.3631527
train-u0015693,0,2,0.33705512,0.2516842,0.4112607
train-u0015694,0,2,0.30054125,0.31248367,0.38697508
train-u0015695,1,0,0.41761777,0.3045211,0.27786118
train-u0015696,2,0,0.39757746,0.27030203,0.33212045
train-u0015697,2,0,0.37641737,0.3358469,0.2877357
train-u0015698,1,0,0.3470909,0.30970132,0.34320784
train-u0015708,0,0,0.36216095,0.35009322,0.2877458
train-u0015709,1,0,0.45654798,0.2785331,0.26491895
train-u0015710,1,0,0.40335214,0.3064554,0.29019246
train-u0015711,0,1,0.31681278,0.40857106,0.27461618
train-u0015712,1,1,0.3070024,0.4234632,0.26953435
train-u0015713,1,1,0.2802745,0.37984803,0.3398774
train-u0015714,0,0,0.3753866,0.3185162,0.30609724
train-u0015715,1,2,0.27199376,0.36254328,0.365463
train-u0015716,1,1,0.33232737,0.41808608,0.2495866
train-u0015717,1,1,0.34237358,0.3484343,0.30919212
train-u0015718,1,1,0.33210975,0.37223214,0.29565808
train-u0015719,1,0,0.39535585,0.31046656,0.29417762
train-u0015720,1,1,0.33412933,0.35001773,0.31585294
train-u0015721,2,0,0.35623828,0.34137368,0.30238798
train-u0015721,2,2,0.37472504,0.23426236,0.39101258
train-u0015746,2,1,0.2972116,0.40950716,0.2932812
train-u0015747,2,1,0.32724175,0.34891975,0.32383847
train-u0015748,2,1,0.3011056,0.36090448,0.33799002
train-u0015749,0,2,0.27494887,0.3472699,0.37778127
train-u0015750,2,2,0.26528683,0.30209032,0.43262285
train-u0015752,2,2,0.26345232,0.35879624,0.3777515
train-u0015753,2,2,0.2794943,0.35630494,0.36420074
train-u0015754,1,2,0.29335535,0.3436858,0.3629588
train-u0015755,2,2,0.33364028,0.3126824,0.35367733
train-u0015756,2,2,0.2865234,0.31154653,0.4019301
train-u0015757,1,2,0.22962874,0.34019458,0.43017668
train-u0015758,2,2,0.30334508,0.31297293,0.38368198
train-u0015787,0,1,0.35443303,0.3882241,0.25734282
train-u0015787,0,0,0.35364076,0.33981118,0.30654803
train-u0015788,1,0,0.38720465,0.310985,0.3018104
train-u0015789,1,0,0.3849266,0.28675997,0.32831344
train-u0015789,1,2,0.33398464,0.2995463,0.36646903
train-u0015790,1,0,0.4442592,0.2726617,0.2830791
train-u0015791,1,0,0.45069605,0.31162798,0.23767602
train-u0015792,1,0,0.36617833,0.28353283,0.35028893
train-u0015792,1,1,0.32095882,0.34405908,0.33498204
train-u0015792,1,0,0.37197992,0.34258908,0.285431
train-u0015793,1,0,0.411557,0.34589967,0.24254332
train-u0015794,1,0,0.3831596,0.31449252,0.3023479
train-u0015795,0,1,0.34128776,0.4002809,0.25843135
train-u0015796,0,0,0.45218882,0.3045793,0.2432319
train-u0015796,0,1,0.3336854,0.3779345,0.2883801
train-u0015797,2,0,0.5104029,0.24938193,0.24021512
train-u0015797,2,1,0.35444623,0.36560544,0.27994832
train-u0015797,2,0,0.3999006,0.26405582,0.33604363
train-u0015811,1,1,0.32440975,0.37235636,0.3032338
train-u0015812,1,1,0.29208922,0.36118722,0.34672356
train-u0015813,1,1,0.34210417,0.34820068,0.30969512
train-u0015815,0,0,0.36185157,0.30658716,0.33156127
train-u0015816,2,1,0.32523698,0.34991533,0.3248477
train-u0015818,0,2,0.2820988,0.32862866,0.3892726
train-u0015819,0,2,0.3147034,0.30579567,0.37950087
train-u0015822,0,0,0.35848892,0.31454706,0.32696405
train-u0015856,2,2,0.32734472,0.32623363,0.3464217
train-u0015856,2,0,0.35732847,0.34642166,0.2962499
train-u0015856,2,1,0.32505053,0.36046442,0.31448498
train-u0015857,2,0,0.3705103,0.30509654,0.32439312
train-u0015857,2,2,0.35378972,0.26394156,0.38226876
train-u0015857,2,0,0.38677576,0.37179458,0.24142967
train-u0015858,2,0,0.3688958,0.31836647,0.31273776
train-u0015858,2,0,0.38355482,0.34360284,0.2728423
train-u0015859,1,1,0.34300604,0.3764498,0.28054413
train-u0015859,1,0,0.35230654,0.34939197,0.29830143
train-u0015860,2,0,0.38006395,0.33346453,0.28647152
train-u0015860,2,1,0.32297498,0.34876144,0.3282636
train-u0015861,2,0,0.37138382,0.33011872,0.29849747
train-u0015861,2,0,0.3713917,0.34480116,0.28380722
train-u0015862,2,2,0.3376888,0.31786507,0.34444612
train-u0015862,2,1,0.33494043,0.3619589,0.30310062
train-u0015862,2,0,0.41579807,0.24239464,0.34180728
train-u0015863,2,0,0.37466,0.34773606,0.27760392
train-u0015869,1,0,0.35909036,0.35354942,0.2873602
train-u0015870,1,1,0.3243445,0.40361193,0.2720436
train-u0015871,1,1,0.362838,0.3738372,0.26332477
train-u0015872,2,0,0.42338678,0.28777272,0.28884044
train-u0015873,0,0,0.4734942,0.26965952,0.25684628
train-u0015873,0,0,0.35893083,0.33630157,0.30476755
train-u0015873,0,0,0.44065416,0.14323317,0.41611263
train-u0015874,1,0,0.4249423,0.31143123,0.26362643
train-u0015874,1,0,0.3865931,0.31252834,0.30087858
train-u0015874,1,2,0.3044347,0.32095298,0.3746123
train-u0015875,2,0,0.38707784,0.3194553,0.2934668
train-u0015876,2,0,0.40291488,0.30815405,0.2889311
train-u0015876,2,0,0.37313128,0.32453212,0.3023366
train-u0015877,1,0,0.4429308,0.30333227,0.25373688
train-u0015877,1,0,0.36983696,0.32648113,0.30368194
train-u0015878,1,0,0.4359398,0.2947421,0.26931813
train-u0015878,1,0,0.3577497,0.31631598,0.32593426
train-u0015886,2,0,0.38745204,0.32385755,0.28869042
train-u0015886,2,2,0.26276264,0.3277441,0.40949324
train-u0015886,2,2,0.32711205,0.28558806,0.3872999
train-u0015886,2,2,0.35699868,0.25340715,0.38959414
train-u0015886,2,2,0.31736845,0.28032133,0.40231016
train-u0015886,2,0,0.370292,0.30946165,0.32024628
train-u0015887,0,2,0.3836407,0.22785383,0.38850552
train-u0015887,0,0,0.42432204,0.294431,0.28124696
train-u0015887,0,2,0.3388088,0.2677171,0.39347413
train-u0015887,0,2,0.2612012,0.34599867,0.39280012
train-u0015887,0,2,0.3588824,0.2269301,0.41418752
train-u0015887,0,2,0.30559877,0.32152846,0.3728728
train-u0015887,0,2,0.29724094,0.29777786,0.4049812
train-u0015887,0,2,0.3370657,0.29426023,0.36867407
train-u0015888,2,2,0.33558506,0.2548442,0.40957072
train-u0015888,2,2,0.2529875,0.33915916,0.40785334
train-u0015888,2,2,0.32147056,0.328948,0.34958148
train-u0015888,2,2,0.35959285,0.27548864,0.36491847
train-u0015888,2,2,0.37094957,0.22498918,0.4040613
train-u0015888,2,2,0.30970857,0.29308337,0.39720812
train-u0015888,2,2,0.32303068,0.29992855,0.37704083
train-u0015889,2,1,0.3270962,0.351442,0.32146183
train-u0015890,2,2,0.26444137,0.31348354,0.42207503
train-u0015890,2,2,0.32793823,0.30927393,0.36278787
train-u0015890,2,2,0.32455012,0.29669607,0.37875375
train-u0015890,2,2,0.35029814,0.2789126,0.3707893
train-u0015890,2,2,0.36203763,0.24646442,0.39149797
train-u0015891,1,1,0.27384606,0.3937234,0.33243054
train-u0015891,1,2,0.21883439,0.30643395,0.4747317
train-u0015891,1,2,0.3476627,0.2873959,0.36494148
train-u0015891,1,2,0.343732,0.25445634,0.40181163
train-u0015892,2,0,0.38800257,0.2550119,0.35698554
train-u0015892,2,1,0.2281196,0.40678322,0.36509714
train-u0015892,2,2,0.34215987,0.24698529,0.41085485
train-u0015893,2,2,0.25503376,0.30684146,0.43812484
train-u0015893,2,2,0.18756884,0.3930465,0.4193846
train-u0015893,2,2,0.334577,0.28302675,0.3823963
train-u0015894,1,2,0.26072192,0.33550915,0.40376893
train-u0015894,1,2,0.31341434,0.30651984,0.3800658
train-u0015894,1,2,0.33439788,0.25754488,0.40805718
train-u0015895,1,1,0.32314843,0.38065267,0.2961989
train-u0015895,1,1,0.29336706,0.38420764,0.32242537
train-u0015896,0,2,0.29428658,0.32338876,0.38232473
train-u0015896,0,2,0.2854671,0.34734574,0.3671872
train-u0015896,0,2,0.31296286,0.29354405,0.39349306
train-u0015896,0,2,0.3263565,0.25472873,0.4189147
train-u0015896,0,2,0.35513678,0.24123302,0.40363023
train-u0015896,0,2,0.3279949,0.26728013,0.40472496
train-u0015897,0,2,0.30254087,0.34658346,0.35087574
train-u0015897,0,2,0.28261757,0.31821677,0.3991657
train-u0015897,0,2,0.34075812,0.28741148,0.37183034
train-u0015905,1,1,0.31456995,0.38538474,0.30004525
train-u0015905,1,1,0.25152084,0.44874075,0.29973835
train-u0015905,1,2,0.29119766,0.34216255,0.36663976
train-u0015905,1,2,0.36267096,0.23485532,0.40247375
train-u0015906,1,0,0.3769859,0.2734739,0.34954026
train-u0015906,1,0,0.36404264,0.33548626,0.30047113
train-u0015906,1,2,0.38526312,0.21360822,0.40112865
train-u0015906,1,0,0.36524945,0.3160236,0.31872696
train-u0015906,1,2,0.28289038,0.35182923,0.36528042
train-u0015906,1,1,0.28497744,0.36143088,0.35359168
train-u0015906,1,2,0.333957,0.29664716,0.36939585
train-u0015907,1,1,0.24981745,0.5067362,0.2434463
train-u0015907,1,2,0.3270038,0.26189408,0.41110212
train-u0015907,1,2,0.2800555,0.3495959,0.37034866
train-u0015907,1,2,0.33468446,0.2398465,0.425469
train-u0015908,2,1,0.35246423,0.35381317,0.2937226
train-u0015908,2,1,0.25243083,0.4187654,0.3288038
train-u0015908,2,2,0.26932216,0.35458437,0.37609345
train-u0015908,2,2,0.35694295,0.26598883,0.37706825
train-u0015909,2,1,0.3633148,0.3682807,0.26840454
train-u0015910,2,0,0.36102173,0.33258036,0.30639786
train-u0015911,0,2,0.2712694,0.35117537,0.37755522
train-u0015911,0,2,0.3114779,0.3081643,0.38035777
train-u0015911,0,2,0.31198817,0.32157275,0.36643913
train-u0015911,0,0,0.35669112,0.33233565,0.31097326
train-u0015912,0,2,0.34901512,0.27093294,0.38005197
train-u0015912,0,2,0.29072997,0.34412202,0.36514804
train-u0015912,0,2,0.28338498,0.31818902,0.39842594
train-u0015912,0,0,0.3940892,0.28884706,0.3170637
train-u0015912,0,2,0.3214584,0.23041688,0.44812474
train-u0015912,0,0,0.40221232,0.25660142,0.3411863
train-u0015912,0,2,0.33629358,0.24292047,0.42078596
train-u0015912,0,2,0.36887777,0.24507342,0.3860488
train-u0015913,0,1,0.33899233,0.34664646,0.31436118
train-u0015913,0,2,0.30744225,0.33079588,0.3617619
train-u0015913,0,2,0.33534685,0.29992315,0.36473003
train-u0015914,0,1,0.34135213,0.36023134,0.29841644
train-u0015914,0,2,0.30639815,0.3217758,0.371826
train-u0015914,0,0,0.37207407,0.2873816,0.34054428
train-u0015915,2,2,0.296163,0.3352676,0.36856943
train-u0015915,2,2,0.27626222,0.347522,0.3762157
train-u0015915,2,2,0.31075555,0.26983646,0.41940805
train-u0015915,2,2,0.345636,0.25428903,0.40007493
train-u0015916,2,1,0.291808,0.39600518,0.3121868
train-u0015917,2,1,0.31917983,0.4254594,0.2553608
train-u0015917,2,2,0.321288,0.29891554,0.3797965
train-u0015918,0,0,0.44585276,0.28948602,0.26466125
train-u0015918,0,0,0.5031504,0.24079585,0.25605375
train-u0015918,0,1,0.32986844,0.34033477,0.32979685
train-u0015918,0,2,0.3612279,0.24869017,0.39008188
train-u0015919,0,1,0.32609195,0.35154834,0.32235968
train-u0015920,1,2,0.30921504,0.28314954,0.40763542
train-u0015920,1,2,0.32851362,0.2881988,0.38328758
train-u0015920,1,0,0.35703248,0.3050917,0.3378758
train-u0015920,1,2,0.34089988,0.30972853,0.34937158
train-u0015920,1,2,0.30858123,0.3113861,0.38003266
train-u0015920,1,2,0.36085176,0.2701388,0.3690094
train-u0015920,1,2,0.30128947,0.3078672,0.3908433
train-u0015920,1,2,0.3353726,0.28609577,0.3785316
train-u0015926,1,1,0.33274168,0.3607732,0.30648512
train-u0015926,1,1,0.29245389,0.41855437,0.28899175
train-u0015927,0,1,0.29237258,0.4098745,0.2977529
train-u0015928,1,0,0.37585872,0.2508109,0.37333044
train-u0015928,1,1,0.27609554,0.43858343,0.28532103
train-u0015928,1,0,0.41116595,0.29817185,0.29066217
train-u0015929,2,0,0.41226223,0.31749266,0.27024505
train-u0015929,2,1,0.30969754,0.41242465,0.27787778
train-u0015929,2,1,0.34211147,0.34729925,0.31058925
train-u0015930,2,0,0.34480312,0.32234126,0.33285555
train-u0015930,2,1,0.33927274,0.34522417,0.31550306
train-u0015930,2,1,0.33960685,0.39442194,0.2659712
train-u0015931,2,0,0.3816687,0.3374245,0.28090686
train-u0015931,2,1,0.3215994,0.35488185,0.32351866
train-u0015931,2,0,0.41809285,0.3542332,0.22767389
train-u0015932,0,0,0.40811938,0.31506765,0.27681303
train-u0015932,0,0,0.3770127,0.34262,0.28036729
train-u0015932,0,1,0.33925468,0.35356688,0.30717838
train-u0015932,0,0,0.39869806,0.3844532,0.21684876
train-u0015933,0,0,0.3731306,0.34102437,0.285845
train-u0015933,0,1,0.32921016,0.39362216,0.27716768
train-u0015933,0,1,0.3309709,0.41245812,0.25657097
train-u0015934,0,0,0.3563669,0.32619792,0.31743518
train-u0015934,0,1,0.3497947,0.35266843,0.29753688
train-u0015934,0,0,0.41592044,0.3208818,0.26319772
train-u0015993,0,0,0.3771662,0.3383829,0.28445083
train-u0015994,0,0,0.35957626,0.34192127,0.29850242
train-u0015995,0,1,0.3703851,0.3818174,0.24779744
train-u0015996,0,1,0.35319817,0.37808704,0.26871473
train-u0015997,0,1,0.36304304,0.40104422,0.23591277
train-u0016042,2,0,0.4037278,0.3189361,0.27733606
train-u0016042,2,1,0.34097898,0.37234688,0.28667414
train-u0016042,2,0,0.42513278,0.35457864,0.22028854
train-u0016045,2,1,0.3380331,0.39543858,0.2665283
train-u0016046,2,1,0.34500667,0.4232381,0.23175515
train-u0016047,2,1,0.332823,0.4252387,0.24193834
train-u0016048,0,1,0.3578727,0.36683103,0.2752962
train-u0016049,0,1,0.34071514,0.39922893,0.26005596
train-u0016060,0,1,0.32109874,0.4662185,0.21268274
train-u0016061,0,0,0.3944608,0.32147908,0.28406018
train-u0016062,0,0,0.42998582,0.32595357,0.24406055
train-u0016062,0,1,0.36523646,0.41312715,0.22163646
train-u0016063,0,0,0.4051922,0.34982356,0.24498421
train-u0016064,2,0,0.4279844,0.27658767,0.29542795
train-u0016065,2,1,0.31257793,0.39974663,0.28767544
train-u0016129,2,0,0.37490955,0.29398078,0.33110967
train-u0016129,2,0,0.44935107,0.2718347,0.2788142
train-u0016129,2,0,0.39431044,0.3280301,0.27765948
train-u0016130,0,0,0.49292624,0.25611138,0.25096238
train-u0016130,0,0,0.39383632,0.37370104,0.2324626
train-u0016131,0,2,0.3182868,0.3367143,0.34499893
train-u0016132,2,1,0.3651506,0.41310933,0.22174011
train-u0016133,1,1,0.37600157,0.38560802,0.23839037
train-u0016134,2,1,0.368402,0.37664345,0.2549546
train-u0016135,0,0,0.40131345,0.36043087,0.23825563
train-u0016155,0,0,0.45694888,0.2894153,0.25363582
train-u0016155,0,0,0.37536693,0.36356166,0.2610714
train-u0016156,1,0,0.45258158,0.32988086,0.21753754
train-u0016157,1,0,0.4198022,0.34598842,0.23420937
train-u0016158,2,0,0.38845953,0.3864702,0.22507021
train-u0016159,2,0,0.41289836,0.36487532,0.22222638
train-u0016160,1,0,0.44837147,0.3444333,0.20719524
train-u0016161,1,0,0.44668183,0.3046031,0.24871506
train-u0016161,1,0,0.38180518,0.34944054,0.2687543
train-u0016162,0,0,0.39919794,0.37110943,0.22969267
train-u0016163,1,0,0.39550874,0.38296697,0.22152433
train-u0016163,1,1,0.3752213,0.4068313,0.2179474
train-u0016164,1,0,0.37114185,0.31266955,0.3161886
train-u0016166,2,1,0.3466884,0.37139034,0.2819212
train-u0016204,1,1,0.32189196,0.35587782,0.3222302
train-u0016205,1,0,0.3464936,0.34288552,0.3106209
train-u0016206,2,1,0.3076437,0.37474126,0.31761497
train-u0016207,2,1,0.28283796,0.39689657,0.3202655
train-u0016209,2,0,0.38365823,0.3132517,0.30309007
train-u0016209,2,0,0.37355822,0.32553282,0.3009089
train-u0016210,2,0,0.42298892,0.30881497,0.26819602
train-u0016237,1,1,0.2513637,0.3802749,0.36836135
train-u0016238,1,0,0.3448528,0.33658928,0.31855795
train-u0016238,1,0,0.3677028,0.2677487,0.36454844
train-u0016239,1,2,0.35366225,0.27238938,0.3739484
train-u0016240,1,1,0.34300086,0.38642094,0.2705783
train-u0016241,1,1,0.32695797,0.42268747,0.25035462
train-u0016242,0,2,0.3448406,0.3057729,0.34938657
train-u0016242,0,0,0.36099002,0.3025494,0.3364606
train-u0016243,2,1,0.31302834,0.34984967,0.337122
train-u0016244,2,0,0.36428618,0.357449,0.27826488
train-u0016245,2,2,0.2856224,0.34591863,0.36845896
train-u0016246,2,1,0.34830785,0.4025029,0.24918924
train-u0016247,1,1,0.31588343,0.3797853,0.30433127
train-u0016248,2,1,0.36325762,0.39518353,0.24155888
train-u0016249,2,0,0.40596715,0.27737162,0.31666127
train-u0016249,2,0,0.3683419,0.3011102,0.3305479
train-u0016250,2,0,0.35510615,0.33268493,0.3122089
train-u0016250,2,0,0.3747461,0.3149503,0.3103036
train-u0016250,2,2,0.37458545,0.2497382,0.37567642
train-u0016251,2,2,0.33233216,0.2940704,0.37359747
train-u0016252,2,2,0.27910817,0.3289777,0.3919141
train-u0016253,1,2,0.28969538,0.31124005,0.39906457
train-u0016254,2,2,0.34272,0.31233072,0.3449493
train-u0016255,1,2,0.31374043,0.32263702,0.3636225
train-u0016351,1,0,0.3943942,0.3152909,0.29031497
train-u0016352,0,0,0.43384993,0.3348172,0.23133288
train-u0016352,0,0,0.37702855,0.31196186,0.31100962
train-u0016353,1,0,0.39229527,0.31004313,0.29766163
train-u0016353,1,0,0.45880118,0.34359622,0.19760261
train-u0016354,0,2,0.37190926,0.17454466,0.45354614
train-u0016355,1,0,0.41709816,0.3106053,0.2722966
train-u0016360,2,1,0.35657987,0.3984957,0.24492444
train-u0016362,1,1,0.25377214,0.42875338,0.31747454
train-u0016363,2,1,0.28846306,0.44626704,0.26527
train-u0016364,1,1,0.3089057,0.43255574,0.25853857
train-u0016365,1,1,0.28250903,0.41071036,0.30678055
train-u0016409,0,0,0.3507961,0.326146,0.3230579
train-u0016409,0,0,0.4020082,0.30936804,0.28862372
train-u0016410,1,0,0.41464174,0.30550373,0.27985454
train-u0016410,1,2,0.2863801,0.35525444,0.35836548
train-u0016544,1,1,0.2759688,0.45825976,0.2657714
train-u0016545,0,1,0.30829197,0.36462614,0.3270818
train-u0016546,0,1,0.33529186,0.3522875,0.31242064
train-u0016547,1,2,0.34558374,0.28643906,0.36797717
train-u0016547,1,1,0.25312117,0.43334156,0.31353727
train-u0016549,1,1,0.28936762,0.4013564,0.30927598
train-u0016627,1,2,0.32505637,0.32334897,0.3515947
train-u0016630,1,1,0.2826571,0.37774724,0.33959568
train-u0016630,1,1,0.3241901,0.33884466,0.3369652
train-u0016630,1,2,0.328764,0.27922398,0.39201197
train-u0016630,1,2,0.3424238,0.29936793,0.3582083
train-u0016630,1,0,0.3771507,0.317142,0.30570728
train-u0016631,1,1,0.30170822,0.4226752,0.27561662
train-u0016631,1,1,0.30059648,0.3664452,0.3329583
train-u0016632,1,0,0.43662858,0.2963143,0.26705706
train-u0016689,1,0,0.34468645,0.32284504,0.33246848
train-u0016690,0,1,0.35503563,0.35717097,0.2877934
train-u0016691,1,0,0.3721072,0.3652193,0.26267347
train-u0016692,2,1,0.3164048,0.35072586,0.33286935
train-u0016692,2,0,0.34480047,0.31559125,0.33960825
train-u0016695,1,2,0.34359336,0.3115904,0.34481624
train-u0016695,1,2,0.32044026,0.32702547,0.35253423
train-u0016695,1,2,0.30068046,0.2837368,0.41558278
train-u0016696,1,2,0.33097184,0.330852,0.3381761
train-u0016696,1,0,0.37094113,0.29504952,0.33400938
train-u0016696,1,2,0.33913893,0.31531554,0.34554547
train-u0016696,1,1,0.30376297,0.36845344,0.3277836
train-u0016705,1,1,0.33333114,0.34913254,0.31753632
train-u0016706,1,1,0.29950613,0.42671272,0.27378115
train-u0016707,1,2,0.3535684,0.25153458,0.39489698
train-u0016708,2,0,0.41777763,0.33766514,0.24455719
train-u0016709,2,0,0.38742915,0.32741025,0.28516066
train-u0016837,2,0,0.3734561,0.26535308,0.36119077
train-u0016837,2,2,0.33933544,0.29348525,0.36717924
train-u0016837,2,2,0.3362877,0.26425418,0.39945808
train-u0016839,1,2,0.3204176,0.27770725,0.40187514
train-u0016839,1,2,0.33144906,0.3255375,0.34301344
train-u0016839,1,2,0.33533013,0.2692526,0.39541727
train-u0016840,2,1,0.31075463,0.3591203,0.330125
train-u0016840,2,2,0.3467361,0.25833553,0.3949284
train-u0016840,2,2,0.32078075,0.29022163,0.3889976
train-u0016841,2,0,0.3500691,0.33177608,0.3181548
train-u0016841,2,1,0.2988246,0.37113526,0.33004013
train-u0016841,2,2,0.34790334,0.26497886,0.3871178
train-u0016841,2,2,0.33913374,0.27589005,0.38497618
train-u0016858,0,2,0.360891,0.2512952,0.38781378
train-u0016858,0,0,0.38889098,0.35753182,0.25357717
train-u0016858,0,2,0.34997332,0.28234535,0.36768124
train-u0016858,0,2,0.33046058,0.29731452,0.37222487
train-u0016859,1,2,0.31755978,0.2823931,0.4000471
train-u0016859,1,2,0.35797718,0.27004743,0.3719754
train-u0016860,2,2,0.33171165,0.32449663,0.34379172
train-u0016860,2,0,0.38626203,0.2296993,0.3840387
train-u0016861,1,2,0.31472635,0.32013497,0.36513862
train-u0016861,1,0,0.36375687,0.31720954,0.3190336
train-u0016861,1,1,0.27610284,0.36730987,0.35658732
train-u0016862,1,0,0.34505728,0.3343676,0.32057512
train-u0016863,0,2,0.3162347,0.29453206,0.38923323
train-u0016863,0,1,0.331034,0.3746129,0.29435307
train-u0016863,0,2,0.30867735,0.28469083,0.40663183
train-u0016863,0,2,0.30675828,0.29566061,0.3975811
train-u0016863,0,2,0.29941764,0.31187466,0.38870773
train-u0016879,1,2,0.31066284,0.3279977,0.36133945
train-u0016879,1,2,0.26630312,0.3327984,0.40089846
train-u0016879,1,1,0.27332294,0.40257338,0.3241037
train-u0016879,1,2,0.34492677,0.25213972,0.4029335
train-u0016879,1,2,0.29541397,0.29751593,0.40707013
train-u0016879,1,2,0.3077737,0.27986163,0.4123646
train-u0016879,1,2,0.32000783,0.24645068,0.43354148
train-u0016879,1,2,0.32879913,0.26461476,0.40658614
train-u0016879,1,2,0.3481436,0.24396192,0.4078945
train-u0016879,1,2,0.31176826,0.2801964,0.40803528
train-u0016879,1,2,0.33356035,0.28007132,0.38636833
train-u0016879,1,2,0.3129427,0.27887002,0.4081873
train-u0016879,1,2,0.33505175,0.28130656,0.3836417
train-u0016881,1,0,0.41330537,0.29921368,0.2874809
train-u0016881,1,2,0.31582412,0.29214457,0.39203128
train-u0016882,1,0,0.38170472,0.3470787,0.27121657
train-u0016882,1,2,0.3187176,0.27358052,0.40770188
train-u0016883,2,2,0.27193612,0.3482345,0.37982932
train-u0016883,2,0,0.36189643,0.30213714,0.33596644
train-u0016883,2,2,0.2542316,0.28453293,0.46123543
train-u0016883,2,2,0.32856363,0.29218656,0.37924975
train-u0016883,2,2,0.35023522,0.25267678,0.397088
train-u0016883,2,2,0.3251829,0.30271623,0.3721008
train-u0016883,2,2,0.31229913,0.26507205,0.42262876
train-u0016883,2,2,0.33356646,0.29526055,0.37117293
train-u0016883,2,2,0.3290476,0.27308986,0.39786252
train-u0016883,2,2,0.31650057,0.26035145,0.42314792
train-u0016883,2,2,0.3088039,0.3039963,0.38719985
train-u0016883,2,2,0.3342892,0.27332085,0.39238995
train-u0016883,2,2,0.3379992,0.2778552,0.38414562
train-u0016884,1,2,0.32472214,0.25577727,0.41950053
train-u0016884,1,0,0.4391385,0.3320243,0.22883713
train-u0016884,1,0,0.43336657,0.18697272,0.3796607
train-u0016885,2,2,0.3322513,0.26527554,0.40247315
train-u0016885,2,0,0.4783602,0.26446754,0.25717223
train-u0016885,2,0,0.45780557,0.2706704,0.27152392
train-u0016886,2,2,0.3124362,0.32728583,0.36027795
train-u0016886,2,1,0.28814194,0.36356658,0.34829152
train-u0016886,2,2,0.28781363,0.31969553,0.39249083
train-u0016886,2,1,0.32480976,0.3565623,0.3186279
train-u0016886,2,2,0.3387614,0.28445092,0.37678772
train-u0016886,2,2,0.2998763,0.34265035,0.35747337
train-u0016886,2,2,0.3277509,0.27152732,0.40072173
train-u0016886,2,2,0.33739525,0.2792792,0.38332555
train-u0016886,2,2,0.34948927,0.2644672,0.38604346
train-u0016886,2,2,0.32299912,0.26042205,0.4165788
train-u0016886,2,2,0.3476278,0.25625873,0.39611354
train-u0016886,2,2,0.33159918,0.27002954,0.3983713
train-u0016903,2,1,0.3351243,0.42546317,0.23941247
train-u0016904,1,1,0.28753254,0.4197444,0.292723
train-u0016905,2,1,0.32167995,0.36027715,0.31804287
train-u0016906,1,0,0.3843461,0.31901634,0.29663756
train-u0016906,1,0,0.40314525,0.3207308,0.27612388
train-u0016907,2,0,0.37472337,0.26563358,0.35964304
train-u0016907,2,0,0.39295647,0.31009343,0.29695007
train-u0016907,2,0,0.4079399,0.31469768,0.27736238
train-u0016919,1,1,0.28657284,0.38857692,0.32485026
train-u0016919,1,1,0.33271444,0.37452415,0.29276147
train-u0016920,1,1,0.27608442,0.44718093,0.27673462
train-u0016920,1,1,0.32705456,0.3396374,0.33330804
train-u0016920,1,1,0.27145255,0.37028205,0.35826546
train-u0016920,1,0,0.4292469,0.30276325,0.2679899
train-u0016921,1,2,0.3211521,0.33771858,0.34112933
train-u0016922,0,1,0.31165698,0.36227748,0.32606557
train-u0016923,1,2,0.26791817,0.28968146,0.44240037
train-u0016923,1,2,0.31598848,0.33312476,0.35088676
train-u0016923,1,2,0.2861389,0.32615128,0.3877098
train-u0016924,1,1,0.2943389,0.398221,0.30744007
train-u0016925,0,1,0.3184984,0.38088652,0.30061507
train-u0016925,0,1,0.28382412,0.39566785,0.32050803
train-u0016925,0,1,0.3419134,0.43147293,0.22661363
train-u0016925,0,0,0.40018037,0.3208067,0.27901298
train-u0016926,2,1,0.2743735,0.4492779,0.27634853
train-u0016927,0,1,0.26373696,0.45510164,0.2811614
train-u0016928,1,1,0.3107456,0.40508825,0.28416616
train-u0016929,1,1,0.3148038,0.38515294,0.3000432
train-u0016929,1,2,0.3279732,0.31041622,0.3616106
train-u0016929,1,1,0.33723053,0.45912638,0.2036431
train-u0016930,0,1,0.3072764,0.47504565,0.21767792
train-u0016931,2,1,0.33920932,0.3417913,0.31899935
train-u0016931,2,1,0.3117243,0.37165293,0.31662276
train-u0016931,2,1,0.3316855,0.46890447,0.19941008
train-u0016931,2,0,0.45373863,0.28035313,0.26590824
train-u0016932,1,1,0.30256447,0.4231101,0.2743254
train-u0016933,1,1,0.30173287,0.38877264,0.30949447
train-u0016933,1,1,0.3209325,0.46452275,0.21454479
train-u0016933,1,1,0.29578006,0.3998281,0.30439183
train-u0016934,1,1,0.2876658,0.3945834,0.3177508
train-u0016934,1,1,0.32880315,0.47223225,0.19896457
train-u0016934,1,1,0.3347602,0.35876787,0.3064719
train-u0017009,2,1,0.2981099,0.4179197,0.2839704
train-u0017009,2,0,0.38048536,0.32533532,0.29417935
train-u0017009,2,0,0.3805803,0.3587235,0.26069623
train-u0017010,0,1,0.27489114,0.4151429,0.309966
train-u0017011,1,1,0.3094402,0.36783054,0.32272926
train-u0017012,2,1,0.27677494,0.40813637,0.31508866
train-u0017013,1,1,0.30806562,0.37867698,0.31325734
train-u0017014,1,1,0.31770533,0.3892156,0.29307905
train-u0017015,1,0,0.3407617,0.3214881,0.33775026
train-u0017015,1,2,0.3233539,0.28646955,0.3901766
train-u0017176,2,1,0.34072536,0.34493494,0.3143397
train-u0017176,2,2,0.32664183,0.29370525,0.37965292
train-u0017177,0,1,0.3388473,0.36738196,0.29377073
train-u0017177,0,0,0.38861883,0.36677277,0.24460839
train-u0017177,0,2,0.3319217,0.30347696,0.36460128
train-u0017178,1,0,0.33859068,0.3251778,0.33623153
train-u0017178,1,1,0.36323753,0.37038195,0.26638055
train-u0017178,1,1,0.3381805,0.34268084,0.31913865
train-u0017179,0,1,0.32169583,0.37808695,0.3002171
train-u0017180,0,1,0.2968946,0.3705962,0.3325092
train-u0017181,0,1,0.34448,0.34749645,0.30802354
train-u0017181,0,2,0.29742804,0.33252397,0.37004796
train-u0017182,0,0,0.38122067,0.3466594,0.27212
train-u0017182,0,1,0.33695975,0.41204563,0.2509946
train-u0017183,2,1,0.2795717,0.41720545,0.30322292
train-u0017184,1,1,0.29729024,0.46090412,0.24180564
train-u0017185,1,1,0.30028078,0.40993363,0.2897856
train-u0017186,2,1,0.30397484,0.3751832,0.32084194
train-u0017187,2,1,0.2984502,0.417155,0.2843949
train-u0017188,0,0,0.36939743,0.32015288,0.31044966
train-u0017188,0,1,0.29219517,0.418389,0.2894158
train-u0017189,2,0,0.37364686,0.30622274,0.3201304
train-u0017189,2,1,0.32757264,0.3906447,0.2817827
train-u0017190,1,1,0.2805951,0.43130594,0.28809902
train-u0017191,1,1,0.32852557,0.43626392,0.2352106
train-u0017192,1,1,0.33182245,0.39369965,0.2744779
train-u0017193,2,1,0.30128494,0.42470977,0.27400535
train-u0017194,1,1,0.33742037,0.41744676,0.24513282
train-u0017195,1,1,0.2857797,0.40468916,0.30953115
train-u0017196,0,1,0.29864413,0.40893844,0.29241747
train-u0017197,1,1,0.33187234,0.33597368,0.332154
train-u0017197,1,1,0.31014872,0.3732876,0.31656373
train-u0017197,1,0,0.38848642,0.34775248,0.26376113
train-u0017198,1,1,0.32538402,0.352701,0.32191494
train-u0017198,1,1,0.3504005,0.35743088,0.29216862
train-u0017381,0,1,0.29246366,0.36163273,0.34590358
train-u0017381,0,0,0.4163311,0.3372146,0.2464543
train-u0017381,0,2,0.31053773,0.30008155,0.38938072
train-u0017381,0,0,0.34854758,0.33106893,0.32038352
train-u0017381,0,0,0.38018507,0.3592286,0.2605863
train-u0017382,1,1,0.2696491,0.39359927,0.3367517
train-u0017383,1,1,0.23820615,0.3943584,0.3674355
train-u0017383,1,0,0.38030836,0.3486295,0.2710622
train-u0017383,1,1,0.35812145,0.38312942,0.25874913
train-u0017384,2,0,0.38442475,0.3717572,0.24381801
train-u0017384,2,1,0.27976695,0.40169835,0.31853473
train-u0017385,1,1,0.37633666,0.39918992,0.22447343
train-u0017385,1,1,0.3070411,0.36491153,0.3280474
train-u0017386,2,2,0.3344853,0.28771996,0.37779477
train-u0017386,2,1,0.33082595,0.44439033,0.22478364
train-u0017386,2,0,0.3881968,0.36051452,0.25128877
train-u0017387,2,1,0.32738844,0.37595558,0.29665595
train-u0017387,2,2,0.31630638,0.33741683,0.34627676
train-u0017388,0,0,0.34866312,0.319991,0.33134586
train-u0017388,0,0,0.34587514,0.33800894,0.31611592
train-u0017389,0,1,0.3412662,0.41053903,0.24819475
train-u0017389,0,1,0.35370514,0.35510492,0.29118994
train-u0017389,0,0,0.341921,0.33447924,0.32359976
train-u0017390,0,0,0.34469303,0.32118478,0.33412218
train-u0017390,0,1,0.32160947,0.3911665,0.28722396
train-u0017390,0,1,0.318317,0.39947292,0.28221
train-u0017391,1,1,0.31994355,0.4573443,0.22271214
train-u0017391,1,0,0.3723541,0.26944068,0.35820523
train-u0017391,1,0,0.3851493,0.35730386,0.25754684
train-u0017392,0,1,0.35588616,0.384776,0.25933784
train-u0017392,0,1,0.28117952,0.4269461,0.29187435
train-u0017392,0,1,0.3138753,0.39231226,0.29381242
train-u0017393,0,0,0.4125777,0.3212349,0.26618737
train-u0017393,0,1,0.35989177,0.41834858,0.22175965
train-u0017393,0,1,0.3128756,0.39832914,0.28879523
train-u0017394,2,1,0.3294402,0.417071,0.25348866
train-u0017394,2,1,0.3102779,0.37360987,0.31611216
train-u0017394,2,1,0.34868425,0.37598372,0.27533203
train-u0017395,1,1,0.2809702,0.4095919,0.3094379
train-u0017395,1,1,0.33409,0.3412528,0.32465726
train-u0017396,1,1,0.27775288,0.51296365,0.20928347
train-u0017396,1,1,0.37002367,0.383469,0.24650739
train-u0017397,1,1,0.2850064,0.43569875,0.27929488
train-u0017397,1,1,0.3652951,0.36643872,0.26826617
train-u0017398,1,1,0.30900916,0.4879732,0.20301764
train-u0017398,1,0,0.37140116,0.3530568,0.275542
train-u0017398,1,0,0.39343512,0.31953052,0.28703442
train-u0017399,0,1,0.29959825,0.46535623,0.23504551
train-u0017399,0,0,0.3613455,0.3467923,0.29186228
train-u0017400,1,1,0.29959825,0.46535623,0.23504551
train-u0017400,1,0,0.3613455,0.3467923,0.29186228
train-u0017443,1,1,0.34234998,0.35395253,0.3036975
train-u0017444,2,2,0.23839684,0.30683556,0.4547676
train-u0017445,0,0,0.47321802,0.26940343,0.25737855
train-u0017445,0,0,0.4178745,0.31585515,0.26627043
train-u0017445,0,1,0.34542236,0.39554062,0.25903702
train-u0017446,2,2,0.32711053,0.31923407,0.3536554
train-u0017446,2,2,0.2686734,0.36298594,0.36834067
train-u0017446,2,0,0.44236672,0.2962887,0.26134458
train-u0017446,2,1,0.33222437,0.39574745,0.27202815
train-u0017447,2,2,0.2637819,0.33644956,0.39976853
train-u0017447,2,2,0.3136876,0.3105175,0.3757949
train-u0017447,2,1,0.292837,0.40973592,0.29742706
train-u0017448,2,2,0.30256233,0.3338539,0.36358386
train-u0017448,2,2,0.28387988,0.26138735,0.45473287
train-u0017449,2,2,0.27387485,0.3609601,0.36516505
train-u0017449,2,2,0.24567679,0.29596442,0.45835882
train-u0017449,2,1,0.27884057,0.41978773,0.30137178
train-u0017457,1,2,0.27397993,0.35871637,0.36730373
train-u0017457,1,2,0.2346233,0.33899054,0.42638612
train-u0017458,1,1,0.2336925,0.4637357,0.30257183
train-u0017458,1,2,0.2286993,0.34929866,0.42200205
train-u0017459,0,1,0.32771853,0.37012565,0.3021558
train-u0017461,1,1,0.31733048,0.4256583,0.2570112
train-u0017462,0,1,0.24065427,0.40275678,0.35658896
train-u0017463,1,1,0.25179526,0.45953992,0.2886648
train-u0017464,2,1,0.3535816,0.43635476,0.21006353
train-u0017465,2,1,0.3155365,0.4302144,0.2542491
train-u0017466,1,1,0.2516169,0.38234654,0.36603662
train-u0017475,2,1,0.28141695,0.4426656,0.27591744
train-u0017476,2,1,0.27749258,0.4422478,0.28025952
train-u0017477,0,1,0.31129467,0.41732252,0.2713829
train-u0017478,0,1,0.26017383,0.38801584,0.35181037
train-u0017479,1,1,0.26906857,0.376106,0.3548254
train-u0017480,1,2,0.23854406,0.36787912,0.39357686
train-u0017481,1,1,0.32399,0.3518643,0.3241457
train-u0017482,1,2,0.3287115,0.28104317,0.39024532
train-u0017482,1,1,0.3066433,0.43239874,0.26095793
train-u0017483,0,2,0.34465516,0.29171348,0.36363146
train-u0017483,0,2,0.3123468,0.32084262,0.36681062
train-u0017484,0,2,0.30143937,0.33091792,0.3676427
train-u0017485,0,1,0.25186625,0.41076016,0.3373736
train-u0017486,1,1,0.25539064,0.4159985,0.3286108
train-u0017487,0,2,0.2951588,0.32782656,0.37701464
train-u0017553,1,1,0.33194417,0.4047659,0.26328993
train-u0017553,1,1,0.28733328,0.40823644,0.30443028
train-u0017553,1,1,0.33462816,0.41227946,0.25309238
train-u0017554,2,1,0.24752143,0.38203073,0.37044784
train-u0017555,2,1,0.2545592,0.3874162,0.35802463
train-u0017555,2,1,0.3648048,0.40308163,0.23211357
train-u0017556,2,2,0.3062084,0.3238622,0.3699294
train-u0017557,2,1,0.36841676,0.36875254,0.26283067
train-u0017558,2,1,0.27683803,0.36550593,0.357656
train-u0017559,1,1,0.3398085,0.3507809,0.3094106
train-u0017575,2,0,0.4044028,0.31645262,0.27914461
train-u0017575,2,1,0.30694154,0.43494844,0.25811
train-u0017576,0,2,0.34396154,0.29032806,0.36571047
train-u0017577,2,1,0.35762158,0.4086673,0.23371115
train-u0017577,2,1,0.32285714,0.4180869,0.25905594
train-u0017577,2,1,0.24517374,0.44772753,0.30709872
train-u0017578,0,0,0.42635846,0.30965206,0.26398945
train-u0017578,0,1,0.34334838,0.37057707,0.28607455
train-u0017578,0,0,0.40645447,0.3548321,0.23871346
train-u0017579,1,0,0.35836896,0.3494728,0.29215825
train-u0017579,1,0,0.45892826,0.35901427,0.18205756
train-u0017580,2,1,0.2644223,0.43090338,0.30467433
train-u0017581,1,1,0.23528291,0.4369198,0.32779726
train-u0017582,2,1,0.34180993,0.40560985,0.2525802
train-u0017582,2,1,0.3101644,0.44783315,0.2420025
train-u0017582,2,1,0.25126746,0.44147584,0.30725673
train-u0017583,2,1,0.3054882,0.45321348,0.24129832
train-u0017583,2,1,0.27603656,0.47593588,0.24802756
train-u0017583,2,0,0.42544302,0.31152835,0.26302862
train-u0017583,2,1,0.243187,0.457239,0.29957405
train-u0017584,2,1,0.35805696,0.42868796,0.21325506
train-u0017584,2,1,0.29945818,0.41699737,0.28354436
train-u0017584,2,1,0.24488898,0.45024246,0.30486852
train-u0017584,2,0,0.39806673,0.2716603,0.33027297
train-u0017585,1,0,0.37918437,0.365356,0.25545958
train-u0017585,1,1,0.34818205,0.40265778,0.24916014
train-u0017585,1,1,0.25145063,0.43436822,0.31418112
train-u0017586,1,1,0.28616232,0.43314373,0.28069398
train-u0017586,1,1,0.30650234,0.36231062,0.33118704
train-u0017586,1,1,0.23392901,0.46393564,0.30213526
train-u0017605,2,1,0.23681945,0.5060275,0.2571531
train-u0017606,2,1,0.22684127,0.49156794,0.28159073
train-u0017607,2,1,0.2832759,0.46642953,0.25029466
train-u0017608,1,1,0.26513863,0.43099433,0.3038671
train-u0017609,1,0,0.357297,0.32256195,0.32014108
train-u0017609,1,1,0.29854155,0.36472455,0.33673385
train-u0017610,2,1,0.22823052,0.42849004,0.34327936
train-u0017611,2,1,0.24852766,0.48750207,0.26397026
train-u0017612,2,1,0.24907398,0.498046,0.25288007
train-u0017613,0,1,0.3206013,0.43680173,0.24259688
train-u0017628,2,0,0.45814154,0.3001568,0.24170168
train-u0017629,1,1,0.29013148,0.40970272,0.30016583
train-u0017630,1,1,0.29127565,0.38070825,0.3280161
train-u0017631,0,0,0.4047498,0.33206204,0.26318812
train-u0017632,2,1,0.30249527,0.37095055,0.32655418
train-u0017633,0,0,0.43294892,0.32802814,0.23902291
train-u0017634,2,0,0.40529612,0.38147256,0.21323143
train-u0017635,2,1,0.3497706,0.3564537,0.29377568
train-u0017635,2,1,0.33367464,0.34736836,0.318957
train-u0017636,2,1,0.3297512,0.3442174,0.3260314
train-u0017637,0,0,0.36137557,0.32559034,0.3130341
train-u0017637,0,1,0.31798372,0.34748462,0.33453172
train-u0017638,2,1,0.3251433,0.33853477,0.3363219
train-u0017639,1,1,0.26801506,0.36887354,0.36311135
train-u0017640,1,1,0.29344705,0.35941038,0.3471426
train-u0017641,0,1,0.3233242,0.37257755,0.30409828
train-u0017642,0,1,0.30359277,0.37131575,0.32509145
train-u0017643,1,1,0.30359277,0.37131575,0.32509145
train-u0017644,1,2,0.2957392,0.3431432,0.36111763
train-u0017707,2,0,0.39549354,0.21834357,0.38616288
train-u0017707,2,0,0.42091462,0.2901724,0.28891292
train-u0017708,2,0,0.39326724,0.23539771,0.37133503
train-u0017709,0,0,0.39099857,0.25308397,0.35591742
train-u0017710,2,2,0.26677436,0.36135417,0.37187138
train-u0017711,2,2,0.2534131,0.3628443,0.3837426
train-u0017712,2,1,0.36108214,0.3756363,0.26328155
train-u0017713,2,1,0.34620777,0.35280383,0.30098844
train-u0017714,0,1,0.3362704,0.36604795,0.29768163
train-u0017727,2,2,0.28026947,0.3421515,0.377579
train-u0017727,2,0,0.34914923,0.331408,0.31944278
train-u0017728,2,1,0.29887608,0.35990903,0.34121487
train-u0017729,0,2,0.26329252,0.3327614,0.4039461
train-u0017730,2,2,0.27851126,0.3338905,0.38759828
train-u0017731,2,1,0.30805492,0.3808443,0.31110078
train-u0017732,2,1,0.21962576,0.41452372,0.3658505
train-u0017733,2,1,0.30462652,0.4079389,0.28743464
train-u0017734,1,1,0.30954698,0.3489086,0.3415444
train-u0017735,1,1,0.32331887,0.34999534,0.3266858
train-u0017736,2,0,0.39323884,0.33858284,0.2681783
train-u0017737,2,1,0.23809473,0.4588943,0.30301094
train-u0017738,2,1,0.28732884,0.43259874,0.2800724
train-u0017739,2,2,0.34589836,0.2845456,0.36955607
train-u0017740,2,2,0.30234724,0.31233886,0.3853139
train-u0017740,2,0,0.37768033,0.36166188,0.2606578
train-u0017886,2,1,0.33870047,0.33909798,0.32220155
train-u0017888,1,0,0.36827084,0.33560205,0.29612714
train-u0017888,1,2,0.3119495,0.3232006,0.36484987
train-u0017889,1,2,0.32140929,0.30349627,0.3750945
train-u0017891,2,0,0.3690435,0.2946415,0.33631507
train-u0017892,2,2,0.35507232,0.2832767,0.36165097
train-u0017898,2,0,0.36057037,0.29405972,0.34536988
train-u0017898,2,2,0.32439056,0.31698045,0.35862896
train-u0017899,2,2,0.3267825,0.31386128,0.35935625
train-u0017899,2,2,0.32284513,0.2922382,0.38491666
train-u0017900,1,1,0.29103032,0.36450577,0.34446394
train-u0017901,0,2,0.26268113,0.35367867,0.38364023
train-u0017902,1,2,0.24290031,0.32003292,0.43706673
train-u0017903,2,1,0.28916383,0.36276937,0.34806675
train-u0017904,1,2,0.35969895,0.23308735,0.40721366
train-u0017904,1,2,0.32382104,0.25697222,0.4192068
train-u0017905,0,2,0.3628189,0.23289685,0.4042842
train-u0017905,0,2,0.32875398,0.25968772,0.41155833
train-u0017906,2,2,0.33006155,0.2961912,0.3737472
train-u0017906,2,2,0.32472256,0.306233,0.36904445
train-u0017907,1,2,0.33038768,0.27708426,0.39252806
train-u0017907,1,1,0.28352275,0.40089095,0.31558627
train-u0017907,1,2,0.34901714,0.29131415,0.3596687
train-u0017908,2,1,0.2845743,0.3580612,0.3573645
train-u0017909,1,1,0.29979402,0.36254826,0.33765778
train-u0017910,1,2,0.31613007,0.30642322,0.37744677
train-u0017923,0,1,0.23882866,0.5133532,0.24781802
train-u0017924,1,1,0.23776433,0.50555366,0.25668204
train-u0017925,1,1,0.24771039,0.49696198,0.25532767
train-u0017926,0,1,0.21951918,0.52435505,0.25612578
train-u0017927,2,1,0.236613,0.4566724,0.30671456
train-u0017928,0,2,0.28311047,0.34537202,0.37151754
train-u0017928,0,2,0.3569289,0.07470399,0.56836706
train-u0018021,0,0,0.37459877,0.3512915,0.27410975
train-u0018021,0,1,0.31961846,0.41453883,0.2658426
train-u0018021,0,2,0.33895928,0.30228502,0.35875577
train-u0018022,2,2,0.3032727,0.32357448,0.37315288
train-u0018022,2,2,0.29958233,0.34326416,0.35715348
train-u0018023,1,1,0.23455793,0.45079666,0.31464535
train-u0018023,1,1,0.29107764,0.39037457,0.3185477
train-u0018023,1,2,0.30962527,0.32033664,0.3700381
train-u0018024,1,1,0.29687363,0.43083286,0.2722935
train-u0018025,0,0,0.40326935,0.2718396,0.3248911
train-u0018025,0,0,0.40595925,0.39747047,0.19657023
train-u0018025,0,1,0.33133367,0.36357272,0.3050936
train-u0018025,0,2,0.32453042,0.30188054,0.373589
train-u0018026,0,1,0.3164564,0.41809234,0.2654513
train-u0018026,0,2,0.29024076,0.3483711,0.3613882
train-u0018027,1,2,0.32442045,0.3260818,0.34949777
train-u0018027,1,0,0.4809835,0.32592735,0.19308923
train-u0018027,1,2,0.35017243,0.24729371,0.4025339
train-u0018028,2,1,0.33256623,0.38095587,0.2864779
train-u0018028,2,1,0.333811,0.42383897,0.24235001
train-u0018028,2,0,0.4346991,0.35753927,0.2077617
train-u0018029,2,2,0.29699194,0.34347302,0.35953507
train-u0018029,2,1,0.29234573,0.42043433,0.28721994
train-u0018029,2,1,0.35104087,0.39862072,0.25033844
train-u0018030,2,1,0.2953803,0.5051129,0.19950679
train-u0018030,2,1,0.35270634,0.42291054,0.22438316
train-u0018031,1,1,0.3069172,0.49939284,0.19369002
train-u0018031,1,1,0.25772786,0.38013548,0.3621366
train-u0018032,2,1,0.29779962,0.46800214,0.23419823
train-u0018032,2,2,0.27002665,0.3222313,0.40774205
train-u0018033,0,2,0.29878062,0.31009537,0.391124
train-u0018034,0,0,0.36311984,0.34494436,0.2919358
train-u0018034,0,0,0.39529592,0.34191126,0.26279283
train-u0018034,0,2,0.29060227,0.35130903,0.35808867
train-u0018034,0,0,0.38264504,0.31624165,0.30111325
train-u0018035,0,1,0.2890704,0.43182933,0.27910024
train-u0018035,0,1,0.32386285,0.4595573,0.21657982
train-u0018036,2,2,0.31007466,0.33565304,0.35427228
train-u0018036,2,1,0.24633479,0.54152846,0.2121368
train-u0018037,2,1,0.29978985,0.51882064,0.18138948
train-u0018037,2,1,0.31611058,0.47307307,0.21081637
train-u0018038,2,1,0.28536716,0.45321187,0.26142097
train-u0018038,2,1,0.3345155,0.43448335,0.23100123
train-u0018039,2,1,0.34314448,0.3873183,0.26953718
train-u0018039,2,2,0.2845778,0.33275968,0.38266253
train-u0018040,1,1,0.28015772,0.39672077,0.32312158
train-u0018040,1,0,0.34725058,0.34671387,0.30603555
train-u0018041,1,1,0.32898048,0.42852736,0.2424922
train-u0018042,2,2,0.2992087,0.3269956,0.37379563
train-u0018042,2,2,0.2583137,0.3649964,0.37668988
train-u0018043,2,2,0.29528463,0.3321988,0.37251663
train-u0018043,2,1,0.23916267,0.43201575,0.32882157
train-u0018044,2,1,0.28859997,0.5084465,0.20295355
train-u0018044,2,2,0.3017733,0.30756932,0.39065737
train-u0018045,2,2,0.2941397,0.35095042,0.35490984
train-u0018045,2,2,0.29460025,0.34331122,0.3620885
train-u0018046,0,1,0.37022045,0.40710205,0.22267756
train-u0018046,0,0,0.3451997,0.32592395,0.32887635
train-u0018046,0,1,0.301402,0.37063265,0.32796535
train-u0018046,0,0,0.40566373,0.3090178,0.28531852
train-u0018047,1,1,0.2943737,0.457296,0.24833027
train-u0018047,1,1,0.31031546,0.39489532,0.2947892
train-u0018096,1,1,0.2387027,0.448323,0.31297418
train-u0018097,1,2,0.24518843,0.33147782,0.4233338
train-u0018097,1,2,0.27749902,0.3559155,0.36658552
train-u0018098,1,1,0.29182962,0.4832662,0.22490422
train-u0018099,2,0,0.40116295,0.35958365,0.23925336
train-u0018099,2,0,0.39335597,0.27431235,0.33233166
train-u0018099,2,0,0.43399388,0.25190425,0.31410187
train-u0018099,2,2,0.35372216,0.26488757,0.3813903
train-u0018100,2,0,0.40418896,0.34719276,0.24861827
train-u0018100,2,0,0.4151881,0.25921887,0.32559302
train-u0018100,2,0,0.3639902,0.31121254,0.32479733
train-u0018100,2,0,0.4458913,0.30631778,0.24779099
train-u0018101,2,2,0.28363925,0.27267683,0.4436839
train-u0018101,2,1,0.3141642,0.36775693,0.31807882
train-u0018102,1,1,0.2993381,0.4071883,0.29347357
train-u0018103,1,1,0.31265724,0.44753817,0.2398046
train-u0018104,0,2,0.26788905,0.3375925,0.3945184
train-u0018104,0,2,0.31635064,0.3034563,0.3801931
train-u0018104,0,2,0.29784173,0.34059295,0.36156526
train-u0018104,0,1,0.30728224,0.34701505,0.3457027
train-u0018105,1,1,0.2675287,0.48973927,0.24273202
train-u0018275,1,1,0.29906723,0.36538443,0.3355484
train-u0018276,2,1,0.29906723,0.36538443,0.3355484
train-u0018277,1,0,0.3966918,0.25701523,0.34629297
train-u0018277,1,1,0.2562687,0.38704553,0.35668582
train-u0018278,1,1,0.28073278,0.37811944,0.34114775
train-u0018279,1,0,0.34258482,0.32171288,0.33570233
train-u0018280,1,0,0.3692903,0.30552045,0.32518926
train-u0018281,1,1,0.25296366,0.41076788,0.33626842
train-u0018282,1,1,0.26370284,0.39788854,0.33840865
train-u0018283,1,1,0.30897677,0.3820995,0.30892378
train-u0018284,2,1,0.3074549,0.36261857,0.32992658
train-u0018285,1,1,0.3263938,0.3842433,0.28936285
train-u0018286,1,1,0.29540765,0.39307836,0.31151408
train-u0018287,1,2,0.27738047,0.2862298,0.4363897
train-u0018288,1,2,0.36599803,0.23674424,0.39725778
train-u0018288,1,0,0.39542976,0.24853458,0.3560357
train-u0018289,1,2,0.3625479,0.23532055,0.4021315
train-u0018290,1,2,0.3712637,0.24289896,0.38583732
train-u0018290,1,2,0.3677721,0.25926474,0.3729631
train-u0018291,0,2,0.2670976,0.3584385,0.37446395
train-u0018338,1,0,0.4084935,0.3166176,0.27488896
train-u0018338,1,0,0.3664059,0.3258425,0.30775157
train-u0018339,1,0,0.42050233,0.29697573,0.28252184
train-u0018339,1,0,0.37510046,0.31468436,0.3102152
train-u0018340,0,0,0.35535228,0.33676627,0.3078814
train-u0018341,1,1,0.3650062,0.37043726,0.26455656
train-u0018342,1,0,0.38032967,0.35730594,0.26236436
train-u0018343,0,0,0.36603633,0.36218837,0.2717753
train-u0018345,0,0,0.39626795,0.35946363,0.24426845
train-u0018346,0,0,0.36494154,0.34151185,0.29354665
train-u0018347,2,0,0.3939654,0.3574587,0.24857591
train-u0018348,0,0,0.38045108,0.3440529,0.27549598
train-u0018349,0,0,0.38761058,0.3302237,0.28216568
train-u0018499,1,0,0.37338248,0.33286795,0.2937495
train-u0018500,0,0,0.37520763,0.3383947,0.28639764
train-u0018501,0,2,0.33057627,0.30288884,0.36653492
train-u0018503,0,0,0.41783714,0.22090843,0.3612544
train-u0018715,0,1,0.33370084,0.3444289,0.3218703
train-u0018715,0,2,0.3332814,0.32898048,0.33773816
train-u0018716,1,2,0.32948396,0.33009747,0.34041858
train-u0018716,1,2,0.31554002,0.33683193,0.34762797
train-u0018717,2,1,0.32857674,0.39057612,0.28084707
train-u0018717,2,1,0.29499692,0.42110136,0.2839017
train-u0018718,1,1,0.34252053,0.35015914,0.3073203
train-u0018718,1,0,0.391998,0.3015941,0.30640796
train-u0018719,0,2,0.31508422,0.29156646,0.3933493
train-u0018719,0,2,0.29907164,0.31107843,0.38985
train-u0018720,0,2,0.32902238,0.31909055,0.35188705
train-u0018720,0,1,0.3041849,0.45309538,0.24271972
train-u0018721,1,1,0.2942507,0.37967396,0.32607538
train-u0018721,1,2,0.3262804,0.3211144,0.35260528
train-u0018722,2,2,0.27808702,0.33735144,0.3845616
train-u0018722,2,2,0.30306634,0.30993336,0.38700023
train-u0018723,0,2,0.35620284,0.2725351,0.37126204
train-u0018723,0,2,0.27991605,0.34546182,0.37462223
train-u0018724,2,0,0.34241465,0.3209673,0.33661813
train-u0018724,2,1,0.2925341,0.37642094,0.33104488
train-u0018725,1,2,0.2556323,0.299593,0.44477472
train-u0018726,2,0,0.34976116,0.3309694,0.31926945
train-u0018726,2,0,0.38039222,0.33406612,0.28554165
train-u0018727,0,2,0.2544006,0.3302124,0.41538695
train-u0018727,0,2,0.3161716,0.30738696,0.37644145
train-u0018727,0,2,0.30711806,0.31632006,0.3765619
train-u0018728,2,0,0.3497567,0.33456,0.3156833
train-u0018729,0,1,0.24938944,0.40667367,0.3439369
train-u0018730,1,2,0.25387335,0.35082725,0.39529935
train-u0018731,1,1,0.28072286,0.37733492,0.34194228
train-u0018731,1,0,0.44295877,0.32442203,0.23261914
train-u0018732,1,0,0.36153883,0.3370709,0.3013903
train-u0018750,0,1,0.27396747,0.42130518,0.30472738
train-u0018751,0,1,0.26827323,0.401688,0.3300388
train-u0018751,0,1,0.3356056,0.34787127,0.31652313
train-u0018752,0,1,0.25906375,0.42978156,0.3111547
train-u0018752,0,0,0.36174646,0.3462384,0.2920152
train-u0018753,1,2,0.31852558,0.32209226,0.35938212
train-u0018753,1,2,0.28154686,0.34168488,0.37676832
train-u0018754,0,2,0.35166997,0.2958176,0.35251245
train-u0018754,0,0,0.37981164,0.37120873,0.2489796
train-u0018755,1,1,0.25821474,0.43961853,0.30216682
train-u0018756,0,1,0.2436756,0.4747208,0.28160357
train-u0018757,1,1,0.28255397,0.39814985,0.3192962
train-u0018758,0,2,0.23605874,0.37539098,0.38855037
train-u0018759,0,2,0.32130405,0.33755523,0.34114072
train-u0018760,2,2,0.32462534,0.31137457,0.36400014
train-u0018761,2,1,0.26579282,0.3754377,0.35876948
train-u0018858,0,0,0.3803848,0.28946474,0.3301504
train-u0018859,0,1,0.32944423,0.35666606,0.31388974
train-u0018859,0,1,0.34328103,0.43638128,0.22033772
train-u0018860,1,1,0.30956352,0.39438832,0.29604816
train-u0018861,1,1,0.33951256,0.37925726,0.28123018
train-u0018862,1,0,0.41017777,0.38758776,0.20223449
train-u0018863,1,0,0.39076382,0.31785104,0.2913851
train-u0018883,0,0,0.4032618,0.29350698,0.30323118
train-u0018883,0,0,0.38969547,0.30113685,0.30916765
train-u0018883,0,1,0.28149185,0.3812856,0.33722258
train-u0018883,0,0,0.4434872,0.2801199,0.2763929
train-u0018883,0,1,0.36386397,0.38023818,0.25589785
train-u0018883,0,1,0.355973,0.36833632,0.27569067
train-u0018884,0,0,0.39614508,0.28336146,0.32049346
train-u0018884,0,0,0.39737806,0.36362147,0.23900045
train-u0018884,0,1,0.30391917,0.39477065,0.3013102
train-u0018884,0,0,0.41014808,0.3401881,0.24966383
train-u0018884,0,0,0.37834385,0.33932328,0.28233284
train-u0018884,0,1,0.3321917,0.3620239,0.3057844
train-u0018885,1,0,0.36671963,0.35005257,0.28322783
train-u0018885,1,0,0.40711588,0.2939831,0.29890102
train-u0018885,1,0,0.38343233,0.3328074,0.2837603
train-u0018885,1,1,0.35116053,0.35378212,0.29505733
train-u0018885,1,1,0.32909364,0.3595351,0.3113712
train-u0018885,1,0,0.4144227,0.3392001,0.24637727
train-u0018886,1,0,0.39744845,0.3191006,0.28345102
train-u0018886,1,0,0.4158303,0.29066792,0.2935018
train-u0018886,1,0,0.39345562,0.31209788,0.29444647
train-u0018886,1,0,0.38724536,0.32520065,0.28755397
train-u0018886,1,2,0.33176026,0.33122087,0.3370189
train-u0018887,1,0,0.4508678,0.26789975,0.28123254
train-u0018887,1,0,0.4120899,0.30865362,0.2792564
train-u0018887,1,0,0.42780995,0.2600101,0.31217995
train-u0018887,1,2,0.3323523,0.33222833,0.33541942
train-u0018887,1,1,0.30891523,0.38668534,0.30439937
train-u0018888,1,0,0.42203563,0.28199777,0.29596663
train-u0018888,1,1,0.3383719,0.40968505,0.25194305
train-u0018888,1,0,0.43223396,0.2690159,0.29875016
train-u0018888,1,0,0.3727128,0.3564752,0.27081203
train-u0018888,1,0,0.36894295,0.3421673,0.28888974
train-u0018889,1,0,0.35338154,0.34448126,0.3021372
train-u0018890,0,0,0.36641964,0.30000353,0.3335769
train-u0018892,2,1,0.3099934,0.3474548,0.3425518
train-u0018913,2,2,0.35936344,0.23077919,0.40985736
train-u0018913,2,2,0.3543454,0.25237527,0.39327934
train-u0018913,2,2,0.33970937,0.24662414,0.41366655
train-u0018913,2,2,0.33486697,0.24666074,0.41847226
train-u0018914,2,2,0.33094373,0.2717744,0.39728186
train-u0018914,2,2,0.39199552,0.20853598,0.39946848
train-u0018915,1,2,0.3356133,0.25334728,0.41103944
train-u0018916,2,2,0.33179414,0.2786773,0.3895285
train-u0018917,1,2,0.34102172,0.242365,0.41661325
train-u0018948,2,0,0.3834592,0.32155117,0.29498962
train-u0018949,1,2,0.34042734,0.29805374,0.36151886
train-u0018950,2,2,0.35633132,0.23294762,0.41072106
train-u0018951,1,2,0.35893404,0.24879485,0.39227113
train-u0018952,2,1,0.30743113,0.34629148,0.34627736
train-u0018952,2,2,0.37286988,0.23737177,0.3897584
train-u0018953,1,2,0.3650497,0.24236861,0.39258173
train-u0018954,1,2,0.28859946,0.30264887,0.40875167
train-u0018955,1,2,0.28484786,0.34453547,0.37061664
train-u0018956,2,1,0.35851353,0.3838386,0.25764793
train-u0018957,1,1,0.25630856,0.42096713,0.3227243
train-u0018958,1,1,0.28226078,0.40814757,0.3095917
train-u0018958,1,0,0.3578094,0.29509544,0.34709513
train-u0018959,1,0,0.37921622,0.33531088,0.2854729
train-u0018959,1,0,0.41280603,0.23485748,0.35233656
train-u0018960,0,2,0.3242128,0.26693836,0.4088489
train-u0018961,1,1,0.27172208,0.40760845,0.32066947
train-u0018962,1,1,0.30054912,0.42417333,0.27527758
train-u0018994,2,0,0.44948393,0.3516219,0.19889417
train-u0018995,1,0,0.36241454,0.31759965,0.31998578
train-u0018995,1,2,0.29820234,0.3350196,0.36677808
train-u0018996,2,0,0.4442835,0.34969863,0.20601787
train-u0018997,0,1,0.37219822,0.4031555,0.22464629
train-u0018998,0,0,0.4179971,0.34289834,0.23910457
train-u0018999,1,0,0.3964983,0.31688738,0.2866143
train-u0019000,2,2,0.33196056,0.32365897,0.3443805
train-u0019033,1,1,0.24966729,0.45451865,0.29581407
train-u0019034,1,2,0.29955685,0.25718406,0.4432591
train-u0019035,0,2,0.21556516,0.3817573,0.40267757
train-u0019036,2,2,0.2772101,0.3157279,0.40706202
train-u0019037,2,1,0.2270689,0.41128045,0.36165056
train-u0019038,2,1,0.2583011,0.37535188,0.36634701
train-u0019039,1,1,0.22123633,0.44427067,0.334493
train-u0019040,1,2,0.2653861,0.3288482,0.4057657
train-u0019041,1,2,0.23149742,0.34233257,0.42617002
train-u0019042,2,2,0.26911235,0.35750625,0.3733815
train-u0019043,0,2,0.26297927,0.33452603,0.40249476
train-u0019043,0,2,0.25021535,0.34798452,0.40180013
train-u0019110,2,1,0.1763812,0.42941016,0.39420864
train-u0019111,2,1,0.25391367,0.386033,0.3600533
train-u0019112,1,1,0.31321284,0.35058436,0.3362028
train-u0019112,1,1,0.2892077,0.37251854,0.33827373
train-u0019113,1,2,0.2822056,0.3496767,0.36811766
train-u0019113,1,1,0.261172,0.46256036,0.27626765
train-u0019114,1,1,0.24147137,0.45406356,0.30446506
train-u0019114,1,2,0.320186,0.31781802,0.361996
train-u0019114,1,1,0.28022707,0.3803457,0.33942723
train-u0019114,1,1,0.25085452,0.41616789,0.33297756
train-u0019115,0,2,0.2242342,0.38650835,0.38925746
train-u0019116,0,1,0.24744049,0.46619186,0.2863677
train-u0019116,0,2,0.3377574,0.31356898,0.34867358
train-u0019116,0,1,0.28137356,0.38387853,0.33474794
train-u0019117,2,1,0.23147368,0.51320225,0.25532416
train-u0019117,2,2,0.3323665,0.31738168,0.35025182
train-u0019117,2,1,0.2576441,0.39903834,0.3433175
train-u0019117,2,1,0.24718028,0.42065722,0.3321626
train-u0019118,2,1,0.24259067,0.4741975,0.28321183
train-u0019118,2,2,0.33059785,0.32200462,0.3473976
train-u0019118,2,1,0.24327038,0.40773645,0.34899318
train-u0019118,2,1,0.2511206,0.41736782,0.33151162
train-u0019119,2,1,0.27377036,0.37127906,0.3549506
train-u0019120,0,1,0.2500318,0.4065853,0.34338292
train-u0019121,1,1,0.28975737,0.4075367,0.30270585
train-u0019123,2,2,0.2991872,0.34326303,0.35754973
train-u0019123,2,2,0.28016213,0.34268725,0.37715068
train-u0019124,1,1,0.24535434,0.47862628,0.27601945
train-u0019125,1,1,0.27405572,0.41803718,0.30790707
train-u0019126,2,1,0.250637,0.45910275,0.2902603
train-u0019127,1,1,0.29593012,0.41376436,0.29030555
train-u0019128,0,1,0.29276037,0.42384666,0.28339294
train-u0019129,1,1,0.27901742,0.48639446,0.2345881
train-u0019130,1,1,0.2585799,0.4781138,0.2633062
train-u0019131,1,1,0.29522198,0.46392497,0.24085297
train-u0019132,1,1,0.38792163,0.40280223,0.20927615
train-u0019133,1,1,0.32704028,0.42568555,0.24727415
train-u0019134,1,1,0.34121597,0.38552853,0.2732555
train-u0019135,1,1,0.27191487,0.45070878,0.27737626
train-u0019159,2,0,0.35123807,0.34078765,0.3079743
train-u0019160,0,1,0.3501764,0.3522774,0.29754618
train-u0019161,0,0,0.387652,0.32098958,0.29135844
train-u0019161,0,1,0.2696344,0.4039093,0.32645634
train-u0019162,2,1,0.3260743,0.3969393,0.2769864
train-u0019163,0,1,0.3149275,0.38793704,0.29713547
train-u0019164,0,1,0.31995216,0.41164294,0.26840493
train-u0019165,0,1,0.29464522,0.38980773,0.315547
train-u0019166,1,1,0.30943993,0.40074322,0.28981686
train-u0019208,1,0,0.4003727,0.3785053,0.221122
train-u0019209,1,0,0.4003727,0.3785053,0.221122
train-u0019210,1,1,0.31854904,0.36132076,0.32013017
train-u0019210,1,0,0.39472163,0.37690017,0.22837827
train-u0019211,1,2,0.2996542,0.34857875,0.3517671
train-u0019212,0,1,0.28830388,0.3679495,0.34374666
train-u0019213,0,1,0.3122905,0.36784092,0.31986856
train-u0019213,0,0,0.43406373,0.3450227,0.22091347
train-u0019214,1,0,0.33683324,0.3267303,0.33643648
train-u0019214,1,0,0.38116056,0.34488025,0.27395925
train-u0019215,1,1,0.29356113,0.38387364,0.3225652
train-u0019215,1,0,0.37802956,0.36058098,0.2613895
train-u0019216,1,1,0.28156248,0.41119692,0.30724055
train-u0019282,1,2,0.3268713,0.31969997,0.35342878
train-u0019283,1,2,0.3238075,0.30881634,0.36737618
train-u0019293,2,0,0.34353313,0.3429836,0.3134833
train-u0019294,0,0,0.37406573,0.3232168,0.30271745
train-u0019296,1,0,0.38504663,0.29976523,0.3151881
train-u0019297,1,2,0.3206027,0.32945812,0.34993914
train-u0019297,1,1,0.30964002,0.35776502,0.33259496
train-u0019297,1,2,0.31760153,0.33837992,0.34401855
train-u0019297,1,2,0.2975367,0.34612963,0.35633364
train-u0019298,0,1,0.29950163,0.35697392,0.34352446
train-u0019298,0,0,0.33836946,0.3265429,0.33508763
train-u0019298,0,1,0.3120172,0.3756133,0.31236956
train-u0019298,0,2,0.32906002,0.3127563,0.35818365
train-u0019298,0,1,0.273917,0.3742023,0.3518807
train-u0019298,0,1,0.29243955,0.38673854,0.32082188
train-u0019298,0,1,0.29480118,0.3808692,0.32432953
train-u0019299,0,0,0.38796368,0.33162227,0.2804141
train-u0019299,0,2,0.34202677,0.30003518,0.35793805
train-u0019299,0,2,0.29049587,0.34331524,0.36618888
train-u0019299,0,1,0.2987792,0.37357622,0.3276446
train-u0019299,0,1,0.31784663,0.36339787,0.3187555
train-u0019299,0,1,0.26894283,0.39003474,0.34102246
train-u0019299,0,1,0.28813574,0.38830325,0.3235611
train-u0019299,0,1,0.2530997,0.40463582,0.34226447
train-u0019299,0,1,0.25127625,0.43470016,0.31402355
train-u0019299,0,1,0.29017285,0.38654935,0.32327777
train-u0019300,2,0,0.34196618,0.32248905,0.33554476
train-u0019300,2,1,0.32450905,0.39107895,0.28441203
train-u0019300,2,2,0.31764722,0.29134277,0.39101008
train-u0019300,2,0,0.3494032,0.33644444,0.31415227
train-u0019300,2,0,0.38854626,0.36719307,0.2442607
train-u0019300,2,1,0.32326674,0.35228223,0.32445106
train-u0019300,2,1,0.3225762,0.3758971,0.30152667
train-u0019300,2,1,0.2861045,0.38315064,0.33074483
train-u0019300,2,2,0.24788305,0.37052068,0.38159636
train-u0019300,2,1,0.32614338,0.3393938,0.33446282
train-u0019300,2,1,0.33274925,0.34676647,0.32048428
train-u0019300,2,1,0.2522297,0.41776899,0.33000135
train-u0019300,2,2,0.29346874,0.35011876,0.35641247
train-u0019300,2,1,0.26730022,0.3915205,0.3411792
train-u0019300,2,0,0.3955777,0.34151027,0.26291203
train-u0019300,2,1,0.26250604,0.41379416,0.3236998
train-u0019300,2,1,0.2918691,0.3794466,0.32868427
train-u0019300,2,1,0.22469242,0.43892646,0.3363812
train-u0019300,2,2,0.32996282,0.3110817,0.3589555
train-u0019301,1,0,0.37748566,0.31250933,0.310005
train-u0019301,1,1,0.33346835,0.33495992,0.3315717
train-u0019301,1,2,0.30544582,0.33452064,0.3600335
train-u0019301,1,2,0.3305814,0.3197187,0.3496999
train-u0019301,1,0,0.34841493,0.31420374,0.33738127
train-u0019301,1,0,0.35709652,0.29089692,0.35200655
train-u0019301,1,1,0.2829361,0.38321638,0.33384755
train-u0019301,1,2,0.25882784,0.3598426,0.3813296
train-u0019301,1,2,0.3171688,0.31752092,0.36531022
train-u0019301,1,1,0.26769215,0.38089374,0.3514141
train-u0019301,1,1,0.26751766,0.41520458,0.31727782
train-u0019301,1,1,0.2820617,0.37356094,0.34437737
train-u0019301,1,1,0.3453194,0.36612833,0.28855222
train-u0019301,1,1,0.23597823,0.4348937,0.32912803
train-u0019301,1,1,0.25426286,0.41771397,0.32802317
train-u0019301,1,1,0.24819103,0.44162375,0.31018525
train-u0019301,1,1,0.23673967,0.44841093,0.31484944
train-u0019302,2,0,0.37748566,0.31250933,0.310005
train-u0019302,2,1,0.33346835,0.33495992,0.3315717
train-u0019302,2,2,0.30544582,0.33452064,0.3600335
train-u0019302,2,2,0.3305814,0.3197187,0.3496999
train-u0019302,2,0,0.34841493,0.31420374,0.33738127
train-u0019302,2,0,0.35709652,0.29089692,0.35200655
train-u0019302,2,1,0.2829361,0.38321638,0.33384755
train-u0019302,2,2,0.25882784,0.3598426,0.3813296
train-u0019302,2,2,0.3171688,0.31752092,0.36531022
train-u0019302,2,1,0.26769215,0.38089374,0.3514141
train-u0019302,2,1,0.26751766,0.41520458,0.31727782
train-u0019302,2,1,0.2820617,0.37356094,0.34437737
train-u0019302,2,1,0.3453194,0.36612833,0.28855222
train-u0019302,2,1,0.23597823,0.4348937,0.32912803
train-u0019302,2,1,0.25426286,0.41771397,0.32802317
train-u0019302,2,1,0.24819103,0.44162375,0.31018525
train-u0019302,2,1,0.23673967,0.44841093,0.31484944
train-u0019519,1,1,0.31575358,0.43256193,0.2516845
train-u0019520,1,0,0.41133955,0.29014423,0.29851624
train-u0019521,1,1,0.301526,0.3829966,0.31547743
train-u0019523,0,1,0.34272704,0.37840897,0.278864
train-u0019524,1,1,0.30389082,0.3748742,0.321235
train-u0019525,1,1,0.3322458,0.39680687,0.2709473
train-u0019526,1,1,0.31272668,0.47464034,0.21263304
train-u0019527,1,1,0.28664336,0.46089914,0.25245747
train-u0019552,1,2,0.2783543,0.3480899,0.3735558
train-u0019553,1,0,0.369795,0.27680868,0.35339633
train-u0019554,1,2,0.36474296,0.2517553,0.38350177
train-u0019554,1,2,0.32956722,0.32984394,0.34058884
train-u0019555,1,2,0.31705463,0.2960191,0.38692626
train-u0019556,1,2,0.33229533,0.26437452,0.40333015
train-u0019557,1,2,0.3239617,0.32387164,0.3521667
train-u0019559,0,1,0.34549984,0.4142211,0.24027905
train-u0019560,0,0,0.3684032,0.3482543,0.2833425
train-u0019562,0,1,0.29506683,0.35398674,0.35094643
train-u0019563,0,1,0.32290897,0.359275,0.31781605
train-u0019564,1,1,0.30164373,0.3633278,0.3350285
train-u0019565,2,2,0.29227468,0.33110955,0.37661573
train-u0019565,2,2,0.31309167,0.34102407,0.3458843
train-u0019565,2,1,0.29689342,0.36452183,0.33858475
train-u0019566,0,2,0.3336691,0.30634025,0.35999063
train-u0019566,0,1,0.2658796,0.42714325,0.30697724
train-u0019567,0,2,0.35458916,0.26778108,0.37762973
train-u0019567,0,2,0.33086997,0.32433012,0.34479988
train-u0019569,0,1,0.3526923,0.37542713,0.27188063
train-u0019569,0,1,0.3035336,0.39921194,0.2972544
train-u0019569,0,0,0.3552615,0.31766456,0.32707387
train-u0019588,1,1,0.3135101,0.39473405,0.29175583
train-u0019589,1,2,0.31651023,0.32459593,0.35889384
train-u0019590,1,0,0.4003596,0.27956483,0.3200756
train-u0019590,1,0,0.42295608,0.29545152,0.2815924
train-u0019591,1,0,0.38446558,0.27681407,0.33872032
train-u0019591,1,0,0.42576393,0.28226104,0.29197505
train-u0019592,1,0,0.37013528,0.33916616,0.29069853
train-u0019592,1,0,0.35185125,0.34548202,0.30266672
train-u0019594,1,0,0.41825056,0.27356866,0.30818078
train-u0019614,1,2,0.30723363,0.31731173,0.37545463
train-u0019614,1,1,0.2262051,0.41262016,0.36117476
train-u0019615,0,2,0.30327007,0.30226347,0.39446643
train-u0019615,0,1,0.3026949,0.4107916,0.28651348
train-u0019617,2,2,0.31406164,0.3416888,0.34424958
train-u0019618,1,1,0.34037545,0.3470538,0.3125708
train-u0019619,2,0,0.39745504,0.31096447,0.29158047
train-u0019620,0,0,0.35390773,0.3002156,0.3458766
train-u0019621,2,1,0.30733463,0.3717394,0.32092598
train-u0019681,0,0,0.5052391,0.3266752,0.16808556
train-u0019682,0,1,0.37333775,0.39898407,0.22767825
train-u0019683,1,1,0.33947194,0.42113963,0.2393884
train-u0019684,1,0,0.49295157,0.30721003,0.19983847
train-u0019684,1,1,0.318887,0.40306437,0.2780486
train-u0019685,2,1,0.33690888,0.42120156,0.24188952
train-u0019685,2,0,0.43029743,0.32089874,0.24880384
train-u0019686,1,1,0.34263432,0.4331792,0.22418647
train-u0019690,1,0,0.41222018,0.3832511,0.20452875
train-u0019691,0,0,0.45005924,0.3788942,0.17104661
train-u0019692,2,0,0.39906982,0.3443967,0.25653344
train-u0019693,2,0,0.3863628,0.373317,0.24032016
train-u0019696,2,2,0.29857153,0.34464845,0.35678008
train-u0019696,2,0,0.3768937,0.3637213,0.25938505
train-u0019697,2,2,0.31982106,0.317555,0.362624
train-u0019697,2,1,0.34200194,0.3741332,0.28386483
train-u0019698,2,1,0.3423496,0.37426546,0.28338492
train-u0019699,1,1,0.34186453,0.3970502,0.26108533
train-u0019700,2,2,0.32202026,0.3314096,0.3465702
train-u0019700,2,0,0.38107234,0.35095164,0.26797605
train-u0019701,1,1,0.23123817,0.43402377,0.33473805
train-u0019701,1,1,0.35015547,0.3540655,0.29577902
train-u0019701,1,0,0.4723471,0.35933402,0.16831887
train-u0019702,0,1,0.32708222,0.3679562,0.3049615
train-u0019702,0,1,0.3252608,0.40692866,0.26781052
train-u0019777,1,1,0.23923424,0.4677726,0.29299316
train-u0019778,1,1,0.29775712,0.4446544,0.25758842
train-u0019779,1,1,0.25124297,0.39838535,0.3503717
train-u0019780,2,1,0.21525376,0.4069248,0.3778214
train-u0019781,2,1,0.2499982,0.4141773,0.33582446
train-u0019782,0,1,0.2673327,0.3756624,0.3570049
train-u0019782,0,1,0.28781313,0.4433099,0.2688769
train-u0019784,1,1,0.29942745,0.43134496,0.26922753
train-u0019785,1,1,0.26764014,0.38537124,0.3469886
train-u0019785,1,1,0.3424751,0.34435636,0.31316862
train-u0019786,1,1,0.22579151,0.44603208,0.32817644
train-u0019786,1,1,0.24436106,0.4332041,0.32243487
train-u0019787,1,1,0.33536327,0.41165784,0.2529789
train-u0019787,1,1,0.20521693,0.4321977,0.3625853
train-u0019788,0,1,0.27254844,0.4622821,0.26516947
train-u0019789,0,1,0.26490742,0.4163359,0.3187567
train-u0019789,0,0,0.4460925,0.1629115,0.390996
train-u0019789,0,0,0.43088028,0.2112673,0.3578524
train-u0019790,1,1,0.29350486,0.4316913,0.27480376
train-u0019790,1,1,0.2443654,0.4215031,0.33413154
train-u0019790,1,2,0.3489234,0.29015732,0.36091933
train-u0019790,1,0,0.40071708,0.24951388,0.349769
train-u0019790,1,0,0.4176918,0.36773267,0.2145756
train-u0019791,1,1,0.23586813,0.48332566,0.28080624
train-u0019791,1,1,0.29817438,0.41194516,0.2898805
train-u0019791,1,2,0.33878556,0.30348533,0.35772908
train-u0019791,1,0,0.34271088,0.31504765,0.3422415
train-u0019792,1,1,0.2516623,0.45545578,0.29288185
train-u0019793,0,1,0.26793602,0.4870965,0.2449675
train-u0019794,1,1,0.2666997,0.501583,0.23171729
train-u0019794,1,1,0.26672125,0.40635413,0.32692465
train-u0019794,1,0,0.3945811,0.2627552,0.34266376
train-u0019794,1,0,0.4222119,0.3207759,0.25701222
train-u0019794,1,0,0.35545078,0.35220265,0.29234657
train-u0019794,1,1,0.31447858,0.36324728,0.32227415
train-u0019795,0,1,0.2963728,0.37823033,0.32539687
train-u0019795,0,1,0.3411675,0.34813124,0.31070128
train-u0019795,0,1,0.3360383,0.40873057,0.25523114
train-u0019796,0,1,0.27821556,0.46025002,0.26153445
train-u0019797,2,1,0.25563055,0.4724365,0.27193293
train-u0019797,2,1,0.21777584,0.41340992,0.36881426
train-u0019797,2,0,0.467616,0.23874238,0.29364172
train-u0019797,2,2,0.34158954,0.2982408,0.36016962
train-u0019797,2,0,0.35329843,0.33570212,0.31099954
train-u0019797,2,2,0.30764762,0.32515377,0.36719865
train-u0019797,2,2,0.26639968,0.36588243,0.3677179
train-u0019798,2,1,0.24843426,0.46343365,0.2881321
train-u0019798,2,1,0.24656458,0.40181366,0.3516218
train-u0019798,2,0,0.33669868,0.32719198,0.3361093
train-u0019798,2,1,0.34474412,0.37210286,0.283153
train-u0019798,2,1,0.31700027,0.3471709,0.33582893
train-u0019799,0,1,0.2905188,0.46834782,0.24113338
train-u0019800,0,2,0.24257079,0.37572786,0.38170135
train-u0019801,0,1,0.23632964,0.44025278,0.32341763
train-u0019801,0,0,0.37899327,0.3147704,0.30623642
train-u0019802,2,1,0.37153986,0.3810547,0.2474055
train-u0019802,2,1,0.31001174,0.35702938,0.3329589
train-u0019802,2,1,0.32305038,0.35336152,0.3235881
train-u0019802,2,0,0.35318717,0.34048587,0.30632687
train-u0019803,2,1,0.3051813,0.40021053,0.2946082
train-u0019803,2,1,0.3328808,0.3434773,0.3236419
train-u0019822,1,0,0.46361765,0.31064966,0.22573265
train-u0019823,1,0,0.45320657,0.31660616,0.2301873
train-u0019824,2,2,0.32540148,0.32690826,0.34769022
train-u0019825,0,2,0.308615,0.3368008,0.35458422
train-u0019826,1,2,0.33437523,0.32103822,0.34458658
train-u0019827,2,2,0.28712696,0.33623916,0.37663388
train-u0019828,1,0,0.4000749,0.26583984,0.33408526
train-u0019828,1,0,0.41832834,0.28148982,0.3001818
train-u0019829,1,0,0.40472913,0.27902666,0.31624416
train-u0019829,1,0,0.43192118,0.28770024,0.28037858
train-u0019831,1,2,0.37047696,0.23866978,0.39085326
train-u0019832,2,2,0.3194542,0.31031117,0.37023467
train-u0019839,2,1,0.35253298,0.3535518,0.29391524
train-u0019841,1,0,0.40178964,0.29644865,0.30176172
train-u0019844,0,2,0.32333547,0.2790005,0.397664
train-u0019845,1,1,0.31156933,0.34995443,0.33847615
train-u0019846,0,1,0.3287915,0.34254846,0.3286601
train-u0019847,0,2,0.325105,0.32603887,0.34885618
train-u0019849,0,0,0.38300774,0.27734545,0.33964682
train-u0019852,1,0,0.34414816,0.31814116,0.33771065
train-u0019853,1,0,0.36472893,0.2935845,0.3416865
train-u0019853,1,0,0.38681898,0.31013033,0.30305067
train-u0019854,1,0,0.3673857,0.2875726,0.34504166
train-u0019855,0,0,0.34395975,0.31715608,0.33888415
train-u0020068,1,2,0.30034778,0.3365062,0.36314604
train-u0020068,1,1,0.3032563,0.3713995,0.3253442
train-u0020068,1,1,0.33698562,0.36214757,0.3008668
train-u0020069,1,1,0.2801957,0.3837774,0.33602688
train-u0020070,1,1,0.26380163,0.42959154,0.30660683
train-u0020071,1,1,0.27888548,0.4973196,0.22379488
train-u0020072,1,1,0.26277992,0.4270767,0.3101434
train-u0020073,1,2,0.25779256,0.3497858,0.39242163
train-u0020074,0,1,0.29405585,0.4235851,0.28235903
train-u0020075,2,1,0.3253619,0.35265154,0.3219866
train-u0020075,2,0,0.37495545,0.27900454,0.34604
train-u0020075,2,1,0.3171219,0.43757087,0.24530724
train-u0020076,1,1,0.27590597,0.41561127,0.30848286
train-u0020077,1,1,0.30214205,0.42377657,0.2740814
train-u0020078,0,1,0.2968612,0.36606812,0.33707064
train-u0020079,1,1,0.27897722,0.43096092,0.29006186
train-u0020080,1,1,0.30545586,0.42565307,0.26889104
train-u0020081,1,1,0.24055766,0.5022497,0.25719267
train-u0020082,2,2,0.31383547,0.3398428,0.3463217
train-u0020083,0,1,0.29123256,0.4590083,0.2497592
train-u0020083,0,1,0.24703419,0.37903625,0.37392956
train-u0020084,2,2,0.36180842,0.269083,0.36910865
train-u0020084,2,2,0.3718136,0.22419088,0.4039955
train-u0020084,2,0,0.3894499,0.37950405,0.23104611
train-u0020147,2,1,0.24734461,0.4609693,0.291686
train-u0020148,2,1,0.2797556,0.44002065,0.28022382
train-u0020150,1,0,0.34756783,0.34504402,0.3073881
train-u0020151,0,1,0.3540459,0.35510677,0.29084736
train-u0020153,2,0,0.35217804,0.3358334,0.31198856
train-u0020153,2,1,0.33260882,0.39264825,0.274743
train-u0020154,2,2,0.29861754,0.33565184,0.3657306
train-u0020155,2,2,0.33948007,0.2887364,0.37178352
train-u0020156,2,1,0.26234758,0.3989339,0.33871853
train-u0020159,1,0,0.35841286,0.3477475,0.29383963
train-u0020159,1,1,0.31423286,0.36655983,0.3192073
train-u0020160,1,1,0.26530072,0.43357992,0.3011194
train-u0020162,2,2,0.29730472,0.34835804,0.3543373
train-u0020162,2,2,0.3082732,0.3146971,0.37702972
train-u0020162,2,2,0.32898337,0.3221646,0.348852
train-u0020162,2,2,0.3022071,0.34670916,0.3510837
train-u0020162,2,1,0.32273945,0.40342778,0.27383274
train-u0020163,2,1,0.280308,0.38850448,0.33118752
train-u0020164,2,1,0.29812372,0.3513922,0.350484
train-u0020164,2,1,0.2999412,0.35437393,0.3456848
train-u0020164,2,2,0.31760484,0.3363001,0.34609506
train-u0020164,2,1,0.29584828,0.37218747,0.3319643
train-u0020164,2,1,0.28510398,0.38167638,0.33321965
train-u0020164,2,2,0.2815047,0.35385042,0.3646449
train-u0020164,2,2,0.2600142,0.3655095,0.37447628
train-u0020164,2,2,0.2923065,0.34546787,0.36222562
train-u0020164,2,1,0.29867443,0.36637625,0.33494928
train-u0020164,2,1,0.2843176,0.39346206,0.32222033
train-u0020165,1,2,0.32232264,0.30127665,0.37640068
train-u0020166,2,1,0.35420424,0.37408587,0.27170986
train-u0020167,2,2,0.31190136,0.30970848,0.37839016
train-u0020167,2,1,0.3184937,0.34853706,0.33296925
train-u0020167,2,2,0.30497685,0.33510494,0.3599182
train-u0020167,2,2,0.32014608,0.3299717,0.34988222
train-u0020168,2,0,0.41728008,0.24759421,0.33512574
train-u0020168,2,1,0.31386185,0.34446892,0.3416692
train-u0020168,2,2,0.30585068,0.33576947,0.35837975
train-u0020168,2,1,0.2822084,0.40878326,0.3090083
train-u0020168,2,1,0.30978996,0.36472133,0.32548875
train-u0020168,2,2,0.3043749,0.3291089,0.36651623
train-u0020168,2,1,0.3115654,0.36824802,0.32018661
train-u0020168,2,1,0.3100895,0.3749399,0.31497067
train-u0020169,1,2,0.31751958,0.32932085,0.35315952
train-u0020169,1,2,0.31282702,0.34262353,0.3445495
train-u0020169,1,1,0.30949885,0.35702586,0.33347532
train-u0020169,1,2,0.33383745,0.32102212,0.34514043
train-u0020169,1,2,0.3079751,0.33619028,0.35583463
train-u0020169,1,1,0.28801718,0.40041292,0.31156987
train-u0020179,0,1,0.31250286,0.43464366,0.25285342
train-u0020182,2,2,0.34331322,0.2687365,0.3879502
dev-u0000055,1,0,0.34991565,0.33156526,0.31851906
dev-u0000056,0,0,0.39812672,0.32926178,0.27261153
dev-u0000057,0,0,0.40107405,0.30811432,0.29081163
dev-u0000058,0,0,0.42466098,0.3361356,0.23920338
dev-u0000059,0,0,0.41980225,0.34452617,0.23567152
dev-u0000060,0,0,0.34318364,0.33156806,0.32524827
dev-u0000061,0,0,0.41047022,0.30671647,0.28281334
dev-u0000062,0,0,0.38165045,0.31251496,0.30583465
dev-u0000063,0,0,0.3834284,0.3148135,0.30175808
dev-u0000064,2,0,0.40760568,0.29171377,0.30068052
dev-u0000065,2,0,0.39772344,0.36661947,0.23565702
dev-u0000066,2,1,0.36688238,0.3703751,0.26274243
dev-u0000067,0,0,0.36270854,0.3277567,0.30953473
dev-u0000068,2,0,0.37634945,0.3345294,0.28912118
dev-u0000069,2,0,0.36483237,0.32141343,0.3137542
dev-u0000070,0,1,0.3705413,0.42989194,0.19956675
dev-u0000071,0,1,0.34966773,0.35898373,0.29134855
dev-u0000072,2,0,0.42618614,0.33881956,0.23499429
dev-u0000123,2,2,0.3130307,0.33921623,0.34775314
dev-u0000124,0,0,0.37672684,0.31484714,0.30842605
dev-u0000124,0,0,0.39036375,0.31266493,0.29697126
dev-u0000124,0,2,0.24555165,0.37303248,0.3814158
dev-u0000125,0,0,0.39852542,0.33672336,0.2647511
dev-u0000125,0,0,0.39583626,0.29971606,0.30444762
dev-u0000126,0,0,0.42381185,0.29220325,0.28398493
dev-u0000126,0,1,0.2964642,0.40667897,0.29685685
dev-u0000127,0,0,0.41689017,0.29380995,0.2892999
dev-u0000127,0,1,0.2703672,0.45188135,0.27775148
dev-u0000127,0,2,0.3200112,0.339075,0.34091383
dev-u0000128,0,2,0.31440142,0.29915872,0.38643986
dev-u0000128,0,1,0.3427511,0.35488665,0.3023622
dev-u0000129,0,0,0.42428544,0.33029917,0.24541533
dev-u0000130,1,1,0.32040504,0.3498195,0.3297755
dev-u0000130,1,0,0.41475868,0.2973143,0.28792706
dev-u0000131,0,1,0.30607954,0.38345918,0.31046125
dev-u0000131,0,2,0.35042995,0.2859389,0.36363116
dev-u0000132,0,1,0.31550342,0.35145852,0.33303806
dev-u0000133,2,0,0.35937676,0.31774867,0.32287464
dev-u0000134,2,0,0.35937676,0.31774867,0.32287464
dev-u0000135,2,0,0.46053424,0.24740694,0.29205883
dev-u0000136,0,0,0.3678533,0.29390535,0.33824134
dev-u0000136,0,0,0.37737063,0.28623176,0.33639765
dev-u0000136,0,0,0.4264605,0.28733626,0.28620324
dev-u0000137,0,0,0.40742755,0.32159635,0.2709761
dev-u0000137,0,1,0.29931492,0.3535971,0.34708804
dev-u0000137,0,0,0.35391992,0.33665392,0.3094262
dev-u0000138,0,0,0.3488759,0.31499574,0.33612835
dev-u0000138,0,0,0.41816688,0.34089592,0.24093726
dev-u0000245,0,2,0.2508575,0.35557118,0.39357132
dev-u0000246,0,1,0.25722745,0.51187885,0.23089372
dev-u0000247,0,1,0.21277219,0.49894306,0.2882847
dev-u0000248,0,1,0.29696608,0.41320875,0.28982514
dev-u0000249,0,1,0.2155588,0.5333742,0.2510671
dev-u0000250,2,1,0.2824179,0.41371894,0.30386323
dev-u0000251,2,1,0.29324454,0.41355163,0.2932038
dev-u0000327,0,2,0.34036428,0.30992246,0.3497133
dev-u0000328,0,1,0.2586323,0.40412444,0.33724323
dev-u0000329,0,0,0.35256395,0.3083038,0.33913228
dev-u0000330,0,1,0.3134442,0.39477453,0.29178134
dev-u0000331,0,2,0.30190182,0.32418513,0.37391302
dev-u0000332,0,1,0.23140888,0.40193272,0.36665848
dev-u0000334,0,0,0.42623627,0.28134927,0.2924145
dev-u0000335,0,1,0.3322115,0.36675858,0.30102992
dev-u0000336,0,0,0.4872307,0.22596352,0.28680578
dev-u0000336,0,0,0.458407,0.21138705,0.33020598
dev-u0000336,0,0,0.379125,0.31447572,0.30639926
dev-u0000385,2,1,0.31871653,0.3856151,0.2956683
dev-u0000386,2,1,0.31076717,0.3609411,0.32829174
dev-u0000387,2,0,0.37312734,0.29684168,0.33003098
dev-u0000387,2,2,0.3000056,0.34972265,0.35027173
dev-u0000388,2,0,0.35665795,0.31198812,0.3313539
dev-u0000388,2,0,0.40851194,0.27312702,0.31836107
dev-u0000388,2,2,0.33381003,0.28001416,0.38617587
dev-u0000388,2,2,0.32173434,0.2972163,0.3810494
dev-u0000388,2,1,0.3033509,0.36209017,0.33455893
dev-u0000388,2,2,0.28389198,0.35005048,0.3660576
dev-u0000388,2,1,0.28775352,0.3849877,0.3272588
dev-u0000389,2,2,0.31314865,0.33580577,0.35104564
dev-u0000389,2,2,0.22046955,0.37383533,0.4056951
dev-u0000389,2,2,0.31542242,0.31534934,0.3692282
dev-u0000389,2,1,0.28261942,0.40571404,0.31166664
dev-u0000390,0,2,0.32821253,0.2999375,0.37184995
dev-u0000391,0,2,0.34777224,0.07860484,0.5736229
dev-u0000393,0,1,0.3322817,0.4093389,0.25837937
dev-u0000393,0,2,0.40501794,0.09859563,0.4963865
dev-u0000393,0,2,0.34711632,0.27427188,0.3786118
dev-u0000394,0,0,0.36331257,0.2843564,0.35233107
dev-u0000395,0,0,0.36862856,0.2862442,0.34512722
dev-u0000395,0,2,0.34090036,0.28173885,0.3773608
dev-u0000395,0,0,0.3966096,0.24007908,0.36331132
dev-u0000396,2,2,0.34287453,0.30874634,0.34837916
dev-u0000396,2,0,0.4150149,0.308063,0.27692214
dev-u0000397,2,1,0.25740123,0.38779157,0.35480717
dev-u0000397,2,0,0.34120864,0.33844885,0.32034257
dev-u0000397,2,0,0.38097057,0.2706926,0.34833682
dev-u0000398,2,1,0.23914187,0.41052908,0.35032904
dev-u0000398,2,0,0.35123438,0.31642583,0.33233976
dev-u0000398,2,0,0.38308567,0.3305035,0.2864108
dev-u0000399,2,0,0.37298647,0.29061782,0.3363957
dev-u0000399,2,2,0.3170078,0.33761644,0.34537572
dev-u0000399,2,0,0.36830142,0.3110763,0.32062224
dev-u0000400,0,0,0.34641686,0.31593096,0.3376522
dev-u0000400,0,1,0.31705213,0.3431728,0.3397751
dev-u0000400,0,0,0.3662594,0.30230084,0.33143973
dev-u0000400,0,2,0.36459425,0.16387911,0.47152665
dev-u0000401,0,2,0.29858774,0.3309048,0.37050748
dev-u0000401,0,0,0.3664019,0.29404715,0.339551
dev-u0000401,0,0,0.36823243,0.27578154,0.35598603
dev-u0000402,0,2,0.26962632,0.35370547,0.37666816
dev-u0000402,0,0,0.39270964,0.25712726,0.35016307
dev-u0000402,0,0,0.34273458,0.31868604,0.33857942
dev-u0000443,0,2,0.33264294,0.28800312,0.37935397
dev-u0000443,0,2,0.32133257,0.2770604,0.40160704
dev-u0000444,2,0,0.40470693,0.22053516,0.37475792
dev-u0000444,2,1,0.2983965,0.35305893,0.34854454
dev-u0000444,2,2,0.28609937,0.28290194,0.43099865
dev-u0000445,1,2,0.30714387,0.2981706,0.3946856
dev-u0000445,1,2,0.30771822,0.2769148,0.41536704
dev-u0000446,0,2,0.30631357,0.3004443,0.3932422
dev-u0000446,0,2,0.31433758,0.31701267,0.36864972
dev-u0000447,1,0,0.38881424,0.28646228,0.3247235
dev-u0000447,1,2,0.3163605,0.3336983,0.3499412
dev-u0000448,0,2,0.3117393,0.29733866,0.390922
dev-u0000448,0,2,0.3297354,0.31908914,0.3511755
dev-u0000448,0,1,0.26602986,0.44790274,0.2860674
dev-u0000449,0,1,0.30252331,0.35964626,0.33783042
dev-u0000450,0,2,0.29319838,0.28475937,0.42204225
dev-u0000450,0,2,0.22458771,0.30278498,0.47262728
dev-u0000450,0,0,0.35940248,0.29657072,0.34402677
dev-u0000464,0,2,0.33052513,0.33279034,0.33668453
dev-u0000464,0,2,0.30652595,0.33696464,0.35650942
dev-u0000464,0,2,0.33055606,0.3284828,0.34096113
dev-u0000464,0,2,0.31463194,0.31982523,0.3655429
dev-u0000465,0,2,0.3249996,0.33038652,0.3446139
dev-u0000465,0,0,0.37005034,0.2901435,0.3398062
dev-u0000466,0,2,0.32255185,0.32326692,0.35418126
dev-u0000466,0,0,0.3528396,0.31932238,0.3278381
dev-u0000466,0,2,0.31230775,0.30783537,0.3798569
dev-u0000466,0,2,0.31463218,0.30150312,0.38386464
dev-u0000466,0,2,0.33089283,0.3297981,0.33930907
dev-u0000467,2,0,0.47610915,0.18089613,0.34299475
dev-u0000468,0,0,0.47610915,0.18089613,0.34299475
dev-u0000469,0,2,0.31568745,0.26597923,0.41833332
dev-u0000469,0,0,0.42271677,0.20983592,0.36744738
dev-u0000470,0,1,0.30130625,0.3987399,0.29995385
dev-u0000471,0,1,0.34230426,0.3784858,0.27921
dev-u0000472,0,1,0.31281394,0.3951258,0.2920602
dev-u0000472,0,0,0.4520751,0.2710495,0.2768754
dev-u0000473,0,2,0.30132577,0.32589707,0.3727772
dev-u0000473,0,2,0.3125218,0.2578618,0.42961642
dev-u0000473,0,0,0.42782858,0.20859861,0.36357275
dev-u0000474,0,1,0.29538658,0.42703965,0.27757373
dev-u0000545,0,2,0.2933565,0.35321558,0.35342795
dev-u0000545,0,0,0.3349717,0.33304366,0.33198464
dev-u0000546,0,1,0.3080706,0.37535423,0.31657514
dev-u0000547,0,1,0.29449648,0.4208724,0.28463116
dev-u0000548,1,1,0.3307574,0.34969148,0.31955117
dev-u0000549,0,1,0.3307574,0.34969148,0.31955117
dev-u0000550,0,1,0.339409,0.36709434,0.2934967
dev-u0000550,0,1,0.33834293,0.34368795,0.31796905
dev-u0000551,0,2,0.3179326,0.29421076,0.38785657
dev-u0000552,0,2,0.30362412,0.32941332,0.3669626
dev-u0000553,0,1,0.30568624,0.3683036,0.32601014
dev-u0000554,0,1,0.29857117,0.35200503,0.34942383
dev-u0000557,0,2,0.2860695,0.34892675,0.3650037
dev-u0000558,0,1,0.2978793,0.3663033,0.3358174
dev-u0000559,0,1,0.29166007,0.37247816,0.33586177
dev-u0000560,0,1,0.30953646,0.39032313,0.3001404
dev-u0000639,0,1,0.3077889,0.40629512,0.285916
dev-u0000640,0,1,0.26511434,0.430935,0.30395073
dev-u0000640,0,1,0.33957192,0.36872992,0.29169813
dev-u0000641,0,1,0.26052734,0.4620165,0.2774562
dev-u0000642,0,1,0.25616056,0.44800654,0.29583296
dev-u0000643,2,1,0.28020018,0.37859902,0.3412007
dev-u0000644,2,1,0.28179863,0.4073081,0.31089327
dev-u0000645,0,1,0.2842917,0.4287469,0.28696138
dev-u0000826,1,2,0.282426,0.3384521,0.37912193
dev-u0000827,1,0,0.38530537,0.31382155,0.30087313
dev-u0000828,1,1,0.35843638,0.36632752,0.27523607
dev-u0000829,1,1,0.35879475,0.41700542,0.22419988
dev-u0000830,1,1,0.29014048,0.36679113,0.34306833
dev-u0000842,2,1,0.32102767,0.4223324,0.25663984
dev-u0000852,0,2,0.32730126,0.31826633,0.3544324
dev-u0000853,0,0,0.35459447,0.29956913,0.34583637
dev-u0000854,0,0,0.3364219,0.33506346,0.32851464
dev-u0000854,0,2,0.35430017,0.25982216,0.38587764
dev-u0000856,1,0,0.4025058,0.25766087,0.33983332
dev-u0000856,1,0,0.37241676,0.36491477,0.2626684
dev-u0000902,0,0,0.420995,0.34711346,0.23189156
dev-u0000903,0,1,0.37978965,0.40563095,0.21457939
dev-u0000903,0,0,0.4108317,0.28246,0.3067083
dev-u0000904,0,2,0.33931342,0.31076667,0.3499199
dev-u0000905,0,1,0.33289787,0.36346257,0.3036395
dev-u0000906,0,1,0.34019807,0.40896314,0.25083873
dev-u0000907,0,0,0.4488038,0.23689966,0.3142965
dev-u0000908,1,0,0.36268488,0.30065733,0.33665776
dev-u0000909,1,0,0.47129425,0.31087306,0.21783264
dev-u0000910,0,1,0.3405729,0.38710323,0.2723239
dev-u0000911,0,1,0.37859988,0.42259806,0.19880205
dev-u0000912,0,0,0.4041806,0.33112845,0.264691
dev-u0000913,2,0,0.40335044,0.34082887,0.25582072
dev-u0000914,0,1,0.31923032,0.35463038,0.32613933
dev-u0000914,0,2,0.33211455,0.33361176,0.33427367
dev-u0000915,0,0,0.37370422,0.37262613,0.25366968
dev-u0000916,1,1,0.32540664,0.34218374,0.33240965
dev-u0000917,0,2,0.28906542,0.3345779,0.37635672
dev-u0000917,0,2,0.2999864,0.34758893,0.35242468
dev-u0000918,0,1,0.30183503,0.36121902,0.33694595
dev-u0000918,0,1,0.33312333,0.36793658,0.29894015
dev-u0000919,2,1,0.34609878,0.38237345,0.27152777
dev-u0000920,2,1,0.33991778,0.40322882,0.25685334
dev-u0000920,2,1,0.33195564,0.35329485,0.3147495
dev-u0000920,2,2,0.33380246,0.32040507,0.3457925
dev-u0000935,2,0,0.416591,0.32160753,0.26180145
dev-u0000935,2,0,0.4235377,0.3112521,0.26521015
dev-u0000936,2,1,0.3263734,0.37600014,0.2976265
dev-u0000936,2,0,0.36458093,0.35109666,0.28432244
dev-u0000937,0,2,0.33512652,0.27846336,0.38641003
dev-u0000937,0,2,0.3287918,0.26155517,0.40965304
dev-u0000938,2,1,0.33935603,0.365177,0.29546696
dev-u0000939,1,1,0.32628733,0.3930736,0.2806391
dev-u0001015,1,0,0.35833308,0.345356,0.296311
dev-u0001016,0,1,0.3175733,0.35108936,0.33133736
dev-u0001017,0,1,0.3502971,0.36161092,0.28809205
dev-u0001018,0,1,0.28250358,0.37671515,0.34078124
dev-u0001019,0,2,0.36438552,0.26315114,0.37246335
dev-u0001020,0,0,0.37509805,0.30712035,0.3177816
dev-u0001020,0,0,0.381017,0.31309566,0.30588737
dev-u0001021,0,0,0.37494376,0.33220622,0.29285
dev-u0001021,0,2,0.23633172,0.369008,0.3946603
dev-u0001022,0,0,0.36427546,0.33375797,0.30196658
dev-u0001022,0,2,0.21132582,0.34628332,0.44239083
dev-u0001166,2,0,0.39562997,0.3104908,0.2938792
dev-u0001167,2,0,0.3492961,0.32767934,0.32302457
dev-u0001168,2,0,0.40672374,0.27617264,0.3171036
dev-u0001169,2,1,0.30456203,0.39430654,0.30113143
dev-u0001169,2,1,0.35839808,0.37334126,0.26826066
dev-u0001170,0,2,0.32090592,0.3380072,0.34108678
dev-u0001170,0,0,0.41812265,0.32980368,0.2520737
dev-u0001170,0,0,0.3852918,0.3036801,0.3110281
dev-u0001170,0,0,0.3724533,0.31262574,0.31492093
dev-u0001171,0,0,0.39220577,0.28204465,0.32574955
dev-u0001172,0,0,0.39236468,0.2825506,0.3250847
dev-u0001172,0,0,0.41827396,0.31006688,0.27165923
dev-u0001173,0,0,0.3519013,0.34638676,0.301712
dev-u0001174,0,2,0.35251558,0.28909746,0.35838693
dev-u0001175,0,0,0.3875717,0.35255855,0.2598697
dev-u0001176,0,0,0.3521337,0.31991363,0.32795262
dev-u0001177,0,1,0.31834638,0.3786678,0.30298582
dev-u0001178,2,0,0.38734627,0.36949608,0.24315758
dev-u0001179,2,1,0.3353048,0.3691216,0.29557362
dev-u0001179,2,2,0.30153355,0.331489,0.3669775
dev-u0001180,2,0,0.4078545,0.33548,0.25666547
dev-u0001181,0,0,0.44481024,0.30133468,0.25385508
dev-u0001182,0,1,0.3140053,0.37307173,0.31292295
dev-u0001183,0,1,0.33894324,0.35031956,0.31073716
dev-u0001184,0,0,0.35134357,0.34799597,0.30066052
dev-u0001185,0,1,0.37203655,0.388997,0.23896642
dev-u0001186,0,0,0.38772076,0.333547,0.2787322
dev-u0001187,0,1,0.3456731,0.3674104,0.28691652
dev-u0001188,0,0,0.3840584,0.36261567,0.25332597
dev-u0001189,2,1,0.35263464,0.35606363,0.29130167
dev-u0001190,2,0,0.36998278,0.3484564,0.28156078
dev-u0001285,0,0,0.3763547,0.35794753,0.2656978
dev-u0001286,0,0,0.45497864,0.27817374,0.2668476
dev-u0001286,0,2,0.32732698,0.31532994,0.35734305
dev-u0001287,0,0,0.46265724,0.28586215,0.25148055
dev-u0001295,0,0,0.41981757,0.21140291,0.3687795
dev-u0001296,0,1,0.33498845,0.34740272,0.3176088
dev-u0001297,0,0,0.40268308,0.2371214,0.36019552
dev-u0001298,2,1,0.35154432,0.3697771,0.2786786
dev-u0001299,0,0,0.3707364,0.35158703,0.27767658
dev-u0001300,0,0,0.4056364,0.2684767,0.32588685
dev-u0001301,0,0,0.43296364,0.3192402,0.2477962
dev-u0001302,0,0,0.36095697,0.2933947,0.3456483
dev-u0001303,0,0,0.36615264,0.33138928,0.30245817
dev-u0001304,0,0,0.3841996,0.33618578,0.2796145
dev-u0001306,0,1,0.3406393,0.41482174,0.24453901
dev-u0001307,1,1,0.29204777,0.36398575,0.3439664
dev-u0001308,2,0,0.39658144,0.3267874,0.27663112
dev-u0001421,2,0,0.39846542,0.3199832,0.28155136
dev-u0001422,0,0,0.40568742,0.33034173,0.26397088
dev-u0001422,0,0,0.40138915,0.3324467,0.26616415
dev-u0001423,0,0,0.39703515,0.35065106,0.2523138
dev-u0001424,2,1,0.37573636,0.37806147,0.24620222
dev-u0001429,1,0,0.46064717,0.2878881,0.25146475
dev-u0001429,1,0,0.44035724,0.31078202,0.24886082
dev-u0001430,1,0,0.43663818,0.24927935,0.3140825
dev-u0001431,1,0,0.48369873,0.2255173,0.29078397
dev-u0001432,1,1,0.38223612,0.41177928,0.20598458
dev-u0001433,1,1,0.36687547,0.39035156,0.24277298
dev-u0001434,1,1,0.35623053,0.42109212,0.22267736
dev-u0001436,0,0,0.39786577,0.369948,0.23218627
dev-u0001437,1,0,0.39587304,0.32820505,0.27592188
dev-u0001522,0,1,0.3567251,0.3796016,0.2636733
dev-u0001527,2,1,0.3740309,0.375961,0.2500081
dev-u0001528,2,0,0.38549462,0.33629912,0.2782062
dev-u0001528,2,0,0.43825454,0.29089478,0.27085075
dev-u0001528,2,0,0.39536676,0.33189708,0.27273613
dev-u0001528,2,1,0.35950705,0.3714403,0.26905268
dev-u0001529,0,0,0.47117883,0.26399398,0.26482722
dev-u0001639,1,2,0.33778727,0.3238589,0.33835384
dev-u0001643,1,2,0.30098078,0.3453773,0.3536419
dev-u0001644,2,1,0.34479398,0.3658762,0.2893299
dev-u0001760,2,1,0.30911312,0.3997304,0.2911565
dev-u0001761,1,1,0.34938222,0.37185422,0.27876353
dev-u0001761,1,1,0.28730422,0.44420344,0.26849228
dev-u0001761,1,1,0.31583872,0.35046488,0.33369645
dev-u0001761,1,2,0.2854232,0.35380983,0.36076698
dev-u0001762,1,1,0.31821656,0.418703,0.26308045
dev-u0001762,1,2,0.2783616,0.32854745,0.39309102
dev-u0001762,1,1,0.34782764,0.3592447,0.2929277
dev-u0001762,1,0,0.34106037,0.3200425,0.33889708
dev-u0001763,1,1,0.32748428,0.36814967,0.30436608
dev-u0001763,1,2,0.30006608,0.30354524,0.39638865
dev-u0001764,0,2,0.29954436,0.3458647,0.35459095
dev-u0001766,0,1,0.24950162,0.41811568,0.33238265
dev-u0001766,0,2,0.42214805,0.06033232,0.5175196
dev-u0001767,2,1,0.2788557,0.4159961,0.30514827
dev-u0001767,2,2,0.2970647,0.32312176,0.37981352
dev-u0001768,2,1,0.24637346,0.5012852,0.25234124
dev-u0001769,2,1,0.23767467,0.506356,0.25596935
dev-u0001770,1,1,0.23975183,0.45154724,0.30870086
dev-u0001771,2,1,0.25100663,0.4790859,0.26990753
dev-u0001772,1,1,0.34187588,0.3588951,0.29922903
dev-u0001772,1,0,0.3462359,0.32325396,0.33051017
dev-u0001772,1,1,0.28011116,0.3888702,0.33101857
dev-u0001808,2,2,0.29435438,0.26379544,0.44185016
dev-u0001808,2,2,0.31264046,0.3414205,0.34593904
dev-u0001809,2,1,0.3608628,0.38049167,0.25864556
dev-u0001810,1,0,0.37731215,0.29747638,0.32521147
dev-u0001811,1,0,0.4718458,0.23756003,0.29059407
dev-u0001811,1,0,0.3643264,0.30178142,0.3338922
dev-u0001812,2,2,0.2771128,0.3176477,0.40523955
dev-u0001813,1,0,0.39145344,0.26509875,0.3434478
dev-u0001814,2,2,0.26494348,0.3205863,0.4144702
dev-u0001815,2,2,0.24693248,0.30720243,0.44586506
dev-u0001816,1,2,0.2565433,0.32652286,0.4169338
dev-u0001846,1,2,0.33102527,0.3052432,0.36373147
dev-u0001847,2,2,0.30861413,0.31868145,0.3727044
dev-u0001848,0,2,0.24607287,0.36316794,0.3907592
dev-u0001848,0,1,0.3032033,0.36770156,0.32909516
dev-u0001849,2,2,0.3055436,0.27432144,0.42013496
dev-u0001849,2,1,0.35003915,0.35642517,0.29353565
dev-u0001850,0,2,0.25270665,0.32525814,0.4220352
dev-u0001850,0,2,0.3364806,0.32404977,0.33946958
dev-u0001851,1,2,0.28364414,0.29684204,0.4195138
dev-u0001851,1,1,0.2756126,0.3799807,0.34440672
dev-u0001852,1,2,0.27530032,0.31243068,0.41226903
dev-u0001852,1,1,0.32230395,0.343091,0.3346051
dev-u0001853,1,2,0.2704617,0.34281895,0.3867193
dev-u0001853,1,2,0.31430563,0.33400178,0.35169265
dev-u0001854,2,2,0.2812596,0.29739764,0.4213427
dev-u0001854,2,1,0.23517996,0.4388719,0.32594815
dev-u0001873,1,1,0.3271202,0.44300646,0.22987337
dev-u0001874,2,1,0.27189896,0.5086482,0.21945286
dev-u0001875,2,1,0.2502143,0.39495218,0.35483357
dev-u0001876,2,1,0.27651012,0.50089604,0.22259384
dev-u0001877,2,1,0.23951186,0.516872,0.24361607
dev-u0001927,2,2,0.2589028,0.36252826,0.37856892
dev-u0001928,0,1,0.2909708,0.37178704,0.3372422
dev-u0001928,0,2,0.34001988,0.28876227,0.37121785
dev-u0001929,0,1,0.297025,0.3897138,0.31326124
dev-u0001930,1,1,0.30586812,0.37798017,0.31615165
dev-u0001931,1,0,0.3900529,0.35080603,0.25914106
dev-u0001931,1,0,0.36379915,0.29649392,0.33970696
dev-u0001931,1,0,0.3728514,0.2833183,0.34383026
dev-u0001932,2,2,0.33285344,0.33251134,0.3346352
dev-u0001933,1,1,0.2862446,0.3872466,0.3265088
dev-u0001933,1,2,0.3479838,0.25782877,0.39418742
dev-u0001934,2,2,0.35703596,0.23308173,0.4098823
dev-u0001934,2,2,0.26803398,0.36529684,0.3666692
dev-u0001935,2,0,0.40491736,0.2169019,0.3781808
dev-u0001935,2,2,0.2702165,0.35624936,0.37353414
dev-u0001936,1,1,0.34374708,0.40549174,0.25076112
dev-u0001937,2,1,0.37166542,0.4204714,0.20786318
dev-u0001938,1,1,0.3498809,0.41679177,0.23332727
dev-u0001939,1,1,0.23069225,0.39383292,0.3754748
dev-u0001940,0,2,0.321698,0.3385369,0.3397651
dev-u0001940,0,0,0.37735686,0.33235148,0.29029167
dev-u0001941,0,2,0.3183412,0.29869774,0.3829611
dev-u0001941,0,0,0.3703198,0.29849637,0.33118388
dev-u0001947,0,1,0.2594462,0.47164997,0.26890382
dev-u0001948,0,1,0.25359905,0.5229875,0.22341345
dev-u0001949,2,1,0.28436604,0.48894972,0.22668424
dev-u0001949,2,2,0.32775545,0.31426638,0.35797817
dev-u0001950,1,1,0.315707,0.36383265,0.32046032
dev-u0001951,0,1,0.29493895,0.46497205,0.240089
dev-u0001958,1,1,0.3359886,0.33955014,0.32446128
dev-u0001959,2,2,0.34074152,0.30430016,0.35495836
dev-u0001960,0,2,0.31655067,0.33559793,0.34785146
dev-u0001963,1,1,0.2620518,0.51888883,0.21905938
dev-u0001964,1,1,0.2629693,0.53080404,0.20622666
dev-u0001964,1,0,0.57573885,0.13881062,0.28545052
dev-u0001964,1,2,0.42753136,0.11777963,0.4546891
dev-u0001979,2,2,0.32206294,0.30737868,0.37055835
dev-u0001980,2,0,0.38811636,0.3057988,0.30608484
dev-u0001981,2,1,0.26490977,0.39563313,0.3394571
dev-u0001981,2,0,0.34527066,0.3251025,0.32962674
dev-u0001983,2,0,0.4593495,0.28718236,0.25346804
dev-u0001984,2,0,0.4697441,0.2587021,0.2715538
dev-u0001985,1,0,0.4697441,0.2587021,0.2715538
dev-u0002053,0,2,0.33255005,0.31697187,0.3504781
dev-u0002053,0,0,0.40099177,0.2997058,0.2993025
dev-u0002053,0,0,0.4109237,0.32920337,0.25987288
dev-u0002054,2,2,0.34040955,0.29256758,0.36702287
dev-u0002054,2,0,0.43366492,0.2799673,0.28636777
dev-u0002054,2,0,0.43390298,0.32698885,0.23910822
dev-u0002055,0,0,0.43115613,0.31022468,0.2586192
dev-u0002055,0,0,0.34494373,0.32167232,0.33338395
dev-u0002056,1,0,0.3653001,0.3402905,0.29440945
dev-u0002056,1,1,0.32915464,0.35613263,0.31471273
dev-u0002056,1,0,0.357756,0.3390056,0.30323842
dev-u0002056,1,0,0.3850297,0.28677034,0.32820004
dev-u0002057,1,0,0.40134892,0.29411614,0.30453494
dev-u0002057,1,1,0.33780503,0.34676284,0.31543213
dev-u0002058,1,0,0.41352248,0.25029054,0.33618692
dev-u0002059,1,0,0.4626249,0.32073143,0.21664363
dev-u0002060,0,0,0.45051473,0.32651487,0.22297043
dev-u0002306,0,0,0.39782485,0.38768643,0.21448874
dev-u0002307,0,1,0.38186848,0.3993496,0.21878187
dev-u0002308,0,0,0.34052476,0.3251833,0.33429196
dev-u0002309,0,1,0.3658108,0.37464443,0.2595447
dev-u0002310,0,0,0.38185906,0.3612406,0.25690037
dev-u0002311,0,1,0.36336434,0.40108094,0.2355547
dev-u0002312,2,1,0.31249043,0.36832148,0.3191881
dev-u0002442,0,2,0.3293688,0.30662036,0.36401084
dev-u0002443,1,0,0.36119106,0.3009946,0.33781436
dev-u0002444,2,0,0.3603323,0.28455195,0.35511583
dev-u0002445,2,1,0.36157957,0.37984586,0.2585746
dev-u0002445,2,1,0.28875113,0.39798698,0.3132619
dev-u0002446,1,0,0.39981553,0.33403167,0.26615286
dev-u0002566,2,1,0.24892484,0.5241042,0.22697096
dev-u0002567,1,1,0.3033151,0.37460166,0.32208326
dev-u0002567,1,0,0.40526956,0.26217163,0.33255884
dev-u0002567,1,2,0.33934763,0.29692912,0.36372328
dev-u0002567,1,1,0.306762,0.38313556,0.3101025
dev-u0002568,1,1,0.3002207,0.41762647,0.28215283
dev-u0002568,1,1,0.2891469,0.3639332,0.34691995
dev-u0002569,1,2,0.356463,0.24378474,0.39975223
dev-u0002569,1,1,0.27646366,0.41958347,0.30395284
dev-u0002570,1,1,0.31521004,0.42031124,0.26447868
dev-u0002571,1,1,0.32487693,0.40506658,0.27005652
dev-u0002571,1,1,0.2647092,0.37240568,0.3628851
dev-u0002572,2,1,0.22985107,0.39176625,0.37838265
dev-u0002573,0,1,0.31311393,0.3862735,0.3006126
dev-u0002574,0,0,0.41308898,0.31651992,0.27039105
dev-u0002574,0,1,0.3219919,0.40302262,0.27498543
dev-u0002574,0,0,0.40105206,0.36651397,0.23243394
dev-u0002574,0,1,0.32270882,0.3690324,0.30825874
dev-u0002574,0,1,0.36052194,0.3760481,0.2634299
dev-u0002574,0,0,0.36763278,0.3401742,0.29219303
dev-u0002574,0,2,0.32679418,0.3235727,0.3496331
dev-u0002574,0,1,0.32245877,0.3819021,0.2956391
dev-u0002575,2,1,0.28174466,0.38545883,0.33279654
dev-u0002575,2,2,0.31109545,0.33089635,0.35800818
dev-u0002575,2,1,0.25606263,0.37408307,0.36985427
dev-u0002575,2,1,0.3191471,0.37730435,0.30354854
dev-u0002576,0,1,0.25589618,0.43501842,0.30908546
dev-u0002576,0,1,0.31160057,0.3729872,0.31541213
dev-u0002576,0,2,0.3167635,0.33670765,0.34652886
dev-u0002576,0,1,0.30296823,0.4115552,0.2854766
dev-u0002577,1,1,0.24858077,0.50915766,0.24226154
dev-u0002578,2,2,0.28299406,0.31789765,0.3991083
dev-u0002578,2,2,0.23907672,0.36126482,0.3996585
dev-u0002578,2,2,0.3448604,0.30505648,0.3500832
dev-u0002578,2,0,0.38600376,0.30832708,0.30566916
dev-u0002578,2,2,0.33409673,0.29283518,0.37306803
dev-u0002579,1,1,0.22510403,0.44237936,0.33251658
dev-u0002579,1,2,0.33911717,0.28541383,0.375469
dev-u0002579,1,2,0.34984073,0.27468514,0.3754741
dev-u0002643,1,0,0.41910267,0.26797286,0.31292447
dev-u0002643,1,2,0.32704315,0.26566625,0.40729058
dev-u0002643,1,0,0.37327126,0.36847013,0.2582586
dev-u0002735,2,0,0.37378567,0.2974164,0.32879797
dev-u0002737,2,1,0.31040847,0.41118044,0.2784111
dev-u0002767,2,0,0.35349342,0.33144677,0.31505987
dev-u0002767,2,2,0.3465052,0.26342148,0.39007324
dev-u0002768,1,0,0.38967678,0.3407723,0.26955086
dev-u0002769,2,0,0.4204434,0.2881182,0.29143843
dev-u0002770,0,0,0.40058076,0.37766516,0.22175407
dev-u0002771,1,0,0.35626245,0.3516601,0.2920775
dev-u0002772,1,1,0.3646475,0.4326513,0.2027012
dev-u0002773,1,1,0.3646475,0.4326513,0.2027012
dev-u0002774,0,0,0.39821914,0.34549078,0.2562901
dev-u0002775,0,1,0.37018523,0.3999572,0.2298575
dev-u0002776,1,1,0.36156508,0.3863864,0.2520485
dev-u0002777,1,1,0.35741386,0.39530084,0.24728526
dev-u0002778,1,1,0.37112153,0.42626613,0.20261234
dev-u0002780,1,0,0.40055192,0.37818465,0.2212634
dev-u0002786,0,2,0.34023726,0.25263947,0.40712327
dev-u0002788,1,0,0.39842775,0.26574606,0.3358262
dev-u0002789,1,0,0.38283807,0.2668321,0.35032976
dev-u0002861,2,0,0.38901258,0.30041733,0.31057006
dev-u0002861,2,0,0.47395495,0.29216963,0.2338755
dev-u0002861,2,2,0.36105058,0.25622737,0.382722
dev-u0002861,2,0,0.36960647,0.27240643,0.3579871
dev-u0002862,1,1,0.30658326,0.35173067,0.34168607
dev-u0002863,1,0,0.4001021,0.30304214,0.29685575
dev-u0002863,1,0,0.35549644,0.31454757,0.329956
dev-u0002863,1,0,0.39171082,0.29450658,0.31378254
dev-u0002863,1,2,0.35192242,0.2762552,0.37182233
dev-u0002863,1,2,0.3527636,0.25759423,0.3896422
dev-u0002864,1,0,0.38840723,0.30398285,0.30760998
dev-u0002864,1,0,0.38124108,0.29525006,0.3235089
dev-u0002864,1,0,0.3877829,0.28638464,0.32583243
dev-u0002864,1,0,0.40370592,0.23302285,0.3632712
dev-u0002864,1,0,0.34525058,0.32613406,0.3286153
dev-u0002865,1,0,0.4529437,0.24917261,0.29788375
dev-u0002865,1,0,0.37333095,0.33488035,0.29178873
dev-u0002866,1,0,0.38879752,0.3458772,0.26532525
dev-u0002867,1,0,0.38533965,0.33588257,0.27877784
dev-u0002868,2,0,0.339619,0.3353972,0.32498375
dev-u0002869,2,0,0.36147863,0.34602758,0.29249385
dev-u0002869,2,1,0.28671974,0.37708667,0.3361936
dev-u0002870,2,0,0.4447666,0.23032887,0.3249045
dev-u0002870,2,0,0.37535545,0.3621872,0.26245737
dev-u0002871,0,1,0.313232,0.35265976,0.33410817
dev-u0002872,1,2,0.34566063,0.3044894,0.34984994
dev-u0002873,2,0,0.36133182,0.29675576,0.34191245
dev-u0002874,1,1,0.33419928,0.34223706,0.3235637
dev-u0002875,0,2,0.33858082,0.32094383,0.34047535
dev-u0002876,1,1,0.32701212,0.3442036,0.3287842
dev-u0002877,1,0,0.42855114,0.2735211,0.29792783
dev-u0002877,1,2,0.3388525,0.31974828,0.34139922
dev-u0002878,1,2,0.36250582,0.2153965,0.42209768
dev-u0002878,1,2,0.26642972,0.36658493,0.3669853
dev-u0002878,1,1,0.29493162,0.42061797,0.2844504
dev-u0003038,2,1,0.2864356,0.39884222,0.31472218
dev-u0003039,2,1,0.26807377,0.42667678,0.30524945
dev-u0003040,1,1,0.28692466,0.39232352,0.3207518
dev-u0003041,2,1,0.26455393,0.41331655,0.32212955
dev-u0003042,1,1,0.26562297,0.42861003,0.3057669
dev-u0003292,1,1,0.28214887,0.43506917,0.2827819
dev-u0003292,1,2,0.324494,0.2765801,0.39892593
dev-u0003292,1,2,0.3212452,0.29944956,0.37930524
dev-u0003292,1,2,0.3235294,0.2634948,0.4129758
dev-u0003293,1,1,0.20470217,0.47973403,0.31556386
dev-u0003294,1,2,0.2953462,0.34131208,0.36334163
dev-u0003294,1,1,0.3169727,0.36299095,0.32003635
dev-u0003294,1,1,0.34453627,0.38983446,0.2656293
dev-u0003295,1,2,0.2636183,0.29854596,0.43783575
dev-u0003295,1,1,0.25652793,0.40093315,0.34253892
dev-u0003296,1,1,0.2771568,0.44060138,0.2822418
dev-u0003296,1,2,0.33491576,0.25995955,0.40512463
dev-u0003296,1,2,0.32825547,0.27858424,0.39316028
dev-u0003296,1,2,0.32494646,0.2648427,0.41021088
dev-u0003296,1,2,0.27073142,0.33210808,0.3971605
dev-u0003297,2,1,0.26756325,0.4325478,0.29988897
dev-u0003297,2,2,0.34062436,0.25488663,0.40448898
dev-u0003297,2,2,0.3110485,0.29538885,0.3935626
dev-u0003297,2,2,0.32689318,0.27036995,0.40273687
dev-u0003297,2,2,0.3523289,0.23781914,0.40985197
dev-u0003298,1,2,0.27326176,0.30488536,0.42185295
dev-u0003298,1,1,0.25215888,0.47116688,0.27667424
dev-u0003299,1,2,0.26637992,0.31357542,0.42004466
dev-u0003299,1,1,0.2458516,0.47004056,0.28410783
dev-u0003300,1,1,0.27753705,0.48017064,0.24229236
dev-u0003300,1,0,0.34289062,0.32546917,0.3316402
dev-u0003300,1,2,0.33998793,0.2375121,0.42249995
dev-u0003300,1,2,0.2801368,0.33769667,0.38216656
dev-u0003300,1,2,0.30462447,0.30550572,0.3898698
dev-u0003301,1,1,0.29260883,0.42632478,0.28106636
dev-u0003301,1,2,0.33596003,0.2863521,0.3776878
dev-u0003301,1,2,0.32976085,0.2642884,0.4059508
dev-u0003301,1,2,0.33786225,0.26942903,0.39270878
dev-u0003302,1,1,0.29124734,0.40832877,0.3004239
dev-u0003302,1,2,0.32778206,0.2638004,0.40841758
dev-u0003302,1,2,0.34720662,0.22316743,0.429626
dev-u0003302,1,2,0.32545003,0.30601743,0.3685326
dev-u0003302,1,2,0.3014498,0.31355453,0.3849957
dev-u0003303,2,1,0.29056805,0.45741323,0.25201875
dev-u0003303,2,2,0.3366882,0.26351273,0.39979908
dev-u0003303,2,2,0.32967186,0.25448596,0.41584218
dev-u0003303,2,2,0.31523773,0.27297792,0.41178435
dev-u0003303,2,2,0.30317178,0.30323815,0.39359003
dev-u0003304,2,1,0.28826624,0.43721715,0.27451664
dev-u0003304,2,2,0.3269368,0.305166,0.36789727
dev-u0003304,2,2,0.33099145,0.25788316,0.4111254
dev-u0003305,0,1,0.2666276,0.4577254,0.275647
dev-u0003305,0,2,0.3187078,0.28274044,0.3985517
dev-u0003306,2,1,0.28817698,0.44060248,0.27122048
dev-u0003306,2,2,0.30567133,0.32165253,0.3726761
dev-u0003306,2,2,0.32417294,0.25181574,0.4240113
dev-u0003307,2,1,0.24863026,0.49294195,0.2584277
dev-u0003307,2,0,0.35960138,0.32426122,0.31613746
dev-u0003308,2,1,0.2808679,0.40428674,0.3148453
dev-u0003308,2,2,0.33337137,0.30559424,0.36103445
dev-u0003308,2,2,0.33128196,0.25509498,0.41362303
dev-u0003308,2,2,0.31513968,0.29201314,0.39284718
dev-u0003308,2,2,0.28180397,0.3343263,0.3838697
dev-u0003308,2,2,0.32435742,0.27898252,0.39666006
dev-u0003309,2,1,0.2587057,0.418035,0.32325932
dev-u0003309,2,2,0.33569786,0.2500706,0.41423145
dev-u0003309,2,2,0.32403332,0.2742861,0.40168062
dev-u0003309,2,2,0.3426549,0.2639451,0.39339995
dev-u0003309,2,2,0.27704218,0.33610904,0.38684875
dev-u0003310,2,1,0.28157985,0.40603006,0.31239012
dev-u0003310,2,0,0.49347627,0.27885348,0.2276703
dev-u0003310,2,2,0.31271985,0.30314034,0.3841398
dev-u0003310,2,2,0.3123418,0.31188023,0.37577793
dev-u0003310,2,2,0.3101637,0.32530054,0.36453584
dev-u0003311,2,1,0.30045515,0.41382563,0.28571925
dev-u0003311,2,2,0.34322262,0.24440476,0.41237256
dev-u0003311,2,2,0.32609063,0.27838653,0.39552277
dev-u0003311,2,2,0.31813252,0.3262563,0.35561115
dev-u0003312,2,1,0.27186558,0.42322165,0.30491272
dev-u0003312,2,2,0.32157722,0.2822715,0.39615133
dev-u0003312,2,2,0.32782838,0.25594035,0.41623133
dev-u0003312,2,2,0.33951798,0.26690897,0.39357305
dev-u0003312,2,2,0.31123814,0.3111294,0.37763253
dev-u0003313,1,1,0.29776108,0.38578126,0.31645766
dev-u0003313,1,2,0.34254584,0.24825615,0.409198
dev-u0003313,1,2,0.33550388,0.25883597,0.4056601
dev-u0003313,1,2,0.34199566,0.30654937,0.351455
dev-u0003313,1,2,0.33991325,0.28154722,0.37853953
dev-u0003314,1,0,0.39076215,0.311832,0.29740587
dev-u0003314,1,1,0.31098384,0.37881038,0.31020576
dev-u0003314,1,2,0.318563,0.30469477,0.37674218
dev-u0003314,1,2,0.32188055,0.32312572,0.35499376
dev-u0003315,2,2,0.25307247,0.35782197,0.3891056
dev-u0003316,1,1,0.25545663,0.3951763,0.34936708
dev-u0003317,2,1,0.27656728,0.40449312,0.3189396
dev-u0003318,1,1,0.25943786,0.43035263,0.31020954
dev-u0003319,1,0,0.3659416,0.28660625,0.34745207
dev-u0003319,1,2,0.28944564,0.34583855,0.3647158
dev-u0003319,1,2,0.34520075,0.25226462,0.40253457
dev-u0003319,1,0,0.35217604,0.33142367,0.31640023
dev-u0003320,1,0,0.39717126,0.27365935,0.32916942
dev-u0003320,1,2,0.3192552,0.3276745,0.35307032
dev-u0003320,1,1,0.29971054,0.41015446,0.29013503
dev-u0003320,1,2,0.33645588,0.2866575,0.3768866
dev-u0003321,1,1,0.30902368,0.36951053,0.3214658
dev-u0003321,1,1,0.2575997,0.37512735,0.36727297
dev-u0003322,1,1,0.2549075,0.4191564,0.3259361
dev-u0003322,1,1,0.28392044,0.38195992,0.3341197
dev-u0003323,1,1,0.2726164,0.4181853,0.30919823
dev-u0003324,1,1,0.25308493,0.44769967,0.29921538
dev-u0003325,1,1,0.30353874,0.38617885,0.31028238
dev-u0003326,1,0,0.38252458,0.3308098,0.28666556
dev-u0003326,1,1,0.3406749,0.3514935,0.3078315
dev-u0003326,1,2,0.31011412,0.30839494,0.38149098
dev-u0003590,1,1,0.24713607,0.41834626,0.3345177
dev-u0003591,1,1,0.23995209,0.42224637,0.33780155
dev-u0003592,2,2,0.24128717,0.28492123,0.47379154
dev-u0003593,1,1,0.2946424,0.3788102,0.32654744
dev-u0003594,1,1,0.32253668,0.3436188,0.33384448
dev-u0003595,1,1,0.29052702,0.40794215,0.30153087
dev-u0003596,2,2,0.26012072,0.29208255,0.4477967
dev-u0003607,1,1,0.2326406,0.44458586,0.32277346
dev-u0003608,1,1,0.2739817,0.50200313,0.22401522
dev-u0003608,1,2,0.29801625,0.30370075,0.39828297
dev-u0003609,2,1,0.2455264,0.4248942,0.32957938
dev-u0003610,2,1,0.25090593,0.50475657,0.24433751
dev-u0003610,2,1,0.25917464,0.3961939,0.3446314
dev-u0003611,1,1,0.27802864,0.3868631,0.33510825
dev-u0003612,2,1,0.28592935,0.40579903,0.30827156
dev-u0003613,2,1,0.2554071,0.41665816,0.32793477
dev-u0003614,0,2,0.22358824,0.38668475,0.38972697
dev-u0003615,2,1,0.19841349,0.45400527,0.34758124
dev-u0003616,0,1,0.2077172,0.46020907,0.33207372
dev-u0003657,1,1,0.22529458,0.4883848,0.2863206
dev-u0003657,1,2,0.22589427,0.36994997,0.40415573
dev-u0003658,1,2,0.21857873,0.379693,0.40172833
dev-u0003658,1,1,0.2873299,0.41945997,0.29321012
dev-u0003659,1,1,0.246636,0.4231699,0.33019412
dev-u0003659,1,1,0.29665428,0.3913906,0.31195515
dev-u0003660,1,2,0.22166057,0.36216423,0.41617522
dev-u0003661,0,2,0.2875923,0.3033149,0.40909284
dev-u0003662,1,2,0.32652453,0.33459267,0.3388828
dev-u0003662,1,0,0.40215755,0.24493977,0.35290268
dev-u0003663,1,2,0.2606873,0.34881294,0.39049977
dev-u0003663,1,1,0.31886268,0.41088188,0.27025545
dev-u0003663,1,1,0.24337535,0.4108116,0.345813
dev-u0003664,2,2,0.36976242,0.23526108,0.39497653
dev-u0003664,2,1,0.2871658,0.42268732,0.29014686
dev-u0003665,0,2,0.33114928,0.25059855,0.41825217
dev-u0003665,0,1,0.275324,0.46626142,0.2584146
dev-u0003666,2,1,0.29365492,0.38058892,0.32575625
dev-u0003666,2,1,0.3117507,0.42104182,0.26720747
dev-u0003667,1,1,0.32094344,0.37075517,0.3083014
dev-u0003668,0,2,0.32634512,0.29483747,0.3788174
dev-u0003668,0,0,0.3623056,0.29739952,0.34029493
dev-u0003669,2,1,0.28117034,0.40507543,0.3137543
dev-u0004038,0,1,0.32640854,0.36640185,0.30718958
dev-u0004038,0,0,0.39840645,0.30299556,0.29859796
dev-u0004038,0,2,0.32096502,0.3236196,0.3554154
dev-u0004038,0,0,0.43632263,0.2757556,0.2879218
dev-u0004038,0,0,0.38853362,0.31843418,0.29303217
dev-u0004039,2,1,0.32640854,0.36640185,0.30718958
dev-u0004039,2,0,0.39840645,0.30299556,0.29859796
dev-u0004039,2,2,0.32096502,0.3236196,0.3554154
dev-u0004039,2,0,0.43632263,0.2757556,0.2879218
dev-u0004039,2,0,0.38853362,0.31843418,0.29303217
dev-u0004040,2,0,0.4577749,0.31577158,0.22645353
dev-u0004040,2,0,0.5025559,0.2976242,0.19981992
dev-u0004040,2,0,0.43368968,0.31609747,0.25021285
dev-u0004040,2,0,0.45791695,0.24317683,0.2989062
dev-u0004040,2,0,0.3666583,0.32471606,0.30862573
dev-u0004041,2,0,0.42606196,0.25107664,0.32286134
dev-u0004041,2,2,0.27509755,0.3161569,0.4087456
dev-u0004041,2,0,0.45791298,0.28718063,0.25490636
dev-u0004043,1,1,0.29435375,0.38769558,0.31795064
dev-u0004044,1,1,0.26455152,0.40934145,0.32610703
dev-u0004044,1,2,0.26526618,0.34738338,0.38735044
dev-u0004045,1,1,0.33001724,0.38149202,0.28849074
dev-u0004046,1,1,0.27383292,0.39959615,0.32657093
dev-u0004047,2,0,0.36761734,0.30542082,0.32696185
dev-u0004047,2,2,0.36028525,0.27282524,0.36688948
dev-u0004047,2,1,0.32012403,0.37259406,0.30728188
dev-u0004048,1,1,0.27306488,0.48138934,0.2455458
dev-u0004049,0,1,0.33338365,0.40131745,0.26529887
dev-u0004050,1,1,0.32320035,0.39238092,0.2844188
dev-u0004050,1,1,0.2537896,0.43640703,0.3098034
dev-u0004064,2,0,0.37800053,0.35405675,0.26794276
dev-u0004065,1,0,0.3837243,0.37803155,0.23824412
dev-u0004066,1,1,0.36285597,0.38854042,0.24860354
dev-u0004067,1,0,0.3713096,0.33471602,0.29397437
dev-u0004067,1,1,0.34852865,0.37669826,0.2747731
dev-u0004067,1,1,0.3358774,0.3711581,0.29296455
dev-u0004071,1,1,0.33999884,0.3705748,0.2894263
dev-u0004072,2,1,0.39399296,0.39535484,0.2106522
dev-u0004073,2,0,0.3587719,0.34731284,0.2939152
dev-u0004074,1,0,0.39335123,0.21330445,0.39334443
dev-u0004074,1,1,0.3020122,0.3908781,0.30710965
dev-u0004075,0,0,0.36729574,0.288911,0.34379324
dev-u0004075,0,2,0.31370577,0.31369746,0.37259674
dev-u0004076,2,0,0.4384446,0.21699928,0.34455615
dev-u0004077,2,0,0.42457235,0.24097289,0.33445475
dev-u0004078,2,0,0.35767603,0.3069739,0.33535013
dev-u0004078,2,1,0.3274606,0.33739746,0.3351419
dev-u0004078,2,1,0.30362606,0.40219456,0.29417938
dev-u0004079,2,0,0.3564621,0.32170513,0.32183278
dev-u0004079,2,2,0.36318955,0.25421658,0.38259384
dev-u0004081,0,0,0.3785367,0.37444597,0.24701732
dev-u0004081,0,0,0.4615193,0.29229635,0.24618438
dev-u0004082,0,2,0.32692996,0.3073861,0.36568394
dev-u0004082,0,2,0.35226637,0.24178141,0.40595222
dev-u0004084,2,0,0.43347847,0.35101485,0.21550661
dev-u0004084,2,0,0.5132093,0.29055604,0.19623464
dev-u0004085,2,0,0.39734516,0.30450934,0.29814547
dev-u0004085,2,0,0.43082646,0.21440165,0.35477188
dev-u0004105,2,1,0.34102508,0.3728631,0.2861118
dev-u0004106,0,1,0.3552702,0.37667775,0.2680521
dev-u0004108,2,0,0.38042736,0.3575668,0.26200587
dev-u0004109,2,1,0.3623368,0.43008232,0.20758085
dev-u0004217,1,1,0.28983325,0.4233405,0.28682622
dev-u0004218,0,2,0.22286043,0.37600127,0.40113825
dev-u0004219,1,2,0.21963558,0.3522547,0.42810982
dev-u0004220,1,1,0.24261868,0.41908616,0.33829513
dev-u0004221,0,1,0.2844955,0.41183218,0.30367237
dev-u0004222,0,2,0.33903185,0.2707687,0.39019942
dev-u0004263,1,0,0.388741,0.30170846,0.3095506
dev-u0004263,1,1,0.30466074,0.35672015,0.3386191
dev-u0004265,2,1,0.31077588,0.37182784,0.31739622
dev-u0004266,1,2,0.33107528,0.29016605,0.3787586
dev-u0004266,1,2,0.29136214,0.3188398,0.3897981
dev-u0004267,2,1,0.26914713,0.41710687,0.31374595
dev-u0004268,1,1,0.28659272,0.39888972,0.3145176
dev-u0004269,0,1,0.3499808,0.3950096,0.2550096
dev-u0004270,2,2,0.34088457,0.2919705,0.3671449
dev-u0004270,2,1,0.29945776,0.3548536,0.34568867
dev-u0004271,2,2,0.25296494,0.34695813,0.40007696
dev-u0004291,1,1,0.32930505,0.38637927,0.2843157
dev-u0004292,1,1,0.26945212,0.37879795,0.35174987
dev-u0004292,1,2,0.35355735,0.262605,0.38383767
dev-u0004292,1,2,0.32096824,0.3092658,0.36976588
dev-u0004293,1,2,0.29769218,0.2642458,0.438062
dev-u0004293,1,1,0.30130532,0.35541174,0.3432829
dev-u0004293,1,2,0.30845836,0.30791923,0.38362235
dev-u0004294,2,2,0.28614834,0.3234249,0.3904268
dev-u0004294,2,2,0.30970097,0.3443477,0.34595138
dev-u0004295,1,1,0.32097945,0.40834236,0.27067816
dev-u0004296,2,1,0.32506758,0.37914872,0.29578364
dev-u0004297,1,1,0.24480408,0.45064098,0.30455488
dev-u0004298,2,0,0.37132803,0.27588004,0.35279197
dev-u0004298,2,0,0.3777255,0.26947722,0.35279724
dev-u0004298,2,2,0.30837852,0.33219522,0.3594262
dev-u0004299,2,1,0.2953317,0.39518717,0.30948114
dev-u0004300,2,1,0.3022594,0.40135732,0.2963833
dev-u0004301,1,2,0.3153826,0.28729787,0.39731956
dev-u0004302,1,1,0.29540798,0.3801108,0.32448128
dev-u0004303,1,1,0.32882518,0.40791208,0.26326278
dev-u0004304,1,1,0.31430948,0.34825155,0.33743894
dev-u0004304,1,2,0.3231944,0.30694675,0.36985886
dev-u0004304,1,2,0.34046385,0.2832524,0.3762838
dev-u0004305,1,1,0.26472104,0.42094862,0.31433028
dev-u0004306,1,1,0.30910528,0.3772241,0.31367067
dev-u0004307,1,2,0.30917335,0.33361915,0.35720754
dev-u0004308,0,1,0.28372517,0.3841462,0.33212855
dev-u0004308,0,1,0.29525658,0.3799453,0.3247981
dev-u0004355,0,2,0.2496868,0.36333367,0.38697952
dev-u0004356,2,2,0.33125192,0.27903554,0.3897125
dev-u0004356,2,0,0.38713676,0.33404994,0.27881333
dev-u0004356,2,2,0.2994283,0.33719665,0.36337504
dev-u0004357,2,1,0.2676246,0.45911732,0.27325806
dev-u0004358,0,1,0.27797,0.44258377,0.27944624
dev-u0004359,2,1,0.2651707,0.42951992,0.3053094
dev-u0004405,1,0,0.40453026,0.31827706,0.27719265
dev-u0004407,1,0,0.39163542,0.37260857,0.23575605
dev-u0004408,1,1,0.34681168,0.3502357,0.30295262
dev-u0004408,1,1,0.34286928,0.36741278,0.28971797
dev-u0004409,1,0,0.3632984,0.3480335,0.2886681
dev-u0004410,2,2,0.32399324,0.3112995,0.36470732
dev-u0004412,1,0,0.42367727,0.3074926,0.26883015
dev-u0004412,1,1,0.31810886,0.43295586,0.24893524
dev-u0004413,1,1,0.30081812,0.41691855,0.28226328
dev-u0004414,0,0,0.40885425,0.32349798,0.26764783
dev-u0004414,0,0,0.3728271,0.32275558,0.3044173
dev-u0004415,2,1,0.32920974,0.4345684,0.23622179
dev-u0004416,2,1,0.33288845,0.4333126,0.23379895
dev-u0004418,1,1,0.3418001,0.37038672,0.2878132
dev-u0004419,0,1,0.33782905,0.392231,0.26993996
dev-u0004420,0,0,0.41933236,0.253881,0.3267866
dev-u0004422,1,1,0.3439349,0.39076287,0.2653022
dev-u0004423,1,1,0.3423814,0.40114394,0.25647473
dev-u0004424,2,1,0.34855682,0.40990755,0.24153562
dev-u0004425,0,1,0.33603558,0.3864856,0.2774788
dev-u0004426,2,1,0.32132277,0.35617277,0.32250443
dev-u0004426,2,0,0.4757272,0.31994107,0.20433173
dev-u0004427,1,1,0.29968414,0.4033446,0.29697117
dev-u0004428,2,0,0.3781175,0.3738409,0.24804156
dev-u0004428,2,1,0.32548118,0.37514278,0.299376
dev-u0004429,1,1,0.35967964,0.36468637,0.275634
dev-u0004429,1,0,0.39299813,0.330341,0.2766608
dev-u0004429,1,1,0.32563487,0.41872093,0.25564426
dev-u0004457,2,1,0.29660022,0.44258326,0.2608165
dev-u0004457,2,1,0.2800077,0.47966063,0.2403316
dev-u0004457,2,1,0.3019987,0.43000042,0.26800096
dev-u0004457,2,1,0.31401357,0.43251452,0.2534719
dev-u0004457,2,0,0.35247985,0.34340432,0.30411583
dev-u0004458,0,0,0.50314575,0.29762477,0.1992295
dev-u0004460,1,0,0.396725,0.29083794,0.3124371
dev-u0004461,1,0,0.39898813,0.32149348,0.2795184
dev-u0004466,1,0,0.4093782,0.25571954,0.33490223
dev-u0004467,1,1,0.3456829,0.3669446,0.28737253
dev-u0004468,1,0,0.3902054,0.34967574,0.2601188
dev-u0004469,1,1,0.32066038,0.35293165,0.326408
dev-u0004470,0,0,0.40548727,0.30440298,0.29010978
dev-u0004600,0,0,0.4081576,0.26085854,0.33098394
dev-u0004601,1,0,0.39214635,0.2785967,0.32925698
dev-u0004602,2,0,0.39989793,0.2890369,0.31106517
dev-u0004602,2,0,0.43049788,0.38428992,0.18521214
dev-u0004603,1,0,0.4229199,0.30992624,0.26715383
dev-u0004604,0,0,0.40450272,0.33287805,0.26261923
dev-u0004607,2,0,0.400748,0.3454498,0.25380218
dev-u0004607,2,1,0.34281075,0.35686213,0.30032712
dev-u0004608,1,1,0.3495612,0.38888592,0.26155287
dev-u0004609,1,1,0.3733107,0.38659874,0.24009053
dev-u0004610,1,0,0.38844827,0.3631507,0.24840105
dev-u0004611,1,1,0.3577583,0.41706026,0.2251815
dev-u0004612,2,1,0.33985898,0.41500956,0.24513142
dev-u0004613,1,1,0.32781723,0.43566763,0.23651512
dev-u0004613,1,1,0.2850904,0.460483,0.25442663
dev-u0004615,1,1,0.3588894,0.42846912,0.21264148
dev-u0004615,1,1,0.32885727,0.39897373,0.272169
dev-u0004616,0,0,0.35966027,0.3382087,0.30213106
dev-u0004616,0,1,0.38420802,0.40747982,0.20831206
dev-u0004616,0,0,0.35374993,0.31009293,0.3361571
dev-u0004618,2,0,0.44705415,0.33224604,0.22069977
dev-u0004618,2,0,0.35945985,0.30506724,0.33547288
dev-u0004618,2,0,0.38628757,0.32631123,0.28740117
dev-u0004773,1,1,0.36406407,0.3693603,0.26657566
dev-u0004774,1,0,0.37252083,0.32511285,0.30236632
dev-u0004774,1,0,0.37340742,0.27063394,0.35595867
dev-u0004775,2,0,0.38901812,0.31655952,0.2944223
dev-u0004775,2,2,0.36313814,0.2662518,0.37061012
dev-u0004779,1,0,0.3701632,0.31081417,0.31902263
dev-u0004781,1,1,0.32171473,0.36566758,0.31261772
dev-u0004782,1,0,0.4476515,0.28519523,0.2671533
dev-u0004783,1,0,0.4476515,0.28519523,0.2671533
dev-u0004784,1,0,0.43333247,0.2423692,0.32429826
dev-u0004784,1,0,0.40062973,0.29466873,0.3047015
dev-u0004784,1,0,0.3808762,0.29155764,0.32756615
dev-u0004785,2,0,0.47851408,0.2949746,0.22651143
dev-u0004786,1,1,0.32272333,0.36488956,0.31238717
dev-u0004787,2,1,0.34593433,0.36375123,0.29031444
dev-u0004788,1,1,0.32308695,0.36149493,0.3154181
dev-u0004789,2,1,0.32308695,0.36149493,0.3154181
dev-u0004790,1,0,0.39511022,0.2986786,0.30621117
dev-u0004791,0,0,0.39511022,0.2986786,0.30621117
dev-u0005004,0,1,0.26919088,0.39546654,0.3353425
dev-u0005005,2,1,0.28106037,0.42283633,0.2961033
dev-u0005006,1,1,0.28659603,0.36043158,0.35297242
dev-u0005007,1,1,0.31199676,0.35814586,0.32985738
dev-u0005008,1,2,0.31200904,0.27343383,0.41455707
dev-u0005008,1,2,0.34234276,0.28002173,0.3776355
dev-u0005009,1,2,0.342083,0.31251478,0.34540227
dev-u0005010,1,1,0.25416818,0.4148164,0.33101538
dev-u0005011,0,0,0.38042903,0.3691189,0.25045204
dev-u0005012,2,0,0.38748693,0.27765685,0.33485618
dev-u0005013,0,0,0.36779165,0.29379687,0.33841148
dev-u0005014,2,1,0.34522077,0.35194668,0.3028326
dev-u0005015,1,0,0.33668533,0.32757375,0.33574095
dev-u0005016,2,1,0.33085287,0.45841578,0.2107314
dev-u0005017,2,1,0.34359595,0.4021239,0.25428012
test-u0000124,0,2,0.30197367,0.34898996,0.34903634
test-u0000125,0,1,0.29243845,0.45225233,0.25530916
test-u0000126,0,1,0.29550746,0.4205215,0.2839711
test-u0000127,0,0,0.42643806,0.34178033,0.23178162
test-u0000128,2,1,0.34791234,0.41884702,0.23324066
test-u0000129,0,1,0.2879934,0.41624036,0.29576614
test-u0000130,2,0,0.39768028,0.3677325,0.23458724
test-u0000131,1,1,0.32740554,0.40500835,0.26758614
test-u0000132,1,0,0.3820657,0.37632424,0.24161008
test-u0000247,1,1,0.34806946,0.35501465,0.2969159
test-u0000248,1,1,0.27711982,0.4684222,0.25445795
test-u0000249,1,1,0.2813688,0.45333505,0.26529613
test-u0000250,1,1,0.30734286,0.43005684,0.2626003
test-u0000251,1,1,0.2950454,0.3900803,0.31487435
test-u0000252,1,1,0.29248375,0.3760352,0.33148104
test-u0000253,1,1,0.27977577,0.3891613,0.331063
test-u0000254,1,1,0.3389097,0.36735496,0.29373527
test-u0000255,2,1,0.29813367,0.44563514,0.25623116
test-u0000256,2,1,0.30395773,0.38265502,0.31338722
test-u0000257,2,1,0.28724992,0.3924099,0.32034028
test-u0000257,2,1,0.39202788,0.40174583,0.20622626
test-u0000258,2,0,0.41081905,0.3152781,0.27390286
test-u0000258,2,1,0.34012595,0.34651488,0.31335917
test-u0000259,2,0,0.3583741,0.33688357,0.30474234
test-u0000261,2,1,0.23693934,0.42901406,0.33404663
test-u0000262,0,2,0.21438523,0.3617317,0.42388305
test-u0000265,2,1,0.23905061,0.39542693,0.3655225
test-u0000266,2,2,0.27688184,0.36106786,0.3620503
test-u0000270,1,1,0.29439592,0.3936981,0.31190598
test-u0000397,0,0,0.48247147,0.16750254,0.350026
test-u0000400,2,0,0.42441854,0.33636677,0.23921463
test-u0000401,2,1,0.35154977,0.37017298,0.27827722
test-u0000430,0,1,0.3075977,0.3719793,0.320423
test-u0000430,0,0,0.45459056,0.29395732,0.2514521
test-u0000432,1,2,0.33149993,0.328486,0.340014
test-u0000433,0,2,0.3031248,0.3456367,0.35123855
test-u0000435,1,0,0.35513407,0.32989272,0.31497312
test-u0000435,1,1,0.31309673,0.34682125,0.340082
test-u0000436,0,0,0.40064824,0.31090873,0.28844297
test-u0000438,1,1,0.32907417,0.36071062,0.31021523
test-u0000439,1,1,0.3523842,0.3626009,0.28501487
test-u0000440,1,2,0.42835677,0.067143135,0.5045001
test-u0000441,1,0,0.37198544,0.35947508,0.2685395
test-u0000442,2,0,0.3987632,0.32005563,0.2811811
test-u0000447,1,0,0.44900376,0.29769248,0.2533038
test-u0000447,1,0,0.42954165,0.33278763,0.2376707
test-u0000449,0,0,0.36444446,0.34439182,0.29116368
test-u0000450,1,0,0.44680065,0.27297327,0.28022605
test-u0000451,1,0,0.38961363,0.31197605,0.29841033
test-u0000452,0,0,0.3640042,0.32767943,0.30831635
test-u0000453,1,0,0.37205943,0.33769122,0.2902494
test-u0000455,2,0,0.432741,0.3524156,0.21484347
test-u0000456,1,0,0.46648887,0.33501488,0.19849622
test-u0000457,0,0,0.41154063,0.31471872,0.27374065
test-u0000457,0,0,0.3948762,0.32393792,0.2811859
test-u0000461,0,0,0.38740245,0.24472918,0.36786836
test-u0000461,0,0,0.40156618,0.25222927,0.34620452
test-u0000461,0,0,0.44889247,0.17328975,0.37781778
test-u0000462,0,0,0.46717545,0.1752582,0.35756636
test-u0000543,2,0,0.37598124,0.36020777,0.26381096
test-u0000543,2,2,0.30914074,0.28618786,0.4046714
test-u0000544,1,2,0.32759058,0.33334473,0.3390647
test-u0000545,0,0,0.44761884,0.3204512,0.2319299
test-u0000546,1,1,0.30655947,0.35372397,0.33971655
test-u0000547,0,1,0.30221888,0.3818006,0.31598055
test-u0000548,0,1,0.33608645,0.40791798,0.2559956
test-u0000548,0,0,0.37740785,0.24926096,0.37333122
test-u0000601,2,1,0.3383389,0.33910343,0.32255757
test-u0000603,0,2,0.33675167,0.31457984,0.34866855
test-u0000603,0,2,0.29280752,0.34684682,0.36034566
test-u0000604,1,0,0.38657796,0.35599732,0.25742474
test-u0000604,1,0,0.412236,0.31919187,0.2685721
test-u0000605,1,0,0.35650912,0.33834574,0.30514523
test-u0000605,1,0,0.4184987,0.3226759,0.25882536
test-u0000605,1,1,0.32195687,0.40714714,0.27089602
test-u0000605,1,0,0.47228628,0.28507283,0.24264097
test-u0000606,1,1,0.328794,0.33941948,0.33178648
test-u0000606,1,0,0.46471378,0.2603122,0.27497402
test-u0000606,1,1,0.31934664,0.38309175,0.29756165
test-u0000607,0,0,0.40459785,0.32777765,0.26762453
test-u0000608,0,0,0.37959737,0.3406327,0.27976996
test-u0000631,2,2,0.34093744,0.3051511,0.3539115
test-u0000631,2,2,0.3398823,0.28770712,0.37241063
test-u0000633,2,1,0.27765542,0.4146547,0.30768988
test-u0000634,0,1,0.31463864,0.35998437,0.32537702
test-u0000635,2,1,0.29056427,0.42458117,0.28485453
test-u0000636,1,0,0.37160912,0.29032642,0.33806446
test-u0000636,1,1,0.32498616,0.42200395,0.25300995
test-u0000636,1,0,0.37393576,0.36136428,0.26469997
test-u0000636,1,0,0.36636695,0.35848644,0.27514663
test-u0000637,1,1,0.3459296,0.3468915,0.30717888
test-u0000638,0,0,0.36301276,0.3014715,0.33551577
test-u0000638,0,1,0.27507308,0.36550757,0.35941938
test-u0000639,2,0,0.3731666,0.29626548,0.3305679
test-u0000639,2,2,0.33544108,0.30484724,0.35971165
test-u0000639,2,0,0.46791568,0.27665672,0.25542763
test-u0000640,0,0,0.39172283,0.34551877,0.26275837
test-u0000641,0,1,0.31658223,0.36372212,0.31969565
test-u0000641,0,2,0.33978763,0.2872469,0.37296543
test-u0000641,0,2,0.32325482,0.27821228,0.39853293
test-u0000642,1,2,0.31380045,0.32122087,0.36497864
test-u0000642,1,0,0.3752269,0.33990157,0.28487152
test-u0000642,1,1,0.3186166,0.34950653,0.3318769
test-u0000642,1,1,0.32196718,0.34239125,0.33564156
test-u0000643,2,1,0.2832175,0.37435514,0.34242734
test-u0000643,2,0,0.35327232,0.31949112,0.32723662
test-u0000643,2,1,0.29273835,0.3623893,0.34487233
test-u0000643,2,0,0.38903278,0.35569775,0.2552694
test-u0000644,2,1,0.2832175,0.37435514,0.34242734
test-u0000644,2,0,0.35327232,0.31949112,0.32723662
test-u0000644,2,1,0.29273835,0.3623893,0.34487233
test-u0000644,2,0,0.38903278,0.35569775,0.2552694
test-u0000645,2,1,0.3265773,0.37563416,0.2977886
test-u0000647,1,0,0.36647236,0.33899248,0.29453516
test-u0000648,1,1,0.28712574,0.4337954,0.27907884
test-u0000649,2,1,0.28712574,0.4337954,0.27907884
test-u0000731,0,1,0.28207862,0.4302709,0.28765044
test-u0000733,0,2,0.28803208,0.3420555,0.3699124
test-u0000734,0,2,0.29914337,0.31237337,0.3884833
test-u0000735,1,0,0.44596136,0.29990014,0.25413856
test-u0000736,1,0,0.3744999,0.30835655,0.31714353
test-u0000737,1,2,0.34836337,0.2739964,0.37764025
test-u0000737,1,1,0.321269,0.43747082,0.24126014
test-u0000745,0,0,0.35434297,0.3052692,0.3403878
test-u0000746,0,0,0.37216857,0.25853065,0.36930075
test-u0000748,0,2,0.3529973,0.27420527,0.37279743
test-u0000749,0,0,0.34646782,0.33503237,0.3184998
test-u0000750,2,2,0.29083517,0.35340986,0.355755
test-u0000751,2,1,0.29892373,0.3560044,0.3450719
test-u0000752,0,0,0.34357846,0.32726678,0.3291548
test-u0000753,0,2,0.2939369,0.31444508,0.39161804
test-u0000754,0,0,0.3565925,0.31973374,0.32367378
test-u0000755,0,2,0.29615816,0.3191071,0.38473475
test-u0000756,0,2,0.34485567,0.30786952,0.34727478
test-u0000757,0,1,0.31984535,0.34276757,0.3373871
test-u0000758,0,0,0.35240853,0.31685117,0.33074024
test-u0000759,0,1,0.30568606,0.35266766,0.34164628
test-u0000760,0,2,0.28579813,0.34702703,0.36717477
test-u0000761,0,2,0.284793,0.31303415,0.4021729
test-u0000762,1,2,0.2832206,0.31968322,0.39709613
test-u0000763,0,2,0.28802046,0.33171806,0.38026157
test-u0000764,1,1,0.322843,0.36800286,0.30915415
test-u0000823,1,1,0.2899811,0.39499238,0.31502655
test-u0000823,1,1,0.32270443,0.38946792,0.28782764
test-u0000823,1,1,0.31345943,0.41422516,0.2723154
test-u0000823,1,1,0.33392552,0.3849547,0.28111967
test-u0000824,0,1,0.2900865,0.42343244,0.2864811
test-u0000824,0,1,0.31391108,0.41592494,0.27016398
test-u0000824,0,1,0.33969843,0.40641576,0.25388584
test-u0000826,1,2,0.33447447,0.32647675,0.3390487
test-u0000870,0,0,0.37274235,0.265716,0.36154163
test-u0000870,0,2,0.38621777,0.21875072,0.3950315
test-u0000871,0,1,0.31620017,0.3885802,0.29521966
test-u0000872,0,0,0.3775643,0.29534456,0.32709116
test-u0000873,0,0,0.38593993,0.2722526,0.34180748
test-u0000873,0,0,0.45638147,0.29246733,0.25115126
test-u0000874,0,0,0.36165485,0.3048094,0.33353576
test-u0000874,0,0,0.3838151,0.2783878,0.33779705
test-u0000874,0,0,0.39262918,0.25837928,0.34899154
test-u0000875,1,0,0.35591146,0.305737,0.33835152
test-u0000876,0,2,0.35559928,0.276025,0.36837575
test-u0000876,0,0,0.40686932,0.2536567,0.339474
test-u0000876,0,0,0.3878621,0.2720989,0.34003907
test-u0000877,0,0,0.36540046,0.2865754,0.34802416
test-u0000878,0,0,0.3893316,0.2815151,0.32915336
test-u0000878,0,2,0.3578652,0.26487717,0.37725762
test-u0000878,0,2,0.3215789,0.29999137,0.37842974
test-u0000880,0,0,0.4035611,0.24452724,0.35191175
test-u0000896,2,2,0.29850188,0.34892792,0.35257012
test-u0000896,2,2,0.29685202,0.33438587,0.36876208
test-u0000896,2,2,0.25881657,0.36269477,0.37848866
test-u0000897,1,1,0.31645957,0.39763248,0.28590798
test-u0000897,1,2,0.28905904,0.343761,0.36718
test-u0000897,1,1,0.25325343,0.3980382,0.34870842
test-u0000897,1,1,0.24050346,0.40102732,0.3584692
test-u0000898,2,0,0.35195962,0.32338774,0.32465267
test-u0000898,2,2,0.39293766,0.13584873,0.47121367
test-u0000899,2,0,0.39724234,0.34422064,0.25853702
test-u0000899,2,2,0.2822206,0.35438722,0.36339214
test-u0000899,2,2,0.3029582,0.31033218,0.38670963
test-u0000899,2,1,0.28061092,0.38002485,0.3393642
test-u0000899,2,2,0.31353512,0.3308009,0.355664
test-u0000899,2,2,0.31486487,0.32096013,0.36417493
test-u0000899,2,2,0.29862082,0.34617648,0.35520265
test-u0000899,2,1,0.27254358,0.36863267,0.35882375
test-u0000899,2,2,0.3301594,0.31063357,0.35920697
test-u0000899,2,1,0.30347958,0.3513281,0.34519225
test-u0000901,2,1,0.31749055,0.41308206,0.26942736
test-u0000901,2,2,0.3021415,0.32602036,0.37183812
test-u0000901,2,1,0.35583037,0.37265858,0.27151105
test-u0000901,2,1,0.2921659,0.37754923,0.33028486
test-u0000901,2,1,0.21223451,0.45362693,0.33413857
test-u0000901,2,1,0.29780638,0.37326992,0.3289237
test-u0000901,2,2,0.27556607,0.34172577,0.38270813
test-u0000901,2,1,0.31450877,0.37682012,0.30867106
test-u0000901,2,2,0.30512363,0.34534565,0.3495307
test-u0000901,2,1,0.3223632,0.39363295,0.28400385
test-u0000901,2,2,0.29766217,0.300868,0.4014698
test-u0000901,2,1,0.2823178,0.41482666,0.30285552
test-u0000901,2,1,0.2988659,0.39416075,0.30697337
test-u0000902,2,1,0.26755017,0.3788792,0.35357067
test-u0000903,2,1,0.28401774,0.45928702,0.25669524
test-u0000903,2,0,0.3756915,0.35280067,0.27150783
test-u0000903,2,2,0.26626995,0.3343662,0.39936382
test-u0000903,2,1,0.27896792,0.36834118,0.3526909
test-u0000903,2,2,0.29052284,0.29297128,0.4165059
test-u0000903,2,2,0.31072065,0.3109857,0.3782936
test-u0000904,2,0,0.35245028,0.32209626,0.32545346
test-u0000904,2,1,0.3311817,0.33930817,0.32951012
test-u0000905,2,1,0.31361637,0.3439301,0.34245348
test-u0000905,2,0,0.34361637,0.34212407,0.3142596
test-u0000905,2,2,0.26702774,0.36518714,0.36778513
test-u0000905,2,2,0.29043004,0.3187355,0.39083445
test-u0000905,2,2,0.33127224,0.30189732,0.3668304
test-u0000905,2,1,0.2799385,0.37910733,0.3409542
test-u0000905,2,2,0.27164152,0.36056456,0.36779395
test-u0000905,2,2,0.25488755,0.3589711,0.3861413
test-u0000906,2,1,0.31164065,0.3572477,0.33111167
test-u0000906,2,1,0.3421231,0.36623046,0.29164645
test-u0000906,2,1,0.3144387,0.3798986,0.3056627
test-u0000906,2,2,0.25688905,0.36975223,0.37335873
test-u0000906,2,1,0.25954738,0.4174021,0.32305062
test-u0000906,2,1,0.22917636,0.466177,0.30464664
test-u0000907,2,1,0.28582767,0.4104143,0.30375805
test-u0000907,2,2,0.33303568,0.2594657,0.4074987
test-u0000907,2,1,0.3035558,0.41983193,0.27661228
test-u0000907,2,1,0.29916194,0.387434,0.31340408
test-u0000907,2,2,0.32937646,0.28293228,0.3876912
test-u0000907,2,2,0.32999107,0.30318046,0.3668285
test-u0000907,2,2,0.32372355,0.2727346,0.40354186
test-u0000907,2,2,0.2921903,0.31438005,0.39342967
test-u0000907,2,2,0.29968366,0.32366803,0.37664834
test-u0000907,2,2,0.30705014,0.31882632,0.3741235
test-u0000907,2,2,0.31706333,0.2965137,0.38642296
test-u0000907,2,2,0.2658003,0.32769427,0.40650544
test-u0000907,2,2,0.328137,0.32345188,0.3484111
test-u0000907,2,1,0.3112891,0.3575748,0.33113614
test-u0000928,2,1,0.31610516,0.35943347,0.32446134
test-u0000928,2,0,0.36038375,0.31697437,0.3226419
test-u0000928,2,2,0.32316667,0.32547843,0.35135493
test-u0000928,2,2,0.3243535,0.3019261,0.37372044
test-u0000928,2,1,0.23535731,0.40495804,0.35968465
test-u0000928,2,1,0.24305023,0.41471452,0.3422353
test-u0000929,2,0,0.3518721,0.3426896,0.3054383
test-u0000929,2,1,0.30679196,0.35824293,0.3349651
test-u0000929,2,1,0.22943525,0.4395524,0.33101225
test-u0000930,2,1,0.29968292,0.36343023,0.33688682
test-u0000930,2,2,0.3335274,0.29283094,0.37364173
test-u0000930,2,2,0.35259628,0.27543348,0.37197024
test-u0000930,2,2,0.3256625,0.31748715,0.3568504
test-u0000930,2,2,0.31986982,0.31435043,0.36577973
test-u0000930,2,2,0.32905853,0.29588872,0.37505272
test-u0000930,2,2,0.3377451,0.30140594,0.360849
test-u0000931,0,0,0.3966584,0.32665402,0.2766876
test-u0000931,0,2,0.2992172,0.3238462,0.37693667
test-u0000931,0,2,0.31356552,0.33732718,0.3491072
test-u0000931,0,2,0.29944822,0.3311912,0.3693606
test-u0000932,0,1,0.30026653,0.39344457,0.30628893
test-u0000932,0,2,0.33633688,0.28663045,0.3770327
test-u0000932,0,1,0.3374298,0.34807435,0.3144958
test-u0000932,0,0,0.35912222,0.32368708,0.31719062
test-u0000933,0,2,0.33884454,0.2694694,0.3916861
test-u0000933,0,2,0.34611356,0.30672413,0.3471623
test-u0000933,0,2,0.3234111,0.2824308,0.3941581
test-u0000933,0,2,0.35329875,0.26905012,0.3776511
test-u0000933,0,2,0.34194642,0.27529672,0.38275686
test-u0000933,0,2,0.3354497,0.267541,0.3970093
test-u0000934,2,1,0.31320527,0.36625692,0.32053778
test-u0000934,2,2,0.32196948,0.29645765,0.38157284
test-u0000934,2,2,0.32385075,0.29808304,0.37806624
test-u0000934,2,2,0.30597273,0.29308707,0.40094015
test-u0000934,2,2,0.33563396,0.28956997,0.374796
test-u0000934,2,2,0.32653782,0.29843494,0.37502724
test-u0000934,2,2,0.32882154,0.27381763,0.39736086
test-u0000934,2,2,0.3258288,0.29390153,0.38026965
test-u0000941,2,1,0.30711243,0.4523614,0.24052617
test-u0000941,2,1,0.31992376,0.3538828,0.32619354
test-u0000942,2,1,0.31177464,0.45878467,0.22944069
test-u0000943,0,1,0.32810488,0.3693003,0.30259478
test-u0000944,0,1,0.2770375,0.42478085,0.29818168
test-u0000944,0,1,0.27652657,0.4084175,0.31505594
test-u0000945,0,1,0.3183245,0.39042205,0.29125348
test-u0000945,0,0,0.3377524,0.32577553,0.336472
test-u0000946,2,0,0.35774362,0.34368065,0.29857573
test-u0000946,2,0,0.37076917,0.30926138,0.31996942
test-u0000946,2,0,0.34278968,0.33652604,0.32068434
test-u0000946,2,0,0.35768542,0.34905896,0.29325563
test-u0000946,2,1,0.3530151,0.37915984,0.26782507
test-u0000946,2,1,0.33304533,0.34631625,0.32063845
test-u0000946,2,2,0.30364,0.3473509,0.34900916
test-u0000946,2,0,0.39537138,0.36730304,0.23732556
test-u0000946,2,1,0.3262942,0.37754136,0.29616436
test-u0000946,2,1,0.32133755,0.41896722,0.2596952
test-u0000946,2,1,0.3365571,0.41223437,0.25120857
test-u0000946,2,1,0.31143174,0.41294605,0.27562222
test-u0000947,2,1,0.34152094,0.40577352,0.25270557
test-u0000947,2,1,0.287035,0.36695707,0.34600794
test-u0000948,2,1,0.34490538,0.35883468,0.29625994
test-u0000949,2,0,0.35573873,0.3387166,0.30554467
test-u0000950,2,2,0.3362863,0.2862188,0.37749493
test-u0000950,2,1,0.31417552,0.35065734,0.33516717
test-u0000950,2,1,0.29500356,0.35715503,0.34784138
test-u0001118,0,0,0.4105623,0.36225376,0.22718398
test-u0001119,0,0,0.40960476,0.4002677,0.19012755
test-u0001119,0,0,0.36682093,0.35785258,0.2753265
test-u0001120,0,0,0.4718173,0.31272703,0.2154556
test-u0001120,0,0,0.35180137,0.34072798,0.30747068
test-u0001121,1,1,0.31864393,0.4174972,0.2638589
test-u0001122,2,1,0.3610877,0.42679608,0.21211624
test-u0001123,1,1,0.30822232,0.42364267,0.26813498
test-u0001123,1,1,0.33909863,0.3678084,0.29309288
test-u0001124,1,0,0.37866062,0.34050792,0.28083146
test-u0001125,0,1,0.3274504,0.3398223,0.33272728
test-u0001126,1,0,0.4260328,0.35920897,0.2147583
test-u0001127,1,0,0.41228923,0.32782868,0.2598821
test-u0001128,0,0,0.43444562,0.3242894,0.24126492
test-u0001128,0,1,0.34083372,0.38694456,0.27222174
test-u0001129,0,0,0.41760612,0.3489683,0.23342557
test-u0001129,0,1,0.31989437,0.41403168,0.26607397
test-u0001185,2,0,0.4109661,0.3745812,0.21445273
test-u0001186,0,1,0.25620756,0.49680027,0.24699217
test-u0001187,0,1,0.27638388,0.4824383,0.24117789
test-u0001188,0,1,0.27004132,0.51558596,0.2143727
test-u0001190,0,0,0.49892414,0.17391388,0.32716206
test-u0001190,0,0,0.44085184,0.2868687,0.2722795
test-u0001205,0,1,0.37128973,0.39850953,0.23020081
test-u0001206,2,0,0.3961063,0.36772564,0.23616801
test-u0001207,1,0,0.3836972,0.37113574,0.24516703
test-u0001208,0,1,0.32316673,0.45657545,0.22025785
test-u0001208,0,1,0.3412848,0.39126706,0.26744807
test-u0001208,0,1,0.35647646,0.40881026,0.23471327
test-u0001208,0,1,0.27588168,0.42620614,0.2979121
test-u0001209,0,1,0.33341524,0.40441012,0.2621746
test-u0001209,0,1,0.34860367,0.40236744,0.2490289
test-u0001209,0,1,0.29584473,0.4537805,0.2503748
test-u0001210,1,1,0.30009142,0.46289304,0.23701552
test-u0001210,1,1,0.31525737,0.3812473,0.30349535
test-u0001210,1,1,0.27577934,0.41008538,0.31413528
test-u0001210,1,1,0.33158478,0.39580846,0.27260676
test-u0001211,1,1,0.33652574,0.41947728,0.243997
test-u0001211,1,1,0.30495667,0.4190087,0.27603462
test-u0001211,1,1,0.29982057,0.42449406,0.27568534
test-u0001212,0,1,0.3346584,0.417091,0.24825059
test-u0001212,0,1,0.28026387,0.43336514,0.286371
test-u0001213,0,0,0.4067679,0.35745916,0.2357729
test-u0001214,0,0,0.4040285,0.3618154,0.23415613
test-u0001215,1,1,0.36835313,0.3999958,0.23165105
test-u0001216,1,1,0.3591265,0.4041819,0.23669153
test-u0001216,1,0,0.3904694,0.36067766,0.24885295
test-u0001217,1,0,0.44239783,0.36709267,0.1905095
test-u0001218,0,0,0.4035356,0.34843612,0.24802828
test-u0001218,0,1,0.3095456,0.49715132,0.1933031
test-u0001219,0,1,0.33676055,0.4709745,0.19226494
test-u0001220,0,1,0.35462743,0.45723307,0.18813957
test-u0001221,0,0,0.41502672,0.35009834,0.23487496
test-u0001222,0,1,0.35720843,0.40965018,0.23314139
test-u0001223,1,1,0.3340681,0.4624007,0.20353115
test-u0001224,1,1,0.41301787,0.42766595,0.15931615
test-u0001225,1,1,0.36025313,0.49339315,0.14635378
test-u0001226,0,1,0.34470218,0.46185055,0.19344729
test-u0001227,1,1,0.3543721,0.46050856,0.18511933
test-u0001228,1,1,0.36599618,0.40797135,0.2260325
test-u0001228,1,0,0.4534998,0.29724577,0.24925438
test-u0001229,0,0,0.43119437,0.4107956,0.15801002
test-u0001230,0,0,0.42802304,0.4061379,0.16583902
test-u0001274,2,2,0.29741117,0.30346805,0.39912078
test-u0001275,2,0,0.36117348,0.32266393,0.31616265
test-u0001276,0,0,0.362449,0.3228094,0.31474155
test-u0001276,0,2,0.3306556,0.32533622,0.34400815
test-u0001276,0,0,0.341397,0.32682467,0.33177832
test-u0001278,1,0,0.37917587,0.3336353,0.28718883
test-u0001278,1,1,0.3113475,0.39975798,0.28889444
test-u0001279,1,1,0.24973689,0.44263586,0.30762726
test-u0001280,1,1,0.3800997,0.39323822,0.22666202
test-u0001280,1,0,0.41714245,0.32192254,0.260935
test-u0001286,0,1,0.34505573,0.37432542,0.28061885
test-u0001286,0,0,0.36410648,0.35260743,0.28328612
test-u0001287,0,0,0.38253784,0.31674546,0.3007167
test-u0001287,0,0,0.37071997,0.36720026,0.26207975
test-u0001288,1,2,0.32046658,0.33129287,0.34824055
test-u0001288,1,1,0.34038767,0.4019748,0.2576375
test-u0001289,1,1,0.33002108,0.3366673,0.33331162
test-u0001289,1,1,0.3726874,0.3786596,0.24865308
test-u0001290,1,2,0.33743557,0.24950479,0.4130597
test-u0001291,0,0,0.39836296,0.26391947,0.33771756
test-u0001291,0,0,0.45657232,0.22869962,0.31472808
test-u0001291,0,0,0.36899406,0.29705495,0.33395106
test-u0001292,1,0,0.41502088,0.27429137,0.3106877
test-u0001292,1,0,0.3647545,0.33796602,0.29727945
test-u0001292,1,0,0.45589447,0.19945863,0.34464684
test-u0001293,0,0,0.4150324,0.30005646,0.28491116
test-u0001293,0,0,0.4536267,0.2649402,0.2814331
test-u0001293,0,0,0.43920574,0.2731884,0.28760582
test-u0001293,0,0,0.46792123,0.20068863,0.33139017
test-u0001294,0,0,0.40663353,0.31054068,0.2828258
test-u0001294,0,0,0.4734304,0.21749976,0.30906987
test-u0001294,0,0,0.408202,0.30236796,0.28943
test-u0001294,0,0,0.4663002,0.20415445,0.3295454
test-u0001295,0,0,0.39845386,0.34497222,0.2565739
test-u0001295,0,1,0.34175053,0.37299538,0.28525403
test-u0001296,1,2,0.32943758,0.323913,0.3466494
test-u0001296,1,0,0.39113545,0.30941993,0.29944462
test-u0001297,0,0,0.36304784,0.2938604,0.34309173
test-u0001297,0,0,0.36246434,0.34567517,0.29186046
test-u0001298,0,2,0.3443367,0.2829039,0.3727594
test-u0001298,0,0,0.45675665,0.23614883,0.30709457
test-u0001298,0,1,0.3516636,0.36804578,0.28029072
test-u0001298,0,0,0.35472748,0.35309133,0.29218125
test-u0001299,1,1,0.36758745,0.37947577,0.25293678
test-u0001300,1,2,0.33806902,0.3209968,0.3409342
test-u0001300,1,1,0.35848,0.3615464,0.27997363
test-u0001301,0,1,0.3402644,0.39018694,0.26954868
test-u0001318,1,0,0.38522643,0.32399055,0.29078305
test-u0001319,0,1,0.28443176,0.43050015,0.28506806
test-u0001322,0,0,0.37957492,0.31501734,0.30540776
test-u0001323,0,0,0.39948514,0.2972196,0.3032952
test-u0001324,1,1,0.30535915,0.39835492,0.2962859
test-u0001325,1,1,0.3094835,0.44382235,0.24669418
test-u0001325,1,1,0.31801635,0.39305258,0.28893113
test-u0001326,1,1,0.30446386,0.4414272,0.25410897
test-u0001326,1,1,0.30986634,0.37229773,0.31783596
test-u0001327,0,0,0.35788044,0.28738692,0.35473263
test-u0001328,1,1,0.27847898,0.47400358,0.24751751
test-u0001328,1,2,0.34153202,0.27647576,0.38199222
test-u0001329,0,0,0.38697645,0.34090334,0.27212015
test-u0001332,2,1,0.3108393,0.39665794,0.29250282
test-u0001333,1,1,0.33075875,0.3484487,0.32079262
test-u0001334,1,1,0.3448371,0.37754843,0.27761444
test-u0001335,1,1,0.27295926,0.49444398,0.23259674
test-u0001336,1,1,0.293842,0.40729722,0.2988608
test-u0001336,1,1,0.32935727,0.38381806,0.28682464
test-u0001337,1,1,0.31702837,0.40617532,0.27679634
test-u0001337,1,1,0.31584728,0.3722194,0.31193328
test-u0001371,2,0,0.36504003,0.30398008,0.33097994
test-u0001374,2,2,0.32680872,0.32960388,0.34358746
test-u0001375,0,1,0.31431365,0.47194833,0.21373798
test-u0001376,0,0,0.45095098,0.24017023,0.30887884
test-u0001377,1,1,0.34483385,0.3996425,0.25552365
test-u0001378,0,1,0.35750085,0.42455608,0.21794316
test-u0001379,0,0,0.3501805,0.32399657,0.3258229
test-u0001381,1,1,0.32910553,0.41878107,0.25211343
test-u0001382,0,0,0.41637143,0.33247772,0.25115085
test-u0001383,0,0,0.35908186,0.3184986,0.32241943
test-u0001384,2,2,0.32928485,0.31248558,0.3582296
test-u0001384,2,0,0.35923353,0.29472455,0.34604192
test-u0001385,0,0,0.38622227,0.3193678,0.29440996
test-u0001386,0,0,0.351226,0.3399626,0.3088114
test-u0001479,2,1,0.36977133,0.37516975,0.2550589
test-u0001479,2,2,0.33836007,0.31163374,0.3500062
test-u0001480,2,1,0.36977133,0.37516975,0.2550589
test-u0001480,2,2,0.33836007,0.31163374,0.3500062
test-u0001481,2,1,0.33023202,0.3792957,0.29047227
test-u0001482,2,2,0.35209042,0.29228154,0.35562795
test-u0001483,0,1,0.3108601,0.41158077,0.27755913
test-u0001484,1,1,0.32067412,0.3958852,0.28344062
test-u0001485,2,2,0.31215423,0.3225948,0.365251
test-u0001485,2,0,0.397352,0.36223137,0.24041659
test-u0001486,2,1,0.33172128,0.33953106,0.32874763
test-u0001487,0,1,0.32174465,0.34859347,0.32966185
test-u0001488,2,0,0.34080288,0.32130167,0.33789545
test-u0001489,2,2,0.32009733,0.32128423,0.3586185
test-u0001489,2,1,0.34015894,0.39533114,0.26450995
test-u0001490,2,0,0.3437111,0.32426673,0.33202216
test-u0001491,1,1,0.2842911,0.38193902,0.33376983
test-u0001588,2,1,0.3111428,0.36757705,0.32128012
test-u0001588,2,2,0.30110312,0.32979485,0.36910197
test-u0001589,2,2,0.31405258,0.34075174,0.3451956
test-u0001589,2,0,0.37898552,0.3724747,0.24853975
test-u0001589,2,2,0.31598148,0.33717012,0.3468484
test-u0001590,2,1,0.28469327,0.41987428,0.29543236
test-u0001590,2,2,0.33230153,0.29482648,0.37287202
test-u0001591,2,1,0.20787618,0.46362156,0.32850224
test-u0001591,2,1,0.32636607,0.35939017,0.31424373
test-u0001592,0,1,0.23124647,0.43690836,0.33184516
test-u0001592,0,2,0.29652488,0.28638783,0.41708738
test-u0001592,0,1,0.32225284,0.3622209,0.31552634
test-u0001593,2,1,0.29903966,0.41725302,0.28370732
test-u0001593,2,1,0.26182085,0.40026042,0.33791873
test-u0001593,2,0,0.4079936,0.2659294,0.32607695
test-u0001594,2,1,0.28880423,0.44570738,0.26548836
test-u0001594,2,1,0.2668696,0.40221357,0.33091685
test-u0001595,1,1,0.23963563,0.46610275,0.2942616
test-u0001595,1,2,0.28439793,0.29181588,0.4237862
test-u0001595,1,1,0.31941363,0.3691054,0.311481
test-u0001596,2,0,0.39188695,0.30828083,0.29983222
test-u0001596,2,1,0.29335847,0.36338723,0.34325433
test-u0001596,2,1,0.29601195,0.37826687,0.3257211
test-u0001597,0,1,0.30770168,0.396607,0.2956913
test-u0001597,0,1,0.31006446,0.4599308,0.23000471
test-u0001597,0,1,0.25985903,0.51551765,0.22462337
test-u0001598,1,1,0.31325784,0.423491,0.26325113
test-u0001666,0,1,0.30371737,0.41406903,0.28221363
test-u0001666,0,0,0.40874097,0.34570733,0.24555169
test-u0001667,0,1,0.31974572,0.39934486,0.28090945
test-u0001667,0,0,0.3692965,0.35392994,0.2767736
test-u0001668,0,1,0.28618315,0.41754997,0.29626685
test-u0001668,0,1,0.34231386,0.37702158,0.28066453
test-u0001669,0,1,0.32986265,0.40902895,0.2611084
test-u0001669,0,0,0.37030464,0.33720845,0.29248694
test-u0001669,0,0,0.38785145,0.329956,0.28219253
test-u0001670,1,1,0.34144503,0.38449824,0.27405673
test-u0001670,1,0,0.36651835,0.3380051,0.2954766
test-u0001785,2,0,0.38922998,0.28910223,0.32166788
test-u0001786,1,0,0.37932608,0.3007978,0.31987616
test-u0001787,1,0,0.35674024,0.34622192,0.2970379
test-u0001788,1,2,0.31747657,0.3369439,0.3455795
test-u0001789,2,0,0.37564316,0.34165347,0.28270334
test-u0001790,1,0,0.3490702,0.33939585,0.31153396
test-u0001791,0,2,0.32657957,0.2985111,0.37490937
test-u0001792,0,2,0.33364543,0.2854059,0.3809487
test-u0001793,1,1,0.32174876,0.34043315,0.3378181
test-u0001794,2,1,0.32496804,0.33787754,0.33715442
test-u0001795,2,2,0.33699855,0.28273556,0.3802659
test-u0001796,0,1,0.33090127,0.3441278,0.32497096
test-u0001797,0,1,0.34576342,0.37371176,0.28052485
test-u0001819,2,0,0.36103508,0.3220316,0.31693342
test-u0001820,1,1,0.35276142,0.35346726,0.2937714
test-u0001820,1,0,0.34702313,0.3229656,0.33001125
test-u0001821,1,0,0.38816622,0.32969245,0.28214136
test-u0001822,2,2,0.32050598,0.29695517,0.38253886
test-u0001822,2,0,0.37619364,0.30980706,0.31399924
test-u0001823,1,0,0.4076492,0.28344843,0.30890235
test-u0001824,2,0,0.38217947,0.3116319,0.30618858
test-u0001825,0,0,0.39677578,0.34507287,0.25815144
test-u0001826,2,0,0.41959992,0.2767895,0.30361056
test-u0001827,1,2,0.291542,0.30197975,0.4064783
test-u0001828,0,2,0.32608104,0.33683607,0.33708286
test-u0001828,0,2,0.30998185,0.28292665,0.4070915
test-u0001829,2,0,0.41052356,0.30607784,0.28339857
test-u0001829,2,0,0.37589586,0.34539902,0.2787051
test-u0001830,1,2,0.25940263,0.3674486,0.37314877
test-u0001846,1,2,0.27155608,0.34692916,0.3815147
test-u0001847,0,0,0.38612857,0.3179035,0.2959679
test-u0001848,1,0,0.35823235,0.33622187,0.3055458
test-u0001848,1,2,0.2527613,0.35540527,0.39183345
test-u0001849,2,1,0.29606923,0.35617304,0.34775776
test-u0001850,2,0,0.33888614,0.33598432,0.32512954
test-u0001850,2,1,0.35935035,0.36860391,0.27204573
test-u0001851,0,2,0.27550834,0.3484785,0.3760131
test-u0001851,0,1,0.34767926,0.38950178,0.26281896
test-u0001852,0,1,0.28391215,0.36399758,0.35209027
test-u0001852,0,1,0.32907587,0.37628794,0.29463622
test-u0001853,2,0,0.38825905,0.35537532,0.2563656
test-u0001853,2,2,0.29242432,0.35231534,0.35526034
test-u0001932,1,0,0.40833455,0.28808695,0.3035785
test-u0001933,1,2,0.2663291,0.35208637,0.38158447
test-u0001934,0,2,0.34307396,0.30763686,0.3492892
test-u0001934,0,1,0.30423954,0.37770596,0.3180545
test-u0001935,2,2,0.3461868,0.28122616,0.37258705
test-u0001935,2,2,0.33092278,0.32610893,0.34296823
test-u0001936,1,1,0.28590962,0.3805661,0.3335243
test-u0001936,1,2,0.3187284,0.31952503,0.36174658
test-u0001937,0,1,0.338117,0.3385751,0.323308
test-u0001956,2,0,0.3499838,0.33215067,0.31786552
test-u0001957,2,1,0.2999807,0.4035892,0.2964301
test-u0001958,1,2,0.3249792,0.33399218,0.34102863
test-u0001959,2,1,0.27921724,0.42188463,0.29889813
test-u0001960,2,1,0.298442,0.4057749,0.29578307
test-u0001961,2,1,0.31418648,0.39693686,0.28887665
test-u0001962,2,1,0.2986265,0.3891051,0.31226847
test-u0001963,2,1,0.29735985,0.42633224,0.2763079
test-u0001964,1,1,0.31315064,0.41297722,0.27387208
test-u0001965,1,1,0.3149315,0.3937198,0.29134873
test-u0001970,1,1,0.33013138,0.3677025,0.30216613
test-u0001973,2,1,0.26919502,0.36935386,0.36145118
test-u0001974,2,1,0.20882449,0.42357358,0.36760196
test-u0001975,1,1,0.25639012,0.3921534,0.35145643
test-u0001977,1,1,0.20968603,0.41004938,0.38026464
test-u0002045,0,1,0.31875324,0.35130712,0.3299396
test-u0002045,0,1,0.36444157,0.37498042,0.260578
test-u0002046,0,0,0.3888138,0.3013939,0.30979234
test-u0002047,0,0,0.3653363,0.2764253,0.35823846
test-u0002048,0,2,0.32489166,0.31934494,0.35576335
test-u0002048,0,1,0.3256139,0.41072738,0.26365876
test-u0002048,0,2,0.32320544,0.28175476,0.39503983
test-u0002051,0,0,0.33995432,0.3312194,0.32882625
test-u0002051,0,0,0.3719689,0.34413096,0.28390017
test-u0002052,0,0,0.3545297,0.3032079,0.34226245
test-u0002052,0,2,0.26713324,0.34345454,0.38941225
test-u0002053,2,0,0.3545297,0.3032079,0.34226245
test-u0002053,2,2,0.26713324,0.34345454,0.38941225
test-u0002054,1,2,0.27623966,0.32870284,0.39505753
test-u0002054,1,2,0.3496281,0.28449365,0.36587825
test-u0002055,2,2,0.29646158,0.34395418,0.35958427
test-u0002056,1,1,0.29991147,0.35439783,0.34569076
test-u0002057,0,0,0.37925,0.31847778,0.30227217
test-u0002057,0,0,0.40832844,0.2851533,0.3065183
test-u0002154,0,2,0.2658539,0.33020055,0.4039455
test-u0002155,0,1,0.25077263,0.4218854,0.32734197
test-u0002156,0,2,0.27251038,0.33671847,0.39077112
test-u0002157,0,1,0.277204,0.40165773,0.32113826
test-u0002158,0,2,0.25312367,0.3498452,0.3970311
test-u0002158,0,2,0.27539948,0.35913348,0.36546704
test-u0002159,0,1,0.29415753,0.3758801,0.32996237
test-u0002159,0,2,0.35329032,0.20777215,0.43893757
test-u0002238,1,2,0.35901856,0.27552164,0.36545974
test-u0002238,1,2,0.23813045,0.36422226,0.39764723
test-u0002238,1,2,0.3166952,0.3060785,0.3772263
test-u0002239,0,1,0.21485749,0.40317512,0.38196746
test-u0002240,0,1,0.2713391,0.38771614,0.34094477
test-u0002240,0,1,0.23183817,0.41723326,0.35092857
test-u0002241,0,2,0.27041313,0.34589905,0.38368785
test-u0002242,0,1,0.26580933,0.39932323,0.3348674
test-u0002243,1,1,0.2575394,0.38001812,0.3624425
test-u0002244,0,1,0.25745162,0.46410537,0.27844304
test-u0002244,0,1,0.23014115,0.4117963,0.35806254
test-u0002245,0,1,0.26427233,0.4932536,0.24247403
test-u0002245,0,2,0.28158146,0.33986765,0.3785509
test-u0002245,0,1,0.23735699,0.39207128,0.37057176
test-u0002245,0,2,0.32353836,0.3035004,0.37296122
test-u0002245,0,2,0.32506618,0.29109374,0.38384005
test-u0002246,1,1,0.28279525,0.38173968,0.33546504
test-u0002247,0,1,0.2784062,0.37251437,0.3490794
test-u0002254,0,1,0.25564936,0.4365419,0.30780867
test-u0002255,0,1,0.28976545,0.4272419,0.28299272
test-u0002256,2,1,0.25044617,0.3859333,0.36362052
test-u0002257,1,1,0.2977844,0.3739721,0.32824352
test-u0002258,0,1,0.28710526,0.38723963,0.32565507
test-u0002259,1,1,0.25882414,0.39305535,0.3481205
test-u0002260,1,1,0.34919763,0.36763176,0.28317064
test-u0002261,1,1,0.27929622,0.45047212,0.27023163
test-u0002261,1,0,0.35617262,0.32537782,0.31844956
test-u0002261,1,1,0.2988186,0.39235705,0.30882442
test-u0002262,0,1,0.30199534,0.44389853,0.25410613
test-u0002263,1,1,0.2693061,0.4732767,0.25741726
test-u0002264,0,1,0.27463344,0.43042603,0.2949405
test-u0002265,0,1,0.27271876,0.46263403,0.26464725
test-u0002266,1,2,0.28908283,0.3128164,0.39810073
test-u0002267,0,0,0.36621502,0.27904436,0.35474062
test-u0002268,2,2,0.28059828,0.2834093,0.43599245
test-u0002280,2,1,0.31314987,0.35708326,0.3297668
test-u0002281,1,2,0.2927634,0.34926814,0.3579685
test-u0002282,0,1,0.27848426,0.42407393,0.29744178
test-u0002283,0,1,0.2428406,0.41586536,0.341294
test-u0002284,2,2,0.29421645,0.31753376,0.38824975
test-u0002285,0,2,0.20134726,0.34821293,0.45043984
test-u0002286,2,2,0.30541512,0.31360075,0.38098407
test-u0002287,0,1,0.28798282,0.41287774,0.29913944
test-u0002288,1,2,0.28383756,0.3387198,0.3774427
test-u0002289,0,2,0.31178296,0.3421085,0.34610856
test-u0002290,0,1,0.33762127,0.34771565,0.31466305
test-u0002291,0,2,0.31824827,0.33504796,0.34670377
test-u0002292,0,1,0.30390173,0.4125873,0.28351095
test-u0002293,1,2,0.2976796,0.3270956,0.37522483
test-u0002395,0,0,0.35030434,0.34619057,0.30350512
test-u0002396,1,0,0.42666125,0.32857004,0.24476875
test-u0002397,0,0,0.3717306,0.35266408,0.27560526
test-u0002397,0,0,0.38227594,0.33153084,0.28619322
test-u0002399,0,0,0.39788312,0.34092596,0.26119092
test-u0002401,0,1,0.3446228,0.4546951,0.20068215
test-u0002401,0,1,0.40514386,0.422029,0.17282715
test-u0002402,0,1,0.31352994,0.47009623,0.21637374
test-u0002404,0,0,0.39496806,0.3566992,0.24833278
test-u0002405,1,0,0.41195467,0.34904987,0.2389955
test-u0002406,0,0,0.36641362,0.35019445,0.28339198
test-u0002406,0,1,0.36164403,0.41459855,0.22375745
test-u0002408,2,0,0.40658724,0.3387634,0.25464937
test-u0002409,2,0,0.45582587,0.3056321,0.238542
test-u0002409,2,1,0.38884515,0.3932366,0.21791825
test-u0002410,0,1,0.36140418,0.36840245,0.27019337
test-u0002411,2,0,0.3961673,0.34304723,0.2607855
test-u0002412,2,0,0.40775418,0.33319983,0.25904602
test-u0002479,2,0,0.43388808,0.3459327,0.22017929
test-u0002479,2,0,0.35498944,0.3523088,0.29270172
test-u0002480,0,0,0.40335166,0.364364,0.23228432
test-u0002481,2,0,0.39411357,0.35565224,0.25023416
test-u0002481,2,1,0.346534,0.35628486,0.2971811
test-u0002482,2,0,0.42617738,0.3432824,0.23054013
test-u0002482,2,0,0.36594516,0.3441958,0.28985903
test-u0002483,1,0,0.3796368,0.36369812,0.25666517
test-u0002484,2,0,0.37178466,0.34957635,0.27863896
test-u0002484,2,0,0.40409803,0.32962105,0.26628086
test-u0002485,0,0,0.38414112,0.34177423,0.2740846
test-u0002485,0,0,0.37381065,0.34080687,0.28538248
test-u0002485,0,0,0.41539246,0.30649957,0.278108
test-u0002486,0,0,0.3688628,0.32926452,0.30187267
test-u0002486,0,0,0.4087229,0.33183998,0.25943708
test-u0002579,1,1,0.3163488,0.3774407,0.30621055
test-u0002580,1,2,0.30484357,0.33474436,0.36041206
test-u0002580,1,2,0.31347486,0.3015966,0.38492852
test-u0002581,1,2,0.3017225,0.3470882,0.35118926
test-u0002581,1,2,0.32705685,0.29461753,0.37832558
test-u0002582,1,1,0.292063,0.43397668,0.2739603
test-u0002583,1,1,0.32165596,0.39729103,0.28105295
test-u0002584,1,1,0.28776923,0.37677872,0.33545205
test-u0002585,1,1,0.24032138,0.4021022,0.35757646
test-u0002585,1,1,0.31468728,0.37569237,0.3096204
test-u0002586,1,1,0.3021895,0.35776952,0.34004098
test-u0002586,1,2,0.31466952,0.30988604,0.3754445
test-u0002587,0,1,0.30491868,0.35118315,0.34389812
test-u0002661,0,1,0.24620973,0.3846903,0.36909992
test-u0002662,1,1,0.26862928,0.3865369,0.34483388
test-u0002663,0,2,0.2291801,0.36580747,0.4050125
test-u0002663,0,2,0.30701256,0.31507376,0.3779137
test-u0002664,2,1,0.2681101,0.38955003,0.34233978
test-u0002665,2,2,0.25379834,0.3537827,0.39241898
test-u0002666,0,2,0.21122098,0.3763081,0.41247085
test-u0002667,2,2,0.2856084,0.3096554,0.40473622
test-u0002668,2,1,0.27545553,0.4136219,0.31092256
test-u0002669,2,1,0.33684832,0.37590188,0.28724992
test-u0002669,2,0,0.3648324,0.27389255,0.36127508
test-u0002669,2,2,0.27256644,0.3505891,0.3768445
test-u0002669,2,0,0.3818737,0.25074354,0.36738274
test-u0002669,2,2,0.33125025,0.3031981,0.36555168
test-u0002669,2,1,0.38744897,0.4002339,0.21231703
test-u0002706,2,0,0.36058477,0.2975629,0.34185228
test-u0002706,2,0,0.3833683,0.27452868,0.34210297
test-u0002706,2,2,0.3247776,0.33415547,0.34106693
test-u0002707,1,0,0.3621528,0.29430088,0.34354624
test-u0002707,1,2,0.287996,0.346425,0.365579
test-u0002708,2,0,0.41653627,0.3690836,0.21438015
test-u0002709,1,1,0.29513374,0.42195764,0.28290865
test-u0002710,1,1,0.31125548,0.4511986,0.23754586
test-u0002711,1,1,0.3301624,0.36525926,0.30457824
test-u0002712,1,1,0.3830653,0.38604337,0.23089132
test-u0002778,2,0,0.35150838,0.33232322,0.31616846
test-u0002778,2,2,0.33601108,0.30794355,0.35604537
test-u0002778,2,2,0.3291658,0.32059133,0.35024282
test-u0002778,2,1,0.31404927,0.35889286,0.3270579
test-u0002779,2,0,0.40568772,0.30518442,0.2891279
test-u0002779,2,0,0.3820867,0.28401136,0.33390194
test-u0002780,2,0,0.4378405,0.30138874,0.26077077
test-u0002782,1,0,0.43433544,0.22347061,0.3421939
test-u0002782,1,0,0.36880732,0.2788136,0.3523791
test-u0002783,1,1,0.34077594,0.3738752,0.28534892
test-u0002784,1,1,0.3597701,0.3965441,0.24368577
test-u0002862,1,1,0.2889614,0.46232215,0.24871649
test-u0002862,1,1,0.27728912,0.40401745,0.31869343
test-u0002863,1,1,0.32673094,0.42721677,0.24605232
test-u0002864,0,1,0.3334856,0.3954028,0.2711115
test-u0002865,2,1,0.32401362,0.42793238,0.24805403
test-u0002866,2,0,0.3965101,0.3517735,0.25171643
test-u0002866,2,0,0.37537658,0.30944505,0.31517842
test-u0002866,2,0,0.3898678,0.36650917,0.24362305
test-u0002866,2,2,0.32905275,0.28051996,0.39042735
test-u0002866,2,2,0.31652611,0.2929289,0.39054498
test-u0002867,1,2,0.27603522,0.3162081,0.40775675
test-u0002868,1,1,0.2128792,0.45952708,0.32759377
test-u0002869,1,2,0.31721428,0.31861648,0.36416918
test-u0002869,1,2,0.25030908,0.36277145,0.3869194
test-u0002870,1,1,0.2854816,0.40705964,0.3074587
test-u0002870,1,1,0.27803528,0.37358177,0.34838295
test-u0002871,1,2,0.27316862,0.30349165,0.42333972
test-u0002871,1,2,0.30915883,0.32756963,0.36327156
test-u0002872,0,1,0.3118976,0.3726864,0.31541598
test-u0002872,0,2,0.34370804,0.30860782,0.34768417
test-u0002873,0,0,0.3484312,0.3397451,0.31182367
test-u0002874,2,0,0.38402548,0.33799568,0.27797887
test-u0002874,2,1,0.3922041,0.39482325,0.21297272
test-u0002875,1,1,0.28158686,0.43206474,0.28634837
test-u0002876,2,1,0.25708356,0.4735507,0.26936564
test-u0002877,1,1,0.260524,0.48026767,0.25920826
test-u0002878,1,1,0.26292598,0.37767455,0.35939944
test-u0002879,1,1,0.26229167,0.37816012,0.35954827
test-u0002975,0,2,0.32818612,0.32319614,0.34861767
test-u0002975,0,2,0.32923415,0.29172206,0.37904382
test-u0002976,0,1,0.3164231,0.3533537,0.33022317
test-u0002976,0,2,0.35173488,0.2911062,0.35715896
test-u0002976,0,1,0.3366795,0.35223937,0.31108114
test-u0002977,1,2,0.3312176,0.28077558,0.3880068
test-u0002977,1,0,0.35325727,0.3385791,0.30816367
test-u0002977,1,2,0.31290022,0.33084577,0.35625395
test-u0002978,2,1,0.31815383,0.42220742,0.25963876
test-u0002979,2,1,0.29080933,0.35489753,0.35429308
test-u0002980,2,2,0.23837474,0.34928647,0.41233876
test-u0002981,1,2,0.36649874,0.2512607,0.38224056
test-u0002981,1,1,0.34133586,0.4012441,0.25742015
test-u0002982,1,0,0.42114165,0.28839812,0.2904602
test-u0002982,1,2,0.3174454,0.34044105,0.34211352
test-u0002983,1,2,0.3155609,0.2886765,0.39576262
test-u0002983,1,1,0.31657657,0.42259142,0.26083198
test-u0002984,1,2,0.3362215,0.32376382,0.34001473
test-u0002985,2,2,0.2576612,0.36866271,0.3736761
test-u0003014,1,1,0.25521845,0.42890075,0.31588078
test-u0003014,1,0,0.37149012,0.26792595,0.3605839
test-u0003015,1,1,0.31902635,0.34975526,0.3312184
test-u0003016,2,0,0.42495945,0.30166212,0.2733784
test-u0003016,2,0,0.4458236,0.34130064,0.21287581
test-u0003017,2,1,0.29789862,0.3568932,0.34520814
test-u0003018,2,1,0.32055843,0.3888966,0.290545
test-u0003019,0,1,0.2563468,0.44887677,0.29477647
test-u0003020,1,1,0.25066146,0.40114453,0.348194
test-u0003020,1,1,0.3209312,0.362372,0.31669676
test-u0003021,2,1,0.28316793,0.37014893,0.3466831
test-u0003022,1,0,0.39097977,0.2982647,0.31075546
test-u0003032,1,2,0.24320614,0.37196714,0.38482672
test-u0003033,2,1,0.22446957,0.39230147,0.383229
test-u0003034,1,1,0.23309073,0.41000837,0.35690087
test-u0003035,2,1,0.28299767,0.37549898,0.34150335
test-u0003035,2,0,0.34765252,0.3114172,0.34093028
test-u0003035,2,2,0.34955323,0.26642495,0.38402182
test-u0003036,1,2,0.23334317,0.38107735,0.38557953
test-u0003036,1,1,0.226455,0.40533245,0.3682125
test-u0003129,1,2,0.32872313,0.2924465,0.3788303
test-u0003130,1,1,0.23570724,0.48040015,0.28389257
test-u0003131,1,1,0.26225063,0.41548535,0.32226396
test-u0003132,1,2,0.32387474,0.3084275,0.36769772
test-u0003133,1,2,0.33011937,0.2846593,0.38522127
test-u0003252,1,0,0.36057138,0.34733704,0.29209155
test-u0003252,1,1,0.35384825,0.39887366,0.24727808
test-u0003253,2,1,0.29391998,0.38288635,0.32319367
test-u0003253,2,1,0.3403945,0.41191632,0.24768926
test-u0003253,2,1,0.3013124,0.37801993,0.32066765
test-u0003253,2,1,0.3287003,0.35489106,0.31640863
test-u0003253,2,1,0.3131719,0.4250537,0.26177442
test-u0003253,2,1,0.37200272,0.38026762,0.24772966
test-u0003253,2,1,0.28646,0.37595907,0.33758095
test-u0003253,2,1,0.29736084,0.38487524,0.31776392
test-u0003254,2,1,0.2810707,0.40755543,0.3113739
test-u0003254,2,1,0.33550406,0.35223693,0.312259
test-u0003254,2,1,0.3097356,0.41838747,0.27187687
test-u0003254,2,2,0.30415002,0.3288648,0.36698517
test-u0003254,2,1,0.34409425,0.39517727,0.26072854
test-u0003254,2,1,0.28427023,0.41678178,0.298948
test-u0003255,1,1,0.36299092,0.36788723,0.26912186
test-u0003255,1,2,0.3085222,0.33223134,0.35924646
test-u0003255,1,2,0.27606425,0.3589478,0.364988
test-u0003256,2,2,0.317645,0.32250082,0.35985413
test-u0003256,2,2,0.34071308,0.31528014,0.34400678
test-u0003256,2,0,0.3548565,0.32763663,0.31750688
test-u0003256,2,2,0.33636594,0.32433286,0.33930123
test-u0003257,1,2,0.3411013,0.30006304,0.3588357
test-u0003258,2,1,0.34611964,0.41179276,0.24208763
test-u0003258,2,1,0.3376388,0.3710272,0.29133403
test-u0003258,2,1,0.27833578,0.4105161,0.31114808
test-u0003258,2,1,0.34104106,0.39294806,0.26601085
test-u0003259,2,1,0.334551,0.37200007,0.29344893
test-u0003259,2,0,0.35034227,0.3328852,0.31677252
test-u0003259,2,0,0.40398422,0.31250232,0.28351346
test-u0003259,2,0,0.39184666,0.31545094,0.2927024
test-u0003259,2,0,0.35155982,0.33054927,0.31789094
test-u0003259,2,1,0.33482876,0.35231414,0.31285718
test-u0003260,2,2,0.34671906,0.29244712,0.3608338
test-u0003260,2,0,0.39671108,0.2921073,0.31118155
test-u0003260,2,0,0.38149604,0.32728204,0.2912219
test-u0003260,2,0,0.34195387,0.32969195,0.32835415
test-u0003260,2,0,0.3396198,0.33232945,0.32805076
test-u0003260,2,0,0.3479799,0.3321261,0.31989402
test-u0003261,1,1,0.3166191,0.38570654,0.29767445
test-u0003261,1,0,0.35747486,0.34427387,0.29825127
test-u0003261,1,0,0.35446876,0.3386715,0.30685967
test-u0003261,1,0,0.3723329,0.3290381,0.29862902
test-u0003261,1,0,0.394753,0.32983598,0.27541098
test-u0003262,2,2,0.26603797,0.33378476,0.40017724
test-u0003262,2,0,0.37790042,0.35067716,0.27142245
test-u0003262,2,0,0.3731874,0.33684874,0.28996384
test-u0003262,2,0,0.3663492,0.32567343,0.30797738
test-u0003262,2,0,0.40082273,0.3293963,0.26978093
test-u0003263,2,2,0.32563132,0.31768987,0.3566788
test-u0003264,1,1,0.26801896,0.45915943,0.27282158
test-u0003265,1,1,0.2887501,0.37111947,0.3401304
test-u0003266,1,1,0.31405118,0.38498092,0.30096787
test-u0003267,2,2,0.24356973,0.35328773,0.4031426
test-u0003275,1,0,0.4194377,0.2841435,0.29641888
test-u0003275,1,2,0.31529424,0.3394077,0.34529808
test-u0003276,0,0,0.37462842,0.25843242,0.36693913
test-u0003276,0,0,0.42744687,0.21901529,0.35353786
test-u0003277,0,2,0.35262373,0.2731449,0.37423134
test-u0003277,0,0,0.40039268,0.22188514,0.37772217
test-u0003278,1,2,0.3075236,0.29913238,0.393344
test-u0003278,1,2,0.36356488,0.23695262,0.3994825
test-u0003279,1,1,0.2851296,0.36130863,0.35356176
test-u0003280,2,2,0.26082915,0.36181164,0.37735915
test-u0003280,2,1,0.3262901,0.3742857,0.29942414
test-u0003281,0,2,0.31830442,0.3202208,0.36147478
test-u0003281,0,0,0.3677568,0.2929562,0.33928695
test-u0003282,2,2,0.23430419,0.3825301,0.3831657
test-u0003282,2,0,0.38962597,0.30826098,0.30211303
test-u0003283,1,2,0.32468817,0.33680156,0.3385103
test-u0003283,1,2,0.3106105,0.33380458,0.35558498
test-u0003305,2,0,0.3487698,0.33901298,0.3122172
test-u0003305,2,0,0.39883274,0.2904027,0.31076464
test-u0003306,2,0,0.33932245,0.3357524,0.32492518
test-u0003306,2,0,0.4418919,0.24000184,0.31810626
test-u0003307,2,2,0.31013337,0.327082,0.36278462
test-u0003308,2,2,0.32172987,0.29220033,0.3860698
test-u0003309,2,1,0.31192076,0.35340938,0.33466986
test-u0003310,2,0,0.35946172,0.30434078,0.33619747
test-u0003310,2,2,0.31122118,0.29562855,0.39315027
test-u0003411,1,0,0.37493533,0.31047404,0.31459066
test-u0003412,2,0,0.36521888,0.28413427,0.3506469
test-u0003413,1,2,0.3530552,0.2857372,0.3612076
test-u0003414,0,0,0.36866868,0.3211329,0.31019846
test-u0003415,2,2,0.3560418,0.2633427,0.38061553
test-u0003446,0,2,0.28591618,0.32768896,0.3863949
test-u0003446,0,2,0.34827048,0.24890457,0.40282494
test-u0003447,1,2,0.2786954,0.3523633,0.3689413
test-u0003447,1,1,0.30000898,0.36549324,0.33449772
test-u0003447,1,2,0.35717648,0.28508157,0.35774198
test-u0003448,0,1,0.2682742,0.44230145,0.2894244
test-u0003448,0,1,0.28666842,0.35768414,0.35564741
test-u0003448,0,1,0.30201375,0.3536338,0.34435245
test-u0003449,1,2,0.30256388,0.2932493,0.40418673
test-u0003449,1,1,0.26511872,0.43258283,0.3022985
test-u0003449,1,2,0.28171524,0.3252826,0.39300212
test-u0003450,1,1,0.29788634,0.46131092,0.24080266
test-u0003450,1,0,0.35538256,0.33110136,0.31351602
test-u0003451,2,2,0.27430248,0.35027277,0.3754247
test-u0003452,1,1,0.2872091,0.3850073,0.32778364
test-u0003453,2,1,0.28336608,0.44888112,0.26775274
test-u0003453,2,1,0.30546644,0.35735923,0.3371743
test-u0003453,2,2,0.31048816,0.30862212,0.38088974
test-u0003454,2,2,0.2558036,0.36132592,0.3828704
test-u0003455,2,2,0.31904343,0.30824113,0.37271544
test-u0003455,2,2,0.29038084,0.33584848,0.3737707
test-u0003456,2,1,0.2981139,0.36704326,0.3348428
test-u0003456,2,1,0.31084383,0.36489177,0.32426435
test-u0003457,2,1,0.32391417,0.43260103,0.24348487
test-u0003457,2,2,0.323924,0.28904983,0.38702613
test-u0003458,2,2,0.3390123,0.32030338,0.34068432
test-u0003458,2,2,0.25920755,0.3523885,0.38840395
test-u0003458,2,2,0.3015839,0.27293321,0.425483
test-u0003459,2,2,0.2533632,0.3390136,0.40762314
test-u0003459,2,2,0.25307903,0.36447182,0.38244915
test-u0003460,1,1,0.2992433,0.40484887,0.29590788
test-u0003460,1,2,0.33785102,0.2986854,0.36346358
test-u0003461,1,2,0.2868482,0.33014607,0.3830057
test-u0003461,1,0,0.4165043,0.24247673,0.34101906
test-u0003462,1,1,0.30696255,0.3996841,0.29335335
test-u0003462,1,1,0.25901726,0.37059847,0.37038428
test-u0003463,1,2,0.3423289,0.27378008,0.38389105
test-u0003463,1,2,0.28560713,0.3152832,0.3991097
test-u0003464,1,2,0.34551626,0.23547162,0.4190121
test-u0003464,1,2,0.30671242,0.2962148,0.3970728
test-u0003465,1,2,0.32343656,0.3239933,0.35257006
test-u0003465,1,2,0.2695734,0.3384023,0.3920243
test-u0003479,1,2,0.27611652,0.34951672,0.37436676
test-u0003480,2,2,0.33685556,0.29278827,0.37035617
test-u0003480,2,1,0.28137392,0.3848602,0.33376595
test-u0003480,2,0,0.39476404,0.34217873,0.2630573
test-u0003481,1,0,0.37155968,0.3459303,0.28250998
test-u0003482,1,0,0.3563683,0.32898122,0.31465048
test-u0003482,1,0,0.3905124,0.31933615,0.29015148
test-u0003482,1,0,0.43672115,0.32513937,0.23813947
test-u0003483,1,1,0.33406943,0.34998685,0.31594375
test-u0003484,1,0,0.34209213,0.33693284,0.32097507
test-u0003485,1,1,0.29853746,0.39118373,0.31027883
test-u0003486,1,1,0.32800707,0.45439067,0.21760222
test-u0003487,1,1,0.29606596,0.45479026,0.24914378
test-u0003488,0,1,0.3404903,0.41618025,0.24332948
test-u0003489,2,1,0.32479152,0.3671334,0.30807498
test-u0003489,2,2,0.31609628,0.3237897,0.360114
test-u0003489,2,0,0.41514575,0.3584351,0.22641912
test-u0003490,1,0,0.40284914,0.33497894,0.26217192
test-u0003491,1,1,0.27418277,0.38173524,0.34408206
test-u0003491,1,1,0.34170112,0.3767845,0.28151444
test-u0003491,1,0,0.3641903,0.33836862,0.29744107
test-u0003729,2,0,0.37614715,0.36289355,0.26095936
test-u0003731,1,1,0.386379,0.39367458,0.21994641
test-u0003735,2,0,0.45862195,0.23089775,0.31048033
test-u0003736,2,0,0.45801985,0.26000452,0.28197563
test-u0003737,2,0,0.34707612,0.3427369,0.310187
test-u0003738,0,0,0.41973728,0.30532774,0.274935
test-u0003804,0,1,0.26568833,0.37788695,0.3564247
test-u0003804,0,2,0.3056074,0.32765427,0.36673832
test-u0003804,0,1,0.29212946,0.42380607,0.28406447
test-u0003804,0,0,0.37927434,0.31106365,0.30966198
test-u0003805,1,1,0.2566908,0.5055252,0.23778407
test-u0003806,1,1,0.2849126,0.43850118,0.27658626
test-u0003807,1,1,0.30606526,0.42203218,0.27190256
test-u0003808,2,1,0.2791911,0.4471305,0.27367836
test-u0003808,2,0,0.35998333,0.32867682,0.3113398
test-u0003831,1,2,0.36056212,0.2616958,0.37774202
test-u0003832,1,1,0.30390206,0.394409,0.30168885
test-u0003832,1,2,0.31287,0.3393345,0.34779558
test-u0003833,1,1,0.21591519,0.45209795,0.33198687
test-u0003834,1,1,0.18556906,0.47537145,0.33905956
test-u0003835,1,1,0.31987748,0.37306216,0.30706036
test-u0003836,1,1,0.29512268,0.44123742,0.26363993
test-u0003836,1,1,0.19325203,0.55969614,0.24705176
test-u0003837,1,1,0.2734943,0.46808752,0.25841814
test-u0003839,1,1,0.2607113,0.40554494,0.3337437
test-u0003840,1,1,0.27089924,0.42040503,0.30869573
test-u0003841,1,1,0.28243017,0.36488616,0.3526837
test-u0003854,2,2,0.2784409,0.3354759,0.38608325
test-u0003854,2,1,0.2882616,0.36711106,0.34462735
test-u0003855,2,2,0.30485904,0.28977588,0.40536508
test-u0003855,2,2,0.29882708,0.297006,0.40416697
test-u0003856,2,1,0.2233263,0.47138426,0.30528945
test-u0003857,1,2,0.3653008,0.2485083,0.38619086
test-u0003857,1,1,0.28539503,0.39975587,0.31484917
test-u0003857,1,2,0.29196498,0.3074937,0.4005414
test-u0003857,1,1,0.25036046,0.4197424,0.3298972
test-u0003858,0,1,0.2780032,0.41603324,0.30596364
test-u0003858,0,1,0.31480947,0.37292534,0.31226522
test-u0003859,2,0,0.34897095,0.32653064,0.3244985
test-u0003859,2,2,0.2824277,0.34021938,0.37735286
test-u0003859,2,0,0.36592582,0.35735103,0.27672318
test-u0003860,2,1,0.19601315,0.44096348,0.36302334
test-u0003860,2,2,0.25716105,0.36534074,0.37749824
test-u0003861,2,2,0.34503838,0.29740888,0.35755268
test-u0003861,2,2,0.31566286,0.31738967,0.36694747
test-u0003861,2,2,0.30884236,0.3199684,0.37118927
test-u0003861,2,1,0.3011478,0.3590953,0.33975688
test-u0003862,0,1,0.33831367,0.34063572,0.32105067
test-u0003862,0,2,0.22883375,0.36815885,0.40300745
test-u0003862,0,1,0.34023908,0.3431106,0.31665027
test-u0003862,0,2,0.33410844,0.29864624,0.36724532
test-u0003862,0,2,0.31990275,0.33283043,0.3472668
test-u0003918,1,1,0.32280353,0.38161826,0.29557824
test-u0003919,1,0,0.35846317,0.34932527,0.2922116
test-u0003920,1,1,0.32326522,0.3668986,0.30983615
test-u0003921,1,0,0.38028312,0.3584345,0.26128247
test-u0003922,1,1,0.34356877,0.3703416,0.2860897
test-u0003923,1,0,0.3449062,0.33796206,0.31713176
test-u0003924,1,0,0.37050235,0.32391492,0.30558276
test-u0003924,1,0,0.3814688,0.3312137,0.2873175
test-u0003925,1,1,0.33050114,0.3546522,0.3148467
test-u0003925,1,0,0.37912336,0.33440742,0.28646922
test-u0003926,1,1,0.32479864,0.35506612,0.32013527
test-u0003927,1,1,0.35560876,0.35667685,0.28771436
test-u0003928,1,1,0.31900766,0.37772822,0.30326414
test-u0004048,1,1,0.31582347,0.39440578,0.28977078
test-u0004049,2,1,0.33594194,0.3664381,0.29761988
test-u0004051,1,1,0.30516094,0.39694482,0.2978942
test-u0004052,2,0,0.41705316,0.18988827,0.3930586
test-u0004053,1,1,0.27931038,0.47650266,0.24418698
test-u0004126,2,1,0.32730278,0.3894397,0.28325757
test-u0004127,2,0,0.3709727,0.36488515,0.26414222
test-u0004128,2,1,0.35996482,0.37148893,0.26854625
test-u0004129,1,1,0.35996482,0.37148893,0.26854625
test-u0004130,2,1,0.3075623,0.38927057,0.3031672
test-u0004131,2,1,0.3075623,0.38927057,0.3031672
test-u0004132,1,1,0.29966885,0.39150614,0.30882493
test-u0004151,2,1,0.2762256,0.39296594,0.33080846
test-u0004152,1,2,0.29636863,0.33632353,0.36730787
test-u0004156,2,1,0.30606627,0.36880755,0.3251262
test-u0004158,1,1,0.2579225,0.4003848,0.34169266
test-u0004159,1,0,0.3409044,0.330358,0.32873762
test-u0004160,1,1,0.33168665,0.43230584,0.23600745
test-u0004160,1,1,0.31636372,0.35770893,0.32592735
test-u0004162,2,2,0.34348825,0.29090497,0.36560678
test-u0004164,1,2,0.33826444,0.30593577,0.3557998
test-u0004166,2,1,0.32027814,0.3952841,0.28443775
test-u0004167,1,2,0.3080732,0.32323745,0.3686893
test-u0004176,1,1,0.36326352,0.41852075,0.2182157
test-u0004177,1,1,0.35155612,0.4627662,0.18567768
test-u0004178,0,0,0.41311345,0.29689422,0.28999236
test-u0004178,0,1,0.37328902,0.37600416,0.2507068
test-u0004179,2,1,0.38590303,0.39303067,0.22106628
test-u0004180,2,1,0.37068647,0.39275524,0.2365583
test-u0004181,2,1,0.36422613,0.40796423,0.22780965
test-u0004182,2,1,0.36637485,0.42516628,0.20845886
test-u0004183,2,1,0.30018988,0.3871812,0.31262892
test-u0004184,0,1,0.36088926,0.4640133,0.17509744
test-u0004185,2,1,0.35030705,0.39744815,0.2522448
test-u0004186,1,1,0.34342277,0.418013,0.23856425
test-u0004187,2,1,0.33901718,0.48696122,0.17402163
test-u0004188,2,1,0.34937483,0.3776768,0.27294832
test-u0004189,0,1,0.32656005,0.37558037,0.29785958
test-u0004190,2,1,0.30656004,0.39362934,0.29981068
test-u0004285,1,1,0.3993257,0.42794436,0.17272998
test-u0004286,1,1,0.31798458,0.39418292,0.28783253
test-u0004287,1,0,0.3435938,0.33116746,0.3252387
test-u0004289,2,1,0.29883373,0.35601875,0.3451475
test-u0004290,1,0,0.35410586,0.34086224,0.30503184
test-u0004292,2,0,0.4290667,0.19838323,0.3725501
test-u0004293,1,1,0.32907996,0.37690252,0.29401752
test-u0004438,1,0,0.4351475,0.33783165,0.22702087
test-u0004439,1,2,0.28878397,0.32724497,0.3839711
test-u0004439,1,1,0.33518738,0.37120086,0.29361174
test-u0004440,2,0,0.35513,0.3221057,0.3227643
test-u0004441,2,1,0.33924925,0.3673223,0.29342848
test-u0004442,2,0,0.38361076,0.28759712,0.3287921
test-u0004444,1,0,0.3632345,0.32806557,0.3086999
test-u0004445,1,2,0.36488557,0.2690354,0.366079
test-u0004446,1,1,0.33574194,0.38090375,0.28335434
test-u0004447,1,0,0.36541033,0.29664436,0.3379453
test-u0004448,1,1,0.29825464,0.38209233,0.31965294
test-u0004449,2,1,0.3143306,0.34678087,0.3388886
test-u0004486,1,2,0.3210828,0.33808476,0.34083244
test-u0004487,2,0,0.356234,0.33830228,0.3054636
test-u0004488,2,1,0.32360145,0.36902896,0.30736956
test-u0004489,2,0,0.35726756,0.33368883,0.3090436
test-u0004490,2,1,0.35026798,0.4263462,0.22338584
test-u0004490,2,0,0.41181463,0.33020073,0.25798464
test-u0004491,2,0,0.40565893,0.326721,0.26762006
test-u0004491,2,0,0.41444176,0.34000227,0.24555594
test-u0004640,0,2,0.33700338,0.32017732,0.34281933
test-u0004640,0,0,0.39148384,0.23463161,0.37388453
test-u0004640,0,2,0.33796465,0.28697076,0.37506455
test-u0004640,0,0,0.36789384,0.32213077,0.30997542
test-u0004640,0,1,0.34318936,0.3778568,0.27895385
test-u0004641,1,1,0.35655034,0.36599833,0.27745128
test-u0004641,1,0,0.36777183,0.30902243,0.3232057
test-u0004641,1,1,0.28836614,0.3721381,0.33949572
test-u0004641,1,0,0.38831878,0.25429145,0.35738984
test-u0004641,1,2,0.33658156,0.30553153,0.35788688
test-u0004642,1,1,0.32827157,0.39968082,0.27204755
test-u0004643,1,1,0.2665759,0.3673993,0.36602476
test-u0004644,1,1,0.32678548,0.37685978,0.2963547
test-u0004645,0,1,0.33700076,0.35775894,0.30524027
test-u0004646,0,1,0.33700076,0.35775894,0.30524027
test-u0004647,2,1,0.3742964,0.38561085,0.24009278
test-u0004648,1,1,0.3742964,0.38561085,0.24009278
test-u0004649,1,1,0.26752624,0.5345624,0.1979114
test-u0004663,2,1,0.34293875,0.387992,0.26906925
test-u0004664,2,1,0.36170653,0.378902,0.25939152
test-u0004666,2,1,0.3215148,0.43183023,0.24665502
test-u0004667,1,1,0.3152195,0.43018895,0.25459152
test-u0004668,1,1,0.34476888,0.43485618,0.22037493
test-u0004669,1,1,0.32215092,0.41996086,0.25788823
test-u0004670,1,1,0.34665483,0.41663843,0.23670681
test-u0004671,1,1,0.35587835,0.42422923,0.21989237
test-u0004672,1,1,0.32091215,0.4212168,0.2578711
test-u0004673,1,1,0.32616726,0.43274206,0.24109064
test-u0004735,1,1,0.30182672,0.40346462,0.29470867
test-u0004736,1,1,0.30343395,0.43128407,0.265282
test-u0004737,1,1,0.24324557,0.4644218,0.2923325
test-u0004738,2,1,0.24494307,0.39363402,0.36142287
test-u0004739,1,0,0.35820556,0.29625893,0.3455355
test-u0004739,1,2,0.30567315,0.3377845,0.35654232
test-u0004739,1,0,0.3731507,0.36844033,0.25840896
test-u0004739,1,0,0.3894761,0.2795291,0.3309947
test-u0004740,2,0,0.37174815,0.26314795,0.36510387
test-u0004740,2,1,0.2941394,0.4437109,0.26214978
test-u0004740,2,2,0.35432154,0.28773853,0.35793993
test-u0004892,0,0,0.36944553,0.2819932,0.34856132
test-u0004893,0,2,0.31666836,0.32058087,0.3627508
test-u0004897,2,0,0.34409225,0.31588835,0.3400194
test-u0004962,2,1,0.33193105,0.37016982,0.29789904
test-u0004963,0,1,0.23633742,0.45524454,0.3084181
test-u0004963,0,2,0.32605377,0.2615393,0.4124069
test-u0004963,0,2,0.3470783,0.2677027,0.38521898
test-u0004964,1,1,0.2768249,0.49949428,0.22368085
test-u0004965,1,1,0.21954487,0.45150417,0.328951
test-u0004965,1,2,0.3457185,0.26333463,0.39094687
test-u0004966,2,1,0.21874619,0.4351603,0.34609348
test-u0004966,2,2,0.35316142,0.23475419,0.41208443
test-u0004967,1,0,0.4433547,0.29300797,0.2636373
test-u0004967,1,0,0.3685096,0.27377144,0.3577189
test-u0004968,1,0,0.38137484,0.33470774,0.28391743
test-u0004969,1,0,0.38847408,0.32970175,0.28182414
test-u0004969,1,0,0.40472016,0.30069646,0.29458338
test-u0004970,2,0,0.38240778,0.31114018,0.30645207
test-u0004970,2,1,0.32628694,0.40113765,0.2725754
test-u0004970,2,0,0.39899343,0.25597042,0.3450361
test-u0004971,2,0,0.42155403,0.28568685,0.29275912
test-u0004971,2,0,0.39559224,0.235187,0.36922073
test-u0004972,2,0,0.36843023,0.3212472,0.3103226
test-u0004972,2,0,0.39270195,0.31308943,0.2942086
test-u0004973,1,2,0.34614745,0.29001632,0.36383626
test-u0004973,1,0,0.36938006,0.2645942,0.36602575
test-u0004974,2,0,0.4205435,0.30675265,0.2727039
test-u0004975,1,2,0.3349419,0.2985323,0.36652574
test-u0004976,0,0,0.38553983,0.38156444,0.23289569
test-u0004976,0,1,0.33559334,0.34504443,0.3193622
test-u0004977,1,0,0.43611157,0.295935,0.2679534
test-u0004977,1,0,0.34396124,0.32108876,0.33495
test-u0004978,2,1,0.3554568,0.40635565,0.23818752
test-u0005020,2,0,0.42293194,0.31020024,0.26686782
test-u0005020,2,2,0.3215072,0.32426602,0.35422674
test-u0005021,1,0,0.37964338,0.35395417,0.26640245
test-u0005021,1,2,0.28106266,0.32296538,0.39597198
test-u0005021,1,2,0.32477057,0.306096,0.36913338
test-u0005021,1,2,0.352448,0.2844882,0.36306384
test-u0005022,2,0,0.34711513,0.34244224,0.3104426
test-u0005023,2,1,0.31669068,0.38486236,0.2984469
test-u0005024,2,0,0.33754453,0.33075812,0.33169731
test-u0005024,2,0,0.41836375,0.29431352,0.2873228
test-u0005025,1,1,0.25605974,0.45517808,0.28876224
test-u0005025,1,1,0.2940705,0.4188692,0.28706023
test-u0005025,1,1,0.26325867,0.37343228,0.36330906
test-u0005026,0,0,0.46397004,0.26659322,0.26943672
test-u0005026,0,1,0.30616114,0.3540143,0.33982456
test-u0005027,1,2,0.30863926,0.3423623,0.34899846
test-u0005028,2,0,0.3781994,0.31006145,0.31173915
test-u0005058,2,0,0.37485608,0.34984505,0.27529886
test-u0005059,2,1,0.33429864,0.39334014,0.27236116
test-u0005059,2,1,0.3778918,0.4043107,0.21779744
test-u0005060,1,1,0.25139055,0.5086765,0.23993291
test-u0005060,1,2,0.33440566,0.3104453,0.355149
test-u0005060,1,1,0.3282244,0.37684038,0.2949352
test-u0005061,2,1,0.29107624,0.39972606,0.3091977
test-u0005062,2,1,0.30638763,0.36644343,0.32716894
test-u0005062,2,1,0.30022815,0.39282557,0.30694622
test-u0005062,2,2,0.2899816,0.34642702,0.36359134
test-u0005062,2,2,0.29197004,0.33611587,0.37191406
test-u0005063,2,0,0.39356944,0.37291193,0.23351872
test-u0005063,2,1,0.34042558,0.34062818,0.31894624
test-u0005063,2,0,0.44692105,0.3694699,0.18360907
test-u0005064,0,0,0.3854994,0.25535467,0.35914594
test-u0005064,0,0,0.4004907,0.2602645,0.33924475
test-u0005064,0,2,0.32810932,0.32074583,0.3511449
test-u0005064,0,2,0.3341974,0.3063077,0.3594949
test-u0005064,0,2,0.34355903,0.26559228,0.39084873
test-u0005064,0,2,0.2909319,0.35413638,0.35493168
test-u0005064,0,2,0.33102033,0.27431992,0.39465982
test-u0005064,0,0,0.36970207,0.34397045,0.28632748
test-u0005064,0,0,0.39399594,0.23264918,0.37335482
test-u0005064,0,0,0.44757938,0.33564728,0.21677332
test-u0005064,0,0,0.38176998,0.29316357,0.32506654
test-u0005064,0,2,0.34275764,0.3054216,0.35182077
test-u0005064,0,0,0.34095126,0.3264176,0.33263117
test-u0005064,0,1,0.2568849,0.41439444,0.3287207
test-u0005064,0,0,0.39643368,0.35447025,0.24909607
test-u0005064,0,1,0.33413565,0.34973687,0.31612745
test-u0005064,0,2,0.287156,0.31233358,0.40051046
test-u0005065,0,1,0.28594783,0.35727814,0.35677406
test-u0005065,0,1,0.32802755,0.40246698,0.2695054
test-u0005065,0,0,0.3952194,0.29839748,0.3063832
test-u0005065,0,1,0.2425981,0.39113894,0.36626294
test-u0005066,0,2,0.23718078,0.36024737,0.40257186
test-u0005066,0,1,0.33447286,0.35879958,0.3067275
test-u0005066,0,1,0.3796195,0.40744907,0.21293142
