sample_id,y_true,y_pred,prob_negative,prob_neutral,prob_positive
train-u0000017,1,2,0.30522862,0.34596595,0.3488054
train-u0000018,2,2,0.3257956,0.32026732,0.35393703
train-u0000019,0,0,0.3612945,0.30231482,0.3363907
train-u0000020,0,0,0.3517336,0.31029138,0.33797503
train-u0000021,0,2,0.33035636,0.32065877,0.3489848
train-u0000022,1,1,0.26791748,0.39595288,0.33612964
train-u0000023,1,1,0.301191,0.3827363,0.31607273
train-u0000024,1,1,0.3031835,0.38297823,0.31383824
train-u0000025,1,1,0.30222383,0.3831358,0.31464034
train-u0000026,0,1,0.3391186,0.3412994,0.31958196
train-u0000027,2,2,0.30620387,0.3350701,0.358726
train-u0000028,0,2,0.32043287,0.3280635,0.3515036
train-u0000029,1,2,0.3240605,0.3213012,0.35463837
train-u0000030,1,1,0.27837592,0.37479374,0.34683028
train-u0000031,0,2,0.31482372,0.33295253,0.35222375
train-u0000091,1,1,0.310501,0.38531542,0.30418354
train-u0000092,0,1,0.330782,0.3712928,0.29792517
train-u0000093,0,1,0.32402787,0.3648045,0.31116766
train-u0000094,0,2,0.3362218,0.3155326,0.34824562
train-u0000095,0,1,0.31642228,0.3669309,0.31664678
train-u0000096,1,1,0.32676896,0.35989755,0.3133335
train-u0000097,1,2,0.3239414,0.3231865,0.35287213
train-u0000098,2,1,0.3089511,0.38624722,0.30480173
train-u0000099,0,1,0.3196279,0.3634824,0.31688964
train-u0000100,1,1,0.31616265,0.36287588,0.3209615
train-u0000101,2,1,0.3214486,0.3472856,0.33126578
train-u0000102,2,1,0.31545225,0.3529781,0.33156964
train-u0000103,1,1,0.31359476,0.3878614,0.29854384
train-u0000104,0,1,0.30666772,0.38333827,0.30999398
train-u0000105,2,1,0.30287078,0.38123888,0.31589037
train-u0000106,0,1,0.2924386,0.38472185,0.32283956
train-u0000107,1,2,0.338355,0.31001383,0.3516312
train-u0000108,1,1,0.28467298,0.38926473,0.32606235
train-u0000109,1,2,0.32807544,0.3333881,0.33853653
train-u0000110,1,0,0.3433403,0.31784683,0.33881286
train-u0000111,1,2,0.33653072,0.32381794,0.33965132
train-u0000376,0,2,0.3207806,0.33550972,0.34370965
train-u0000377,0,1,0.31695625,0.34438804,0.33865574
train-u0000378,0,2,0.3194842,0.3350101,0.34550568
train-u0000379,0,2,0.32104632,0.3358826,0.34307104
train-u0000380,1,1,0.31290156,0.3494582,0.3376403
train-u0000381,2,2,0.30105376,0.33715785,0.3617884
train-u0000382,0,2,0.31371832,0.34062895,0.34565276
train-u0000383,0,1,0.32347664,0.33964524,0.33687818
train-u0000384,1,2,0.3247191,0.33452675,0.3407542
train-u0000385,0,0,0.35679615,0.30723372,0.3359701
train-u0000386,1,1,0.32322583,0.34481335,0.33196077
train-u0000387,0,1,0.29915786,0.38432723,0.31651497
train-u0000388,1,1,0.29762667,0.39573222,0.3066412
train-u0000389,0,1,0.29783544,0.39199734,0.31016725
train-u0000390,2,1,0.30621788,0.3899902,0.30379203
train-u0000391,1,1,0.2980874,0.39491647,0.30699614
train-u0000392,1,1,0.30160838,0.37381062,0.324581
train-u0000393,1,1,0.34819952,0.3529464,0.29885408
train-u0000394,1,1,0.31131738,0.3458247,0.34285796
train-u0000424,2,2,0.32610676,0.33176252,0.3421307
train-u0000425,0,1,0.32183704,0.3392588,0.33890423
train-u0000426,0,1,0.3251869,0.3562745,0.31853864
train-u0000427,0,1,0.3251869,0.3562745,0.31853864
train-u0000428,0,2,0.32360935,0.33484033,0.3415503
train-u0000434,1,1,0.31286013,0.34372446,0.3434154
train-u0000435,1,1,0.30669415,0.35542887,0.33787698
train-u0000436,1,1,0.30669415,0.35542887,0.33787698
train-u0000437,1,2,0.30971748,0.34324554,0.347037
train-u0000438,1,1,0.2954556,0.36753592,0.33700848
train-u0000468,2,1,0.2929572,0.38204253,0.32500026
train-u0000469,0,1,0.30436027,0.3801413,0.31549847
train-u0000470,0,1,0.30717435,0.37781435,0.31501132
train-u0000471,0,1,0.29870304,0.3773225,0.32397446
train-u0000472,0,1,0.30374923,0.3740899,0.32216093
train-u0000473,2,1,0.31713668,0.364228,0.3186353
train-u0000474,1,1,0.31453982,0.36994645,0.3155138
train-u0000475,0,1,0.3051216,0.36962146,0.3252569
train-u0000505,0,1,0.29211414,0.3673533,0.34053254
train-u0000506,0,1,0.3393469,0.3487067,0.31194642
train-u0000507,0,1,0.3321255,0.3551523,0.3127222
train-u0000508,1,1,0.28029597,0.38459727,0.33510676
train-u0000509,1,1,0.32165095,0.3505287,0.32782036
train-u0000510,1,1,0.31387568,0.35938618,0.32673812
train-u0000511,0,2,0.33312693,0.3330039,0.33386922
train-u0000610,2,0,0.35494038,0.319754,0.32530558
train-u0000611,1,1,0.33772162,0.35103536,0.31124303
train-u0000612,0,0,0.33998033,0.3262084,0.33381128
train-u0000613,1,0,0.36174858,0.32194993,0.31630152
train-u0000614,0,0,0.3822349,0.30347252,0.31429264
train-u0000615,0,0,0.3846524,0.30153012,0.3138175
train-u0000616,0,0,0.39338273,0.30079848,0.30581886
train-u0000617,0,0,0.3775514,0.31014976,0.31229883
train-u0000698,1,1,0.31028712,0.34637707,0.34333578
train-u0000699,0,1,0.31631148,0.35878667,0.32490188
train-u0000700,0,0,0.42482862,0.29110104,0.28407037
train-u0000701,0,0,0.43262616,0.28480393,0.28256992
train-u0000702,0,1,0.3423161,0.35490346,0.30278048
train-u0000703,0,0,0.34168833,0.31990895,0.3384027
train-u0000704,0,0,0.35280192,0.32318544,0.32401258
train-u0000705,0,0,0.3556759,0.3447193,0.2996048
train-u0000706,0,0,0.3508378,0.3276065,0.32155576
train-u0000707,0,0,0.35512462,0.33152285,0.31335258
train-u0000708,0,2,0.33503813,0.31677353,0.3481883
train-u0000709,0,2,0.32573473,0.335926,0.3383392
train-u0000710,0,1,0.33024827,0.33819726,0.33155447
train-u0000711,0,0,0.37255007,0.29126,0.3361899
train-u0000712,0,2,0.32173967,0.33823004,0.34003028
train-u0000713,0,1,0.3304372,0.36428645,0.3052763
train-u0000714,0,1,0.32145086,0.37459043,0.30395874
train-u0000715,0,1,0.32249764,0.36418355,0.31331888
train-u0000744,0,1,0.30141062,0.3607346,0.33785477
train-u0000745,0,1,0.29056776,0.35687834,0.35255393
train-u0000746,0,2,0.27498397,0.36004925,0.36496684
train-u0000747,0,1,0.2750299,0.37069878,0.35427132
train-u0000748,0,2,0.26488802,0.35653353,0.37857842
train-u0000749,0,2,0.29241395,0.3324079,0.37517813
train-u0000750,2,2,0.28391263,0.3575146,0.35857278
train-u0000751,0,2,0.27110866,0.36429673,0.36459458
train-u0000752,0,1,0.28805968,0.3699121,0.3420283
train-u0000753,2,2,0.28601116,0.35521844,0.35877037
train-u0000754,1,1,0.28805506,0.36922643,0.3427185
train-u0000755,0,1,0.27871054,0.37767896,0.3436105
train-u0000756,0,1,0.28768578,0.35781798,0.35449624
train-u0000757,0,1,0.27865434,0.3640597,0.35728598
train-u0000758,0,1,0.31339508,0.34482428,0.34178063
train-u0000759,1,1,0.29741067,0.36117473,0.34141466
train-u0000833,0,1,0.3308494,0.37565002,0.2935006
train-u0000834,2,1,0.34145027,0.3845303,0.27401942
train-u0000835,0,1,0.33713663,0.37543118,0.2874322
train-u0000836,0,1,0.35071018,0.3642124,0.28507745
train-u0000837,0,1,0.33351514,0.3875543,0.27893063
train-u0000838,0,1,0.34051502,0.38406727,0.27541775
train-u0000915,1,1,0.3426922,0.3458425,0.31146523
train-u0000916,0,1,0.33125696,0.3586034,0.31013975
train-u0000917,1,0,0.3581708,0.3447107,0.29711846
train-u0000918,1,1,0.33363757,0.3649836,0.30137888
train-u0000919,0,1,0.35376567,0.35463712,0.2915973
train-u0000920,0,1,0.34150717,0.35836953,0.30012333
train-u0000921,0,1,0.33201283,0.35090986,0.31707737
train-u0000969,1,0,0.35830185,0.34178916,0.299909
train-u0000970,1,1,0.32606274,0.34559095,0.32834634
train-u0000971,0,1,0.3417248,0.3509316,0.30734363
train-u0000972,1,0,0.3808717,0.31355065,0.30557758
train-u0000973,1,1,0.34285533,0.3660556,0.291089
train-u0000974,1,0,0.382223,0.316006,0.301771
train-u0000975,1,1,0.3396823,0.35598412,0.30433357
train-u0000976,1,0,0.3606496,0.33952668,0.2998237
train-u0000977,1,1,0.32168847,0.3761375,0.302174
train-u0000978,1,1,0.31417418,0.3676689,0.3181569
train-u0000979,1,1,0.31417418,0.3676689,0.3181569
train-u0000980,0,0,0.36600518,0.32920524,0.30478963
train-u0000981,2,1,0.3459099,0.3530126,0.30107749
train-u0000982,2,1,0.3459099,0.3530126,0.30107749
train-u0001074,0,0,0.34258926,0.33182955,0.32558113
train-u0001075,2,1,0.33522907,0.3372969,0.32747394
train-u0001076,0,0,0.3451276,0.3173401,0.33753234
train-u0001077,0,1,0.30830094,0.37889636,0.31280264
train-u0001078,0,1,0.3201842,0.36794963,0.31186613
train-u0001079,0,1,0.30305213,0.36753446,0.3294134
train-u0001080,1,1,0.30717105,0.37252083,0.32030812
train-u0001081,0,1,0.2998696,0.37610856,0.32402188
train-u0001082,0,1,0.32991758,0.35234642,0.31773597
train-u0001083,0,1,0.31545728,0.3590181,0.32552454
train-u0001084,0,1,0.3157685,0.37281597,0.31141555
train-u0001170,0,1,0.33193123,0.3594526,0.30861613
train-u0001171,1,1,0.33083865,0.3690294,0.30013192
train-u0001172,1,1,0.3389772,0.35672626,0.30429652
train-u0001173,0,1,0.33655947,0.35899526,0.30444524
train-u0001174,1,1,0.32500494,0.35584497,0.31915012
train-u0001175,1,2,0.33524978,0.32080895,0.34394127
train-u0001176,2,1,0.3324118,0.33607054,0.3315177
train-u0001177,2,1,0.3448306,0.35982615,0.29534322
train-u0001178,1,1,0.34602448,0.35472152,0.299254
train-u0001179,2,1,0.34701458,0.35345253,0.29953283
train-u0001180,0,1,0.33344352,0.37301514,0.29354134
train-u0001181,1,1,0.33512026,0.3360965,0.32878327
train-u0001182,1,1,0.3304218,0.3426588,0.32691932
train-u0001183,1,0,0.3492337,0.3365179,0.3142484
train-u0001205,0,1,0.33728993,0.35605377,0.30665636
train-u0001206,0,1,0.33678597,0.3531946,0.3100195
train-u0001207,0,1,0.29304245,0.36115527,0.34580222
train-u0001208,1,0,0.3563705,0.31369945,0.32993007
train-u0001209,1,0,0.36350045,0.3098442,0.32665533
train-u0001210,1,0,0.35353914,0.32824913,0.31821173
train-u0001211,1,1,0.34642023,0.34651554,0.30706424
train-u0001212,0,0,0.34350064,0.32404387,0.33245546
train-u0001213,2,0,0.3481846,0.3282179,0.32359746
train-u0001214,2,0,0.34992406,0.33602875,0.31404722
train-u0001215,2,0,0.3658777,0.33176723,0.30235502
train-u0001216,2,0,0.35357463,0.3202319,0.32619336
train-u0001217,1,1,0.3385734,0.36226866,0.29915798
train-u0001218,0,1,0.32930693,0.34573138,0.3249616
train-u0001219,2,0,0.34457576,0.3298215,0.32560277
train-u0001220,1,1,0.3274662,0.34528407,0.32724974
train-u0001221,1,2,0.3294734,0.32845163,0.34207493
train-u0001230,2,1,0.34599543,0.3607182,0.29328635
train-u0001231,1,0,0.37342623,0.30398524,0.3225885
train-u0001232,1,0,0.3430306,0.34237412,0.31459528
train-u0001233,0,1,0.34418878,0.3551296,0.3006816
train-u0001234,2,0,0.35435355,0.3333443,0.31230214
train-u0001235,2,0,0.34859264,0.34336594,0.30804142
train-u0001236,2,1,0.33746645,0.36254382,0.29998973
train-u0001237,1,0,0.37186533,0.30151698,0.32661772
train-u0001238,1,0,0.3698722,0.3060861,0.32404166
train-u0001239,0,0,0.352831,0.32232028,0.32484868
train-u0001240,2,1,0.32408118,0.3712821,0.30463675
train-u0001241,0,0,0.3501227,0.32117417,0.32870308
train-u0001336,0,0,0.34854192,0.34755582,0.3039023
train-u0001337,1,1,0.3315213,0.3407911,0.32768756
train-u0001338,0,1,0.32820514,0.3546889,0.31710595
train-u0001339,2,1,0.3383986,0.34248364,0.31911775
train-u0001340,2,1,0.33523038,0.35619086,0.30857885
train-u0001341,2,0,0.4045064,0.27265343,0.32284024
train-u0001342,2,0,0.37936693,0.30946618,0.31116688
train-u0001343,0,0,0.36830193,0.30156934,0.33012873
train-u0001344,2,0,0.36796287,0.30472398,0.32731313
train-u0001345,2,0,0.35389325,0.34149882,0.30460787
train-u0001346,0,1,0.34409633,0.35139865,0.30450505
train-u0001347,0,1,0.34739357,0.35500315,0.2976033
train-u0001348,1,0,0.3599308,0.3455845,0.29448473
train-u0001349,0,0,0.35344422,0.349802,0.29675382
train-u0001350,0,0,0.3516298,0.34902903,0.29934117
train-u0001351,1,0,0.3486891,0.34712362,0.3041873
train-u0001352,1,0,0.3531803,0.32502747,0.32179224
train-u0001353,0,0,0.35649112,0.33349073,0.3100182
train-u0001354,0,2,0.33126277,0.332302,0.33643526
train-u0001483,2,0,0.3422084,0.33161902,0.32617262
train-u0001484,0,0,0.35569733,0.30688053,0.33742216
train-u0001485,0,1,0.31826872,0.35049492,0.3312363
train-u0001486,2,0,0.3485322,0.33493885,0.31652895
train-u0001487,0,0,0.34361205,0.33127928,0.32510868
train-u0001488,2,1,0.33699584,0.33774945,0.32525477
train-u0001489,0,0,0.35672066,0.34720176,0.29607764
train-u0001490,0,0,0.3497713,0.32519546,0.32503328
train-u0001539,0,0,0.35804385,0.31420952,0.32774657
train-u0001540,1,0,0.43641397,0.2712493,0.29233667
train-u0001541,1,0,0.34131172,0.3290308,0.32965747
train-u0001542,2,0,0.35672638,0.33374825,0.30952525
train-u0001543,2,0,0.3374058,0.32644856,0.33614564
train-u0001544,2,1,0.33710256,0.36180422,0.30109322
train-u0001545,2,1,0.31934303,0.35023093,0.33042607
train-u0001546,2,0,0.35029763,0.3185401,0.3311623
train-u0001547,1,1,0.3269031,0.3611542,0.31194276
train-u0001548,2,0,0.40834707,0.28166065,0.30999222
train-u0001549,0,1,0.33775085,0.35485855,0.3073906
train-u0001550,2,0,0.34745473,0.3267744,0.3257709
train-u0001551,1,0,0.3641869,0.30878845,0.3270246
train-u0001552,2,2,0.32914862,0.33397213,0.33687922
train-u0001553,2,2,0.32914862,0.33397213,0.33687922
train-u0001554,1,0,0.35677445,0.32045907,0.32276642
train-u0001555,0,0,0.3408711,0.3322569,0.32687202
train-u0001556,0,1,0.33870763,0.3614477,0.29984468
train-u0001557,2,1,0.33247584,0.36798608,0.29953805
train-u0001567,1,0,0.3423574,0.34087825,0.31676435
train-u0001568,1,0,0.3519526,0.33626717,0.3117802
train-u0001569,1,1,0.33108512,0.35095155,0.3179634
train-u0001570,1,0,0.34173042,0.33028388,0.32798573
train-u0001571,1,0,0.34988707,0.3308484,0.31926453
train-u0001572,1,0,0.35303235,0.3081558,0.3388118
train-u0001573,1,0,0.34828356,0.31868234,0.3330341
train-u0001574,0,0,0.34424204,0.34100503,0.31475297
train-u0001575,2,1,0.34328592,0.35624808,0.30046603
train-u0001576,0,1,0.3392289,0.33977443,0.3209966
train-u0001630,0,0,0.35926366,0.30800748,0.3327289
train-u0001631,1,0,0.3353782,0.33068693,0.3339349
train-u0001632,2,0,0.34401196,0.32617712,0.32981086
train-u0001633,1,1,0.3262869,0.34132966,0.3323834
train-u0001634,2,0,0.36264458,0.30125386,0.3361016
train-u0001635,0,0,0.34545732,0.31547093,0.33907175
train-u0001636,1,0,0.3703751,0.2980071,0.33161774
train-u0001637,0,0,0.36795205,0.3238628,0.30818525
train-u0001638,1,1,0.33434132,0.34366888,0.32198986
train-u0001639,1,0,0.34117156,0.33830404,0.32052433
train-u0001640,2,1,0.3360223,0.3369314,0.3270463
train-u0001641,2,1,0.32735568,0.34828666,0.3243577
train-u0001642,0,2,0.33714277,0.324193,0.3386642
train-u0001643,0,1,0.33504498,0.36273313,0.3022219
train-u0001719,0,0,0.34980145,0.32837695,0.32182166
train-u0001720,0,0,0.34322742,0.33578175,0.3209908
train-u0001721,0,1,0.34466663,0.34572488,0.3096085
train-u0001722,2,1,0.33537087,0.35181406,0.312815
train-u0001723,2,0,0.3646858,0.32312644,0.31218773
train-u0001724,2,1,0.33722547,0.34011918,0.32265532
train-u0001725,2,0,0.3709517,0.31257024,0.31647804
train-u0001726,0,0,0.3795072,0.30402836,0.31646442
train-u0001727,2,0,0.36213544,0.32393515,0.31392947
train-u0001728,0,0,0.36266416,0.3235094,0.31382647
train-u0001729,0,0,0.38196275,0.3075169,0.31052035
train-u0001730,2,0,0.37226728,0.32072163,0.3070111
train-u0001743,1,1,0.33542356,0.3648723,0.29970407
train-u0001744,0,1,0.33798012,0.36760166,0.29441822
train-u0001745,1,1,0.3426084,0.38043398,0.27695766
train-u0001746,1,1,0.341463,0.3860644,0.27247256
train-u0001747,2,1,0.3366561,0.39615375,0.26719013
train-u0001748,1,1,0.34115872,0.36533502,0.2935062
train-u0001788,1,1,0.34789023,0.37572858,0.2763812
train-u0001789,0,1,0.33247274,0.38312593,0.2844014
train-u0001790,1,1,0.33087426,0.3674404,0.3016853
train-u0001791,1,0,0.36583713,0.33295614,0.30120674
train-u0001792,0,0,0.3734934,0.30944598,0.31706062
train-u0001793,0,0,0.38683623,0.2981471,0.3150166
train-u0001794,1,0,0.35374677,0.32823834,0.31801483
train-u0001795,1,0,0.37702194,0.31089407,0.31208393
train-u0001796,1,0,0.35271582,0.34365895,0.30362517
train-u0001845,0,1,0.3445284,0.3552781,0.30019346
train-u0001846,1,0,0.37114844,0.29977518,0.32907635
train-u0001847,2,1,0.33935577,0.34567487,0.3149694
train-u0001848,2,0,0.36699715,0.32431778,0.3086851
train-u0001849,0,1,0.31149542,0.36707154,0.32143304
train-u0001850,0,0,0.34934515,0.3277192,0.3229356
train-u0001851,2,0,0.3503906,0.30812523,0.34148413
train-u0001852,2,1,0.31965336,0.37547085,0.30487582
train-u0001853,0,1,0.31599054,0.36128294,0.32272652
train-u0001854,0,0,0.36677822,0.33408397,0.29913786
train-u0001855,0,0,0.35551867,0.3269312,0.31755012
train-u0001856,1,1,0.32063794,0.36234266,0.31701937
train-u0001928,2,1,0.33382836,0.3755577,0.29061398
train-u0001929,1,1,0.31549555,0.36459225,0.3199122
train-u0001930,2,1,0.34520948,0.36255628,0.29223427
train-u0001931,2,1,0.31638017,0.370335,0.31328487
train-u0001932,2,1,0.3216186,0.37188372,0.30649763
train-u0001933,0,1,0.3477442,0.35664725,0.29560852
train-u0001934,2,0,0.3750624,0.32596222,0.2989754
train-u0001935,2,0,0.35416502,0.3091103,0.3367247
train-u0001936,0,0,0.38379514,0.28209963,0.33410522
train-u0001937,0,0,0.40159807,0.27175024,0.3266516
train-u0001938,2,0,0.40813783,0.2656593,0.32620284
train-u0001939,1,0,0.3817767,0.27643448,0.3417888
train-u0002060,1,1,0.33359447,0.35745275,0.30895278
train-u0002061,0,0,0.35452372,0.2961856,0.34929067
train-u0002062,1,2,0.32941476,0.316365,0.3542203
train-u0002063,2,0,0.3569443,0.32473364,0.31832203
train-u0002064,1,1,0.34629944,0.36482468,0.28887585
train-u0002128,0,1,0.32991707,0.34057254,0.32951045
train-u0002129,0,1,0.3203358,0.34157896,0.33808523
train-u0002130,0,1,0.32780313,0.3409824,0.33121443
train-u0002131,0,1,0.3092908,0.36677653,0.32393274
train-u0002132,0,1,0.3184676,0.34479973,0.3367326
train-u0002133,0,1,0.33069214,0.3436459,0.32566193
train-u0002134,0,1,0.33692747,0.3561202,0.30695236
train-u0002135,0,1,0.30981132,0.3776797,0.31250897
train-u0002136,2,1,0.31113768,0.38282254,0.30603975
train-u0002163,0,1,0.34448963,0.34468678,0.31082362
train-u0002164,0,1,0.33013052,0.37707537,0.29279414
train-u0002165,0,1,0.31446686,0.36030152,0.3252316
train-u0002166,0,1,0.31261915,0.3675324,0.31984845
train-u0002167,0,1,0.31860095,0.36891797,0.31248108
train-u0002168,0,1,0.30044025,0.3762198,0.3233399
train-u0002326,1,1,0.3159902,0.36683756,0.31717223
train-u0002327,0,1,0.33479255,0.36216277,0.3030447
train-u0002328,0,0,0.36270997,0.31514692,0.3221431
train-u0002329,0,0,0.3565979,0.31850806,0.3248941
train-u0002330,1,1,0.3363594,0.36061525,0.30302536
train-u0002331,1,1,0.3338577,0.36157748,0.3045648
train-u0002332,0,1,0.33858687,0.35569063,0.30572248
train-u0002333,1,1,0.3456338,0.35205904,0.3023072
train-u0002334,1,0,0.34730652,0.34546766,0.30722588
train-u0002335,0,1,0.33709684,0.3572732,0.30563
train-u0002336,1,1,0.34694967,0.35468408,0.29836625
train-u0002337,0,0,0.35255787,0.34517008,0.30227205
train-u0002338,1,0,0.35190696,0.3457869,0.30230612
train-u0002339,1,0,0.35134077,0.34660155,0.30205765
train-u0002340,1,1,0.32264948,0.37034002,0.3070105
train-u0002341,1,1,0.32264948,0.37034002,0.3070105
train-u0002342,2,1,0.32603824,0.34361503,0.33034676
train-u0002343,2,0,0.37240165,0.32689404,0.30070427
train-u0002344,2,1,0.3470574,0.36121958,0.29172304
train-u0002345,1,1,0.32438892,0.3587437,0.31686738
train-u0002346,2,1,0.3362173,0.34270105,0.3210816
train-u0002347,2,1,0.33749536,0.35175538,0.3107493
train-u0002348,1,1,0.33808184,0.35333246,0.30858573
train-u0002349,0,1,0.3406947,0.34384483,0.31546053
train-u0002350,1,1,0.33574373,0.35708803,0.30716822
train-u0002351,0,1,0.33842662,0.3434408,0.31813258
train-u0002352,0,1,0.3412277,0.34654886,0.31222343
train-u0002353,1,1,0.33169022,0.35506436,0.31324542
train-u0002354,1,1,0.3393873,0.3488061,0.31180656
train-u0002355,0,1,0.33605507,0.3548217,0.30912328
train-u0002356,0,1,0.331534,0.35210526,0.31636074
train-u0002357,1,1,0.32471183,0.36406872,0.31121942
train-u0002358,1,1,0.34221134,0.35868454,0.29910415
train-u0002412,0,0,0.37545696,0.29474512,0.32979792
train-u0002413,2,0,0.38326162,0.29031554,0.32642287
train-u0002414,2,0,0.37738273,0.2920729,0.3305444
train-u0002415,1,0,0.38663107,0.28794038,0.3254286
train-u0002416,0,0,0.3622928,0.30018577,0.3375214
train-u0002417,0,0,0.37949938,0.28677338,0.33372727
train-u0002418,0,0,0.40851012,0.26049253,0.33099735
train-u0002419,0,0,0.39461136,0.28430787,0.32108074
train-u0002420,1,0,0.36310714,0.30989647,0.32699642
train-u0002421,2,0,0.39476642,0.28533852,0.31989503
train-u0002422,0,0,0.37530333,0.29381567,0.33088103
train-u0002423,0,0,0.41070718,0.24635936,0.34293345
train-u0002424,0,0,0.36460674,0.29544237,0.3399509
train-u0002425,1,0,0.385813,0.2821514,0.33203557
train-u0002426,0,0,0.48776773,0.18528481,0.3269475
train-u0002528,1,1,0.30643925,0.3840682,0.30949256
train-u0002529,1,1,0.32622358,0.37978664,0.29398975
train-u0002530,0,0,0.38513327,0.3233477,0.29151905
train-u0002531,2,2,0.33458677,0.3119312,0.3534821
train-u0002532,2,2,0.3477118,0.2978813,0.35440692
train-u0002533,1,1,0.3045483,0.40020534,0.29524633
train-u0002534,1,1,0.32140628,0.38177472,0.29681897
train-u0002535,0,0,0.36857456,0.28865725,0.34276822
train-u0002536,1,0,0.37319276,0.3039142,0.32289305
train-u0002583,0,1,0.3330541,0.33570746,0.3312385
train-u0002584,1,1,0.33087263,0.33684742,0.33227992
train-u0002585,0,0,0.35378867,0.3092447,0.33696672
train-u0002586,0,2,0.33561897,0.32680804,0.33757296
train-u0002587,2,1,0.31480083,0.3461119,0.33908728
train-u0002618,0,1,0.3485122,0.35620043,0.29528737
train-u0002619,0,1,0.34360525,0.3557846,0.30061018
train-u0002620,0,1,0.34656313,0.3553564,0.29808047
train-u0002621,2,0,0.3508219,0.329452,0.3197261
train-u0002622,0,1,0.33566675,0.34073046,0.3236028
train-u0002623,1,0,0.34684578,0.34266686,0.3104873
train-u0002624,1,0,0.3634312,0.31819925,0.31836963
train-u0002645,2,1,0.3007167,0.3508302,0.3484531
train-u0002646,2,2,0.28905043,0.35116556,0.35978404
train-u0002647,2,2,0.28497145,0.3550073,0.36002126
train-u0002648,2,2,0.2826256,0.35642645,0.36094803
train-u0002649,2,2,0.28823015,0.34077796,0.37099192
train-u0002650,2,2,0.28263324,0.35426217,0.36310464
train-u0002651,2,2,0.29278123,0.3432239,0.36399487
train-u0002652,2,2,0.2951239,0.33746794,0.36740816
train-u0002653,2,2,0.31508282,0.32290468,0.36201248
train-u0002654,2,2,0.28568235,0.35357925,0.3607384
train-u0002655,2,2,0.31547946,0.331398,0.3531225
train-u0002656,0,1,0.31502283,0.3569272,0.32804993
train-u0002657,2,2,0.3129034,0.33276173,0.35433477
train-u0002658,2,1,0.2857787,0.38276315,0.3314582
train-u0002659,2,1,0.30340645,0.36487263,0.3317209
train-u0002660,2,2,0.30570313,0.34315038,0.3511465
train-u0002661,1,1,0.3016299,0.37057495,0.32779515
train-u0002662,2,2,0.33650362,0.3039437,0.35955262
train-u0002663,2,2,0.33513016,0.285743,0.3791269
train-u0002664,2,2,0.33356878,0.29656044,0.36987075
train-u0002665,2,2,0.33707544,0.28642604,0.37649855
train-u0002666,2,2,0.32280287,0.32183877,0.3553583
train-u0002667,2,0,0.3687014,0.2805317,0.35076687
train-u0002668,0,2,0.32512408,0.30846083,0.36641508
train-u0002669,2,2,0.31999618,0.31599498,0.36400884
train-u0002670,2,2,0.32347652,0.31606913,0.3604544
train-u0002671,0,2,0.3170312,0.3167236,0.3662452
train-u0002672,0,2,0.32772258,0.30838394,0.36389348
train-u0002673,0,2,0.32629672,0.31868482,0.35501847
train-u0002674,1,2,0.31910136,0.33254796,0.34835073
train-u0002675,0,0,0.34465432,0.31623507,0.33911055
train-u0002676,2,0,0.36386737,0.3038907,0.3322419
train-u0002888,2,0,0.3744869,0.28101128,0.34450188
train-u0002889,2,0,0.35579306,0.31360248,0.3306044
train-u0002890,2,0,0.36960122,0.27912408,0.35127476
train-u0002891,1,0,0.37145764,0.2942515,0.33429086
train-u0002892,2,0,0.3792714,0.29393035,0.3267983
train-u0002893,2,0,0.36460644,0.29968563,0.335708
train-u0002894,2,0,0.37451577,0.2898065,0.3356777
train-u0002972,1,2,0.32615894,0.33307517,0.3407659
train-u0002973,1,2,0.3393754,0.31736457,0.34326005
train-u0002974,1,0,0.368828,0.3027795,0.32839248
train-u0002975,1,0,0.3447262,0.31671998,0.3385538
train-u0002976,1,1,0.33373946,0.33382213,0.3324384
train-u0002977,2,0,0.3417551,0.32562077,0.3326241
train-u0003008,1,0,0.3994949,0.24007614,0.3604289
train-u0003009,0,0,0.3994949,0.24007614,0.3604289
train-u0003010,0,0,0.38865244,0.24030145,0.37104613
train-u0003011,1,0,0.34783825,0.30544266,0.3467191
train-u0003012,1,0,0.36775315,0.28767064,0.34457624
train-u0003013,1,0,0.3719103,0.27729848,0.3507913
train-u0003014,0,0,0.3762407,0.273346,0.35041323
train-u0003015,2,0,0.3762407,0.273346,0.35041323
train-u0003043,1,2,0.31402317,0.34186277,0.34411407
train-u0003044,2,0,0.3466792,0.34158105,0.31173974
train-u0003045,0,1,0.27785805,0.36366853,0.3584734
train-u0003046,0,1,0.28182325,0.38201556,0.3361611
train-u0003047,2,1,0.28182325,0.38201556,0.3361611
train-u0003048,2,1,0.29715356,0.35826766,0.3445788
train-u0003049,1,1,0.3338761,0.34597597,0.3201479
train-u0003050,0,1,0.3262804,0.36533728,0.30838236
train-u0003051,2,1,0.28647757,0.36444682,0.34907565
train-u0003052,1,1,0.28647757,0.36444682,0.34907565
train-u0003053,1,1,0.28283393,0.3644237,0.3527423
train-u0003054,1,1,0.2773304,0.37536833,0.34730127
train-u0003055,0,1,0.28666493,0.36470327,0.34863177
train-u0003056,1,1,0.2904308,0.37770113,0.331868
train-u0003057,0,1,0.29390416,0.36844516,0.33765072
train-u0003090,0,1,0.3053532,0.377534,0.31711283
train-u0003091,0,1,0.31591022,0.35292336,0.3311664
train-u0003092,1,1,0.3112795,0.35216674,0.3365538
train-u0003093,1,1,0.32798263,0.33731544,0.33470193
train-u0003094,2,1,0.32565984,0.349189,0.32515112
train-u0003095,1,1,0.33023092,0.33810285,0.3316663
train-u0003096,1,0,0.34202933,0.32966584,0.32830483
train-u0003282,0,1,0.2742299,0.3858366,0.33993343
train-u0003283,0,2,0.29965413,0.34738106,0.3529648
train-u0003284,0,1,0.2924561,0.35393155,0.35361236
train-u0003285,2,2,0.29862925,0.34815273,0.35321802
train-u0003286,0,2,0.33594573,0.31672594,0.34732836
train-u0003287,0,2,0.30915537,0.3426334,0.34821123
train-u0003288,1,1,0.27367753,0.36632437,0.35999814
train-u0003289,1,2,0.29164678,0.3515701,0.35678306
train-u0003290,1,1,0.27804378,0.37779793,0.34415832
train-u0003291,2,1,0.2794365,0.37007818,0.3504853
train-u0003292,2,1,0.27225405,0.37841484,0.34933102
train-u0003293,1,1,0.29090086,0.36475,0.34434912
train-u0003294,1,0,0.35270384,0.29776216,0.34953403
train-u0003295,2,1,0.30077365,0.35573968,0.34348667
train-u0003296,0,1,0.27439764,0.37688512,0.34871718
train-u0003297,1,2,0.30051827,0.34792995,0.35155177
train-u0003298,1,1,0.28490567,0.36749086,0.34760347
train-u0003299,2,2,0.30362695,0.34148055,0.35489252
train-u0003300,1,1,0.27401796,0.3701998,0.3557823
train-u0003301,1,2,0.29016185,0.34302017,0.36681792
train-u0003302,1,2,0.29617718,0.35163134,0.35219148
train-u0003303,1,1,0.28237662,0.36780536,0.34981805
train-u0003347,2,1,0.30699497,0.35067105,0.34233397
train-u0003348,2,1,0.28304872,0.37826777,0.33868352
train-u0003349,1,1,0.28668624,0.37684435,0.33646938
train-u0003350,0,1,0.31195128,0.34767678,0.3403719
train-u0003351,2,1,0.309078,0.3535086,0.33741343
train-u0003352,0,1,0.2809076,0.38257027,0.33652216
train-u0003378,1,2,0.33588058,0.2964407,0.3676787
train-u0003379,2,2,0.32875657,0.3103094,0.36093405
train-u0003380,1,2,0.30530617,0.3080142,0.38667965
train-u0003381,2,2,0.29801956,0.34385157,0.3581289
train-u0003382,1,2,0.34196326,0.30544344,0.35259324
train-u0003383,2,1,0.28939524,0.37431142,0.33629328
train-u0003384,1,2,0.34627977,0.2961496,0.35757068
train-u0003385,0,1,0.2914657,0.37796336,0.33057103
train-u0003386,1,1,0.30161998,0.3544841,0.34389585
train-u0003387,0,1,0.29064,0.37975517,0.3296048
train-u0003388,0,1,0.28767356,0.37649897,0.33582744
train-u0003389,1,1,0.30949157,0.3546379,0.3358706
train-u0003390,1,2,0.30275634,0.34595492,0.3512887
train-u0003391,0,2,0.32400385,0.31874868,0.3572475
train-u0003392,1,2,0.31104365,0.34012607,0.34883025
train-u0003393,2,1,0.2849197,0.36950237,0.34557796
train-u0003442,2,2,0.32687673,0.3351058,0.33801746
train-u0003443,0,1,0.3270451,0.34738758,0.32556728
train-u0003444,1,2,0.3218533,0.33357382,0.34457284
train-u0003445,1,2,0.32925692,0.3306509,0.34009218
train-u0003446,0,2,0.32925692,0.3306509,0.34009218
train-u0003447,2,1,0.31939542,0.34464592,0.3359587
train-u0003501,1,1,0.3222492,0.38866225,0.28908858
train-u0003502,2,1,0.32393706,0.3871046,0.28895828
train-u0003503,1,1,0.3273196,0.3527065,0.31997395
train-u0003504,1,2,0.33330435,0.32615253,0.34054312
train-u0003505,1,2,0.33458275,0.3244171,0.34100023
train-u0003506,2,1,0.33946514,0.3515745,0.30896035
train-u0003740,2,0,0.35577554,0.32860228,0.31562212
train-u0003741,1,1,0.32324642,0.35231957,0.324434
train-u0003742,1,1,0.3352828,0.34443346,0.32028374
train-u0003743,0,1,0.3344571,0.34260786,0.32293501
train-u0003744,0,0,0.34337035,0.33869264,0.317937
train-u0003745,0,0,0.35163528,0.33395132,0.31441337
train-u0003746,2,0,0.35326028,0.32014915,0.32659063
train-u0003747,1,0,0.3545875,0.32616135,0.31925115
train-u0003748,1,1,0.33766183,0.3400061,0.322332
train-u0003749,0,1,0.3375282,0.34193292,0.32053894
train-u0003750,0,0,0.3464739,0.33072197,0.32280412
train-u0003751,1,0,0.36096686,0.31537253,0.32366058
train-u0003752,0,0,0.36549038,0.31444675,0.3200629
train-u0003780,0,1,0.33549052,0.3537578,0.31075165
train-u0003781,1,1,0.32128707,0.35831973,0.3203932
train-u0003782,0,1,0.32849845,0.35460177,0.31689972
train-u0003783,0,0,0.3410761,0.34030777,0.31861612
train-u0003784,0,1,0.3208337,0.35150227,0.32766405
train-u0003785,1,0,0.34678537,0.34382543,0.30938926
train-u0003786,1,1,0.3254876,0.3565926,0.31791976
train-u0003787,1,1,0.33240727,0.36046135,0.30713144
train-u0003788,1,1,0.33509508,0.3420309,0.322874
train-u0003789,1,1,0.32576483,0.36253458,0.3117006
train-u0003790,1,1,0.3284577,0.36430007,0.30724224
train-u0003791,1,1,0.32531086,0.36476874,0.30992037
train-u0003792,1,1,0.32875362,0.36606136,0.305185
train-u0003854,2,0,0.37569,0.33323994,0.29107
train-u0003855,1,0,0.4699419,0.20780669,0.32225138
train-u0003856,1,0,0.4486851,0.2169682,0.33434668
train-u0003857,0,0,0.3714517,0.31649405,0.31205434
train-u0003858,1,0,0.36671382,0.3213418,0.3119443
train-u0003859,2,0,0.4025128,0.30576423,0.291723
train-u0003860,1,0,0.36648965,0.34066626,0.29284412
train-u0003919,0,1,0.3048509,0.39897177,0.2961773
train-u0003920,1,1,0.32325017,0.39819363,0.2785562
train-u0003921,1,1,0.32325017,0.39819363,0.2785562
train-u0003922,0,1,0.3478208,0.37295803,0.27922124
train-u0003923,2,1,0.33520487,0.38403314,0.28076205
train-u0004089,0,1,0.32306054,0.37134323,0.30559623
train-u0004090,0,1,0.31925792,0.3708724,0.30986965
train-u0004091,0,1,0.32302508,0.3617087,0.31526625
train-u0004092,0,1,0.32302508,0.3617087,0.31526625
train-u0004093,0,1,0.33152506,0.3678938,0.30058113
train-u0004094,0,1,0.32723084,0.3622383,0.31053084
train-u0004095,0,1,0.31048506,0.36940274,0.32011217
train-u0004096,0,0,0.3588438,0.32461002,0.31654617
train-u0004097,0,0,0.36726168,0.3290026,0.30373576
train-u0004098,0,1,0.32652634,0.35798255,0.3154911
train-u0004099,2,1,0.34630814,0.3533323,0.30035958
train-u0004100,2,1,0.34630814,0.3533323,0.30035958
train-u0004101,0,1,0.310254,0.34626928,0.3434767
train-u0004102,2,1,0.30785087,0.35992643,0.3322227
train-u0004103,0,1,0.31320238,0.35460997,0.33218768
train-u0004104,0,1,0.31323647,0.3539312,0.3328324
train-u0004105,1,1,0.31912285,0.35143563,0.32944152
train-u0004106,0,1,0.32154438,0.34131905,0.33713654
train-u0004107,0,2,0.32293582,0.33638865,0.34067556
train-u0004108,0,1,0.30322012,0.36197752,0.33480242
train-u0004109,0,1,0.3074054,0.3558643,0.33673033
train-u0004110,0,1,0.3197796,0.38507983,0.29514056
train-u0004111,0,1,0.32167622,0.34360242,0.33472136
train-u0004112,2,1,0.3266145,0.33873832,0.33464718
train-u0004113,0,1,0.31307533,0.3556013,0.33132327
train-u0004146,1,1,0.29957098,0.36811796,0.33231106
train-u0004147,1,1,0.29469225,0.3847904,0.3205174
train-u0004148,0,1,0.30507866,0.3795615,0.31535983
train-u0004149,0,1,0.30756864,0.38074845,0.31168294
train-u0004150,1,1,0.2989867,0.38673466,0.3142787
train-u0004151,0,0,0.3412681,0.33579275,0.3229392
train-u0004324,0,1,0.30942145,0.3684685,0.32211015
train-u0004325,0,1,0.31775528,0.37452024,0.30772445
train-u0004326,0,1,0.31962737,0.3676084,0.31276423
train-u0004327,1,1,0.30769858,0.37768185,0.31461957
train-u0004328,0,1,0.30210504,0.37203473,0.32586023
train-u0004360,0,1,0.31144416,0.35913053,0.3294254
train-u0004361,0,1,0.3214415,0.3496204,0.3289381
train-u0004362,0,1,0.29343626,0.35994086,0.34662288
train-u0004363,0,1,0.31087303,0.34800738,0.34111956
train-u0004364,1,1,0.31513867,0.34825963,0.3366017
train-u0004365,1,1,0.31513867,0.34825963,0.3366017
train-u0004366,2,0,0.35552233,0.34314066,0.30133694
train-u0004413,0,1,0.31065297,0.37679312,0.31255388
train-u0004414,0,1,0.3301106,0.34043092,0.32945845
train-u0004415,0,2,0.33456072,0.32888043,0.33655885
train-u0004416,0,0,0.3504253,0.31274855,0.33682612
train-u0004417,0,1,0.3327394,0.3400172,0.3272434
train-u0004418,0,0,0.34303063,0.3356426,0.32132682
train-u0004502,1,0,0.3565524,0.32262313,0.32082453
train-u0004503,0,1,0.28844267,0.3645092,0.3470482
train-u0004504,1,2,0.3187072,0.32673424,0.35455856
train-u0004505,0,2,0.3029816,0.33920038,0.357818
train-u0004506,1,1,0.28979746,0.36672366,0.34347886
train-u0004507,1,0,0.35933557,0.32117146,0.31949288
train-u0004508,0,1,0.2812761,0.37141842,0.34730548
train-u0004509,0,0,0.36519703,0.3167521,0.3180509
train-u0004510,0,2,0.2879848,0.35167074,0.36034447
train-u0004511,0,1,0.29067147,0.383993,0.3253355
train-u0004512,0,1,0.29392442,0.36016706,0.34590846
train-u0004513,2,1,0.2983012,0.37509727,0.3266015
train-u0004514,0,1,0.30234396,0.37195656,0.32569948
train-u0004515,0,1,0.277345,0.3717735,0.35088152
train-u0004516,0,1,0.2721115,0.3830137,0.34487483
train-u0004517,0,1,0.27849504,0.36701617,0.3544888
train-u0004518,2,0,0.34811744,0.3277865,0.3240961
train-u0004519,1,1,0.29284066,0.38398397,0.3231754
train-u0004520,1,1,0.29779378,0.37779388,0.32441235
train-u0004530,0,1,0.30593154,0.3690928,0.3249757
train-u0004531,1,1,0.28841347,0.35725194,0.35433462
train-u0004532,0,1,0.29078767,0.371614,0.33759832
train-u0004533,0,1,0.30274928,0.36727184,0.3299788
train-u0004534,0,1,0.2896941,0.37657943,0.33372644
train-u0004535,1,1,0.27124366,0.37094706,0.3578093
train-u0004536,0,1,0.28395304,0.37422633,0.34182063
train-u0004537,2,1,0.2884673,0.3773056,0.33422711
train-u0004538,0,1,0.2707237,0.37359437,0.35568193
train-u0004539,2,1,0.28162706,0.37733954,0.3410334
train-u0004540,1,1,0.2845176,0.36017343,0.35530892
train-u0004541,1,1,0.2907738,0.35967726,0.34954897
train-u0004542,1,1,0.3046228,0.3756516,0.3197256
train-u0004554,2,0,0.35267383,0.30132768,0.34599847
train-u0004555,0,1,0.32149243,0.3583924,0.32011524
train-u0004556,2,1,0.31278607,0.3485513,0.33866262
train-u0004557,0,1,0.31278607,0.3485513,0.33866262
train-u0004558,2,2,0.33428472,0.30195117,0.36376417
train-u0004559,0,1,0.31627914,0.35188743,0.33183342
train-u0004560,0,1,0.31627914,0.35188743,0.33183342
train-u0004561,0,1,0.32100186,0.3447827,0.33421543
train-u0004574,0,2,0.31988093,0.32899997,0.35111907
train-u0004575,0,2,0.31988093,0.32899997,0.35111907
train-u0004576,2,0,0.3392969,0.3313202,0.32938287
train-u0004577,0,2,0.29540765,0.34752107,0.3570712
train-u0004578,0,2,0.33352494,0.33008838,0.33638668
train-u0004579,0,2,0.31404316,0.33405706,0.3518997
train-u0004595,1,1,0.31908405,0.368149,0.3127669
train-u0004596,0,1,0.32321355,0.37490228,0.30188423
train-u0004597,1,2,0.33519682,0.31097427,0.35382894
train-u0004598,1,1,0.30330396,0.35564056,0.34105548
train-u0004599,2,1,0.3181907,0.35166496,0.33014438
train-u0004600,2,1,0.31941253,0.35227132,0.32831618
train-u0004601,2,2,0.2949663,0.3507202,0.35431352
train-u0004637,0,1,0.33443117,0.34547508,0.3200938
train-u0004638,0,1,0.31684703,0.363634,0.31951892
train-u0004639,0,1,0.32076326,0.37455598,0.30468076
train-u0004640,2,0,0.35228077,0.31806654,0.32965264
train-u0004641,0,0,0.34794122,0.32567215,0.32638666
train-u0004642,0,1,0.32242563,0.37937573,0.2981986
train-u0004643,0,1,0.32242563,0.37937573,0.2981986
train-u0004644,0,1,0.31823432,0.35608187,0.32568383
train-u0004645,0,1,0.33658803,0.3473259,0.31608608
train-u0004646,2,1,0.3215687,0.3818698,0.29656148
train-u0004647,2,1,0.3233329,0.35002336,0.3266437
train-u0004757,0,1,0.32344997,0.35788226,0.3186677
train-u0004758,0,0,0.38540828,0.28157604,0.33301568
train-u0004759,0,0,0.38541666,0.2862152,0.32836822
train-u0004760,0,0,0.3375337,0.33037123,0.33209506
train-u0004761,0,1,0.32491493,0.3429848,0.3321003
train-u0004762,0,2,0.3356969,0.31565255,0.3486506
train-u0004763,1,1,0.32828337,0.33649993,0.33521664
train-u0004764,2,0,0.36343625,0.31071195,0.3258518
train-u0004765,0,0,0.36632067,0.30115238,0.33252692
train-u0004766,0,0,0.36823487,0.30401695,0.32774812
train-u0004767,2,0,0.34738994,0.319418,0.33319208
train-u0004768,2,0,0.35725692,0.31328994,0.32945317
train-u0004769,0,2,0.32303658,0.3361983,0.34076515
train-u0004770,2,1,0.3227603,0.350062,0.32717764
train-u0004897,0,2,0.32897732,0.3290993,0.3419234
train-u0004898,0,1,0.33475488,0.34756976,0.3176754
train-u0004899,2,1,0.32420915,0.34447983,0.33131102
train-u0004900,0,1,0.32694083,0.33896086,0.33409834
train-u0004901,1,1,0.32453844,0.34093705,0.3345245
train-u0004902,0,0,0.34239575,0.32467023,0.33293405
train-u0004998,0,0,0.33904868,0.33697483,0.3239765
train-u0004999,0,0,0.3408163,0.32422012,0.3349636
train-u0005000,2,1,0.33400592,0.33605045,0.3299437
train-u0005001,2,1,0.32980844,0.34152898,0.32866263
train-u0005002,0,0,0.34383962,0.3346497,0.32151067
train-u0005073,0,1,0.33062503,0.36617297,0.303202
train-u0005074,1,1,0.32665768,0.36110613,0.31223622
train-u0005075,2,0,0.34660614,0.33307523,0.32031867
train-u0005076,2,1,0.3272085,0.35141337,0.3213782
train-u0005077,2,1,0.32142502,0.36639777,0.31217715
train-u0005136,0,1,0.29858932,0.3665145,0.33489618
train-u0005137,0,2,0.32011858,0.32497233,0.35490906
train-u0005138,1,2,0.32720295,0.3140747,0.35872245
train-u0005139,0,2,0.3169231,0.32231486,0.3607621
train-u0005140,2,2,0.32601708,0.31065217,0.36333075
train-u0005141,1,1,0.31217676,0.35267878,0.33514443
train-u0005142,0,2,0.2911927,0.34222543,0.36658183
train-u0005188,0,0,0.35122147,0.3471173,0.3016612
train-u0005189,0,0,0.39553156,0.2911436,0.3133249
train-u0005190,0,0,0.39553156,0.2911436,0.3133249
train-u0005191,0,0,0.40020755,0.29615593,0.30363652
train-u0005192,0,0,0.36278653,0.3099213,0.32729217
train-u0005193,1,1,0.3377846,0.3567379,0.30547744
train-u0005194,1,1,0.31612802,0.3441268,0.3397452
train-u0005195,1,2,0.33519363,0.32353997,0.34126642
train-u0005196,1,1,0.34018302,0.35967827,0.30013862
train-u0005197,1,1,0.30906972,0.3491949,0.34173542
train-u0005198,1,1,0.34374252,0.34776846,0.30848902
train-u0005199,1,1,0.33081356,0.33810386,0.33108258
train-u0005200,1,1,0.33699387,0.33727327,0.32573283
train-u0005201,1,0,0.34366933,0.33893898,0.31739175
train-u0005202,1,1,0.3372715,0.35390955,0.30881888
train-u0005203,1,0,0.35714757,0.3227024,0.32015
train-u0005204,0,0,0.37907383,0.3032384,0.31768775
train-u0005205,1,0,0.38692027,0.2987551,0.31432465
train-u0005275,0,0,0.35715884,0.32653517,0.316306
train-u0005276,2,0,0.36781564,0.30942154,0.32276282
train-u0005277,1,1,0.33234242,0.3449254,0.32273215
train-u0005278,1,0,0.36513337,0.3040952,0.33077142
train-u0005279,1,0,0.37874952,0.29637307,0.32487747
train-u0005333,0,1,0.34684828,0.35939622,0.29375556
train-u0005334,2,1,0.3372946,0.34934342,0.313362
train-u0005335,2,0,0.35069138,0.34451738,0.3047913
train-u0005336,1,0,0.35843003,0.33347562,0.3080944
train-u0005337,1,0,0.35389787,0.33711165,0.30899048
train-u0005338,0,1,0.34152338,0.35977924,0.29869738
train-u0005392,2,0,0.34628013,0.340113,0.31360686
train-u0005393,1,0,0.33840796,0.32772192,0.3338701
train-u0005394,1,0,0.34322003,0.32225078,0.33452913
train-u0005395,2,0,0.34322003,0.32225078,0.33452913
train-u0005396,2,0,0.3549981,0.32162184,0.32338008
train-u0005397,1,0,0.36567804,0.30916867,0.32515332
train-u0005398,2,0,0.36567804,0.30916867,0.32515332
train-u0005399,1,1,0.33453384,0.3767209,0.28874525
train-u0005400,1,0,0.344052,0.34276685,0.31318122
train-u0005401,1,1,0.3344869,0.35352126,0.31199193
train-u0005402,1,1,0.3365215,0.35006964,0.31340894
train-u0005403,0,0,0.35438678,0.31630674,0.3293065
train-u0005404,1,0,0.34820226,0.33504412,0.3167537
train-u0005405,1,1,0.34477192,0.3472181,0.30800995
train-u0005406,1,0,0.36001542,0.33766437,0.30232015
train-u0005407,0,1,0.32983238,0.35377106,0.3163965
train-u0005408,2,1,0.3400476,0.34147823,0.3184741
train-u0005409,1,1,0.34785104,0.36685494,0.28529403
train-u0005410,1,0,0.34377727,0.33312052,0.32310224
train-u0005411,1,1,0.31471878,0.37625214,0.30902904
train-u0005412,1,0,0.36323932,0.32746828,0.30929244
train-u0005413,1,1,0.33997068,0.3550386,0.30499074
train-u0005414,2,1,0.33448195,0.36837012,0.29714793
train-u0005415,1,0,0.3551148,0.3383319,0.30655336
train-u0005416,1,1,0.32945776,0.34797406,0.3225682
train-u0005417,0,1,0.31954062,0.36934724,0.31111214
train-u0005443,0,0,0.361919,0.296742,0.34133905
train-u0005444,1,0,0.36443686,0.30956456,0.32599854
train-u0005445,2,0,0.36443686,0.30956456,0.32599854
train-u0005446,0,0,0.4038634,0.27606228,0.32007432
train-u0005447,0,0,0.37223542,0.30399483,0.3237698
train-u0005448,0,0,0.35380507,0.34636918,0.29982567
train-u0005449,1,0,0.35075867,0.3475507,0.3016906
train-u0005450,1,0,0.35075867,0.3475507,0.3016906
train-u0005451,1,0,0.35981917,0.32426733,0.31591347
train-u0005452,1,1,0.34895024,0.35039383,0.30065593
train-u0005453,1,1,0.34011775,0.35538507,0.30449718
train-u0005454,1,0,0.35615873,0.3442937,0.2995476
train-u0005455,1,1,0.33350822,0.36305922,0.30343258
train-u0005456,1,0,0.35907224,0.32013804,0.32078972
train-u0005457,1,1,0.3330564,0.3774302,0.28951347
train-u0005458,0,1,0.32330513,0.39618325,0.28051162
train-u0005475,0,1,0.33008847,0.35024935,0.31966215
train-u0005476,1,1,0.33008847,0.35024935,0.31966215
train-u0005477,2,0,0.36154687,0.3066377,0.33181536
train-u0005478,0,0,0.36838564,0.3283508,0.30326355
train-u0005479,2,0,0.3376119,0.33366594,0.32872212
train-u0005520,1,1,0.31696728,0.35993984,0.32309294
train-u0005521,1,1,0.32020253,0.3456665,0.334131
train-u0005522,1,1,0.32589346,0.34882644,0.3252801
train-u0005523,1,1,0.31859833,0.36975923,0.3116424
train-u0005524,1,1,0.32314834,0.34480932,0.3320423
train-u0005525,1,1,0.31737778,0.35243055,0.33019167
train-u0005526,1,1,0.3215527,0.34538445,0.3330629
train-u0005527,1,1,0.31241587,0.389829,0.29775512
train-u0005633,1,1,0.29630578,0.36604908,0.33764514
train-u0005634,0,1,0.29630578,0.36604908,0.33764514
train-u0005635,0,1,0.34027183,0.35152727,0.3082009
train-u0005636,2,1,0.30258718,0.3644449,0.33296785
train-u0005637,2,1,0.29866165,0.37225875,0.3290797
train-u0005638,1,1,0.28457916,0.37164205,0.34377876
train-u0005639,2,1,0.30969572,0.351358,0.33894634
train-u0005640,2,1,0.291568,0.36353117,0.34490085
train-u0005641,1,1,0.29056725,0.36810482,0.34132794
train-u0005642,1,1,0.28876564,0.3690614,0.34217295
train-u0005643,2,1,0.29163796,0.36685672,0.34150532
train-u0005644,1,1,0.3287035,0.34447524,0.32682127
train-u0005645,1,1,0.30558878,0.348536,0.34587526
train-u0005646,2,1,0.30558878,0.348536,0.34587526
train-u0005647,1,1,0.284266,0.3758616,0.33987248
train-u0005648,0,1,0.29734737,0.36263943,0.3400132
train-u0005649,0,1,0.28858745,0.35618022,0.35523233
train-u0005650,0,2,0.29654002,0.35018346,0.3532765
train-u0005651,0,1,0.27980334,0.37497854,0.34521815
train-u0005652,2,1,0.29804015,0.3541842,0.34777564
train-u0005653,0,1,0.29126424,0.37182024,0.33691558
train-u0005654,2,2,0.30595115,0.34141707,0.35263178
train-u0005655,2,1,0.3318293,0.3439639,0.32420677
train-u0005767,2,0,0.3552195,0.3147554,0.33002508
train-u0005768,2,0,0.3505839,0.31814915,0.33126697
train-u0005769,0,0,0.36123723,0.31778342,0.3209794
train-u0005770,1,0,0.3634847,0.31709337,0.3194219
train-u0005771,1,0,0.36135575,0.32081813,0.31782606
train-u0005788,0,0,0.33816168,0.33458206,0.3272562
train-u0005789,2,1,0.32347327,0.34955812,0.32696867
train-u0005790,0,1,0.3032265,0.36931145,0.3274621
train-u0005791,2,1,0.29844454,0.37421864,0.32733676
train-u0005792,2,1,0.30601045,0.36559966,0.32838994
train-u0005844,1,1,0.32239297,0.36617106,0.31143594
train-u0005845,2,1,0.33382106,0.35664272,0.3095362
train-u0005846,0,1,0.33305928,0.35943025,0.3075105
train-u0005847,1,1,0.3398555,0.34797493,0.3121696
train-u0005848,1,1,0.34151167,0.35393572,0.30455264
train-u0005849,1,1,0.3353054,0.35271963,0.311975
train-u0005850,1,0,0.3450867,0.3411573,0.31375605
train-u0005851,1,0,0.34339252,0.34270978,0.31389773
train-u0005852,2,1,0.34596372,0.35571322,0.29832307
train-u0005853,1,0,0.35243148,0.3460027,0.30156583
train-u0005917,1,0,0.34597063,0.33583394,0.31819543
train-u0005918,1,1,0.3375039,0.34453607,0.31796002
train-u0005919,1,1,0.32303283,0.3912977,0.28566945
train-u0005920,1,1,0.32257575,0.39758906,0.27983516
train-u0005921,2,1,0.33867264,0.3657259,0.29560158
train-u0005922,2,1,0.34109017,0.36329976,0.29561004
train-u0005923,2,1,0.3391978,0.36769447,0.2931077
train-u0005924,0,1,0.33479854,0.38699454,0.2782069
train-u0005925,1,1,0.32973197,0.3527287,0.31753933
train-u0005926,0,1,0.33742267,0.34880036,0.313777
train-u0005927,0,1,0.32529292,0.3732598,0.30144727
train-u0005928,1,1,0.3419692,0.34498987,0.31304097
train-u0005929,1,1,0.32666612,0.35747278,0.3158611
train-u0005930,0,1,0.32715353,0.3803871,0.29245934
train-u0005936,2,2,0.32272273,0.33048183,0.34679535
train-u0005937,2,1,0.2878982,0.35630384,0.35579798
train-u0005938,1,1,0.27520373,0.364418,0.36037827
train-u0005939,2,2,0.32992655,0.31740218,0.35267124
train-u0005940,1,2,0.32548234,0.32887557,0.3456421
train-u0005941,1,1,0.2773212,0.3686309,0.3540479
train-u0005942,1,2,0.3306817,0.32653067,0.34278765
train-u0005943,1,2,0.27084816,0.36203396,0.36711782
train-u0005944,1,0,0.36725423,0.29580748,0.3369383
train-u0005945,1,0,0.3440193,0.31655246,0.33942825
train-u0005946,2,1,0.31144089,0.35275555,0.33580357
train-u0005947,1,2,0.29854345,0.34556377,0.35589272
train-u0005948,0,1,0.29922146,0.3609212,0.33985737
train-u0005949,1,1,0.28001505,0.37395152,0.3460334
train-u0005950,1,2,0.34317246,0.31307524,0.34375226
train-u0005951,0,1,0.2948745,0.36433992,0.3407856
train-u0005952,1,1,0.29104605,0.36690545,0.34204853
train-u0005953,1,1,0.29355907,0.35831755,0.3481234
train-u0005960,2,2,0.30369356,0.33637714,0.35992926
train-u0005961,2,2,0.31412748,0.32678986,0.35908267
train-u0005962,2,2,0.30817327,0.32979524,0.36203143
train-u0005963,1,2,0.30905285,0.32589442,0.36505273
train-u0005964,2,2,0.29453778,0.34420735,0.36125487
train-u0005965,1,2,0.30513203,0.31483683,0.38003114
train-u0005966,2,1,0.28665903,0.35671213,0.35662887
train-u0005967,1,2,0.29040235,0.34111002,0.36848763
train-u0005968,2,2,0.29034218,0.34855622,0.3611016
train-u0005969,1,2,0.3075754,0.34133735,0.3510873
train-u0005970,2,2,0.28788212,0.35262486,0.35949302
train-u0005971,2,2,0.2845343,0.3409534,0.37451223
train-u0005972,0,2,0.29749516,0.34008425,0.36242062
train-u0005973,2,2,0.291691,0.3395341,0.3687749
train-u0005974,2,1,0.3402514,0.3444611,0.31528744
train-u0005975,2,1,0.2865231,0.35790938,0.3555675
train-u0006002,1,2,0.32661378,0.3296812,0.343705
train-u0006003,0,0,0.34715253,0.32946676,0.32338065
train-u0006004,1,1,0.3134307,0.3554158,0.33115348
train-u0006005,0,2,0.31876042,0.34053117,0.3407084
train-u0006006,2,1,0.311964,0.3483655,0.3396705
train-u0006007,2,1,0.30904427,0.34852228,0.3424334
train-u0006008,1,1,0.31540617,0.35481623,0.3297776
train-u0006009,0,2,0.32740754,0.33437297,0.3382195
train-u0006010,1,1,0.29168293,0.3850677,0.3232494
train-u0006011,0,2,0.3203598,0.33672836,0.3429118
train-u0006012,1,1,0.33089468,0.3408521,0.3282532
train-u0006013,1,1,0.2981669,0.38727456,0.31455857
train-u0006014,1,1,0.30122462,0.38124573,0.31752965
train-u0006015,1,1,0.33193278,0.345951,0.32211623
train-u0006016,1,1,0.33540198,0.34086284,0.32373515
train-u0006017,1,2,0.32273805,0.33622763,0.34103435
train-u0006018,1,1,0.30862123,0.37425277,0.31712598
train-u0006019,0,1,0.31957674,0.34045798,0.3399653
train-u0006152,2,0,0.34664655,0.3180279,0.33532557
train-u0006153,0,0,0.36654535,0.30313793,0.3303167
train-u0006154,2,0,0.35490587,0.30994332,0.33515084
train-u0006155,0,0,0.36032042,0.31189433,0.32778528
train-u0006156,0,0,0.34721762,0.32599458,0.32678783
train-u0006157,2,0,0.36864248,0.2896917,0.34166577
train-u0006158,1,0,0.3438642,0.3229902,0.3331456
train-u0006159,1,0,0.3643155,0.30405208,0.33163247
train-u0006165,0,0,0.3661206,0.29771534,0.33616415
train-u0006166,2,0,0.3855513,0.28197592,0.3324728
train-u0006167,2,0,0.3670869,0.2928103,0.34010276
train-u0006168,2,0,0.38022217,0.27761018,0.34216765
train-u0006169,1,1,0.31186894,0.3478359,0.34029523
train-u0006170,1,2,0.31507435,0.3309412,0.35398445
train-u0006171,0,0,0.36763513,0.28468248,0.34768236
train-u0006201,0,0,0.3542544,0.33043337,0.31531224
train-u0006202,2,0,0.36701882,0.3102886,0.32269254
train-u0006203,0,0,0.36756542,0.31089187,0.32154268
train-u0006204,0,0,0.37763444,0.29889664,0.3234689
train-u0006205,1,0,0.36128926,0.31031558,0.32839516
train-u0006206,0,0,0.35839802,0.31804276,0.32355925
train-u0006207,1,0,0.4234467,0.28428528,0.29226795
train-u0006317,0,1,0.33859298,0.3917634,0.26964363
train-u0006318,0,1,0.35561976,0.36494684,0.27943343
train-u0006319,0,0,0.34622303,0.32981214,0.32396483
train-u0006320,0,0,0.36886707,0.3436757,0.28745717
train-u0006321,0,1,0.32756436,0.38650158,0.28593403
train-u0006322,0,1,0.34041554,0.34242836,0.31715608
train-u0006323,1,1,0.344498,0.35458338,0.3009186
train-u0006324,1,0,0.3546277,0.33674312,0.3086292
train-u0006325,1,0,0.3478997,0.33782923,0.31427106
train-u0006326,0,0,0.34649777,0.33017534,0.32332686
train-u0006327,0,0,0.35544083,0.35196537,0.29259375
train-u0006328,1,1,0.33721292,0.3573115,0.3054756
train-u0006329,0,1,0.3204072,0.37661162,0.3029812
train-u0006330,0,1,0.32138154,0.37328056,0.30533785
train-u0006331,0,1,0.33667976,0.3575719,0.3057484
train-u0006332,0,1,0.35311624,0.36446413,0.2824196
train-u0006333,2,1,0.33901128,0.34894735,0.31204128
train-u0006334,0,0,0.34726572,0.33856633,0.3141679
train-u0006335,2,1,0.3401311,0.37176624,0.2881026
train-u0006336,2,1,0.3181501,0.38982278,0.2920271
train-u0006351,0,2,0.31719136,0.3324887,0.35031998
train-u0006352,1,2,0.31719136,0.3324887,0.35031998
train-u0006353,0,1,0.30669183,0.34967536,0.34363288
train-u0006354,0,1,0.3237583,0.34405774,0.3321839
train-u0006355,0,0,0.33751377,0.33178642,0.3306998
train-u0006356,0,0,0.33819017,0.32370904,0.33810082
train-u0006527,0,0,0.34304535,0.317844,0.33911067
train-u0006528,0,2,0.31219277,0.34050667,0.3473006
train-u0006529,0,2,0.31890196,0.33806655,0.34303147
train-u0006530,2,1,0.31564334,0.34771806,0.33663854
train-u0006531,0,1,0.2984484,0.3564316,0.3451199
train-u0006532,0,1,0.2998671,0.35610202,0.34403086
train-u0006533,0,1,0.29200944,0.36959475,0.33839574
train-u0006534,0,1,0.3196344,0.35486487,0.32550067
train-u0006535,1,0,0.34364995,0.3290693,0.32728073
train-u0006536,0,1,0.3239868,0.35372558,0.32228756
train-u0006537,0,0,0.33624515,0.33294496,0.3308099
train-u0006538,0,1,0.30837423,0.34720337,0.3444224
train-u0006539,0,2,0.32202265,0.33655497,0.34142238
train-u0006540,0,2,0.30965617,0.33042997,0.3599139
train-u0006541,0,1,0.29994932,0.3535705,0.3464802
train-u0006542,0,1,0.29117343,0.36338693,0.34543958
train-u0006583,0,2,0.339116,0.31114846,0.34973553
train-u0006584,0,2,0.32220507,0.3385136,0.33928132
train-u0006585,0,2,0.30308858,0.33108792,0.3658235
train-u0006586,1,2,0.3374386,0.32479355,0.3377678
train-u0006587,2,2,0.29856855,0.34221128,0.3592202
train-u0006588,0,2,0.34829608,0.29535198,0.35635194
train-u0006589,0,2,0.31595272,0.3323214,0.3517259
train-u0006590,0,2,0.33392596,0.31969586,0.3463782
train-u0006591,0,2,0.31499454,0.32986704,0.35513842
train-u0006592,0,2,0.30248636,0.33971328,0.3578004
train-u0006593,0,2,0.29283118,0.3342382,0.37293062
train-u0006806,0,0,0.41221523,0.29049632,0.29728842
train-u0006807,1,0,0.41221523,0.29049632,0.29728842
train-u0006808,0,0,0.36563823,0.33605808,0.29830372
train-u0006809,1,0,0.36563823,0.33605808,0.29830372
train-u0006810,1,0,0.37242258,0.31147984,0.3160976
train-u0006849,0,0,0.3689125,0.3182429,0.31284457
train-u0006850,1,1,0.3143933,0.37858862,0.30701807
train-u0006851,0,1,0.32555255,0.3725018,0.30194557
train-u0006852,0,1,0.31732386,0.3447195,0.33795664
train-u0006853,0,2,0.31558573,0.33671945,0.34769484
train-u0006883,0,2,0.33754823,0.3075726,0.35487923
train-u0006884,0,1,0.29966277,0.36298582,0.33735144
train-u0006885,0,1,0.2920883,0.36377287,0.34413892
train-u0006886,0,1,0.31948358,0.34632558,0.33419088
train-u0006887,0,1,0.31948358,0.34632558,0.33419088
train-u0006888,0,1,0.31583136,0.34856546,0.33560315
train-u0006903,2,2,0.32758114,0.32509515,0.34732378
train-u0006904,2,2,0.31693324,0.34078363,0.3422831
train-u0006905,2,1,0.3143081,0.3439277,0.34176418
train-u0006906,2,2,0.31167987,0.343407,0.34491313
train-u0006907,2,1,0.2871279,0.37800404,0.33486804
train-u0006908,2,1,0.3055735,0.368953,0.32547352
train-u0006915,0,1,0.32518035,0.3573148,0.31750488
train-u0006916,0,1,0.32451078,0.34647587,0.32901335
train-u0006917,0,1,0.32451078,0.34647587,0.32901335
train-u0006918,0,1,0.30842692,0.37778088,0.31379217
train-u0006919,2,1,0.32327518,0.35789716,0.3188276
train-u0006920,1,1,0.30395296,0.3706729,0.32537416
train-u0006921,2,1,0.32307726,0.3587573,0.3181654
train-u0006922,0,1,0.31486714,0.3534589,0.33167398
train-u0006923,1,1,0.30811706,0.38356465,0.30831832
train-u0006924,0,1,0.30667734,0.37921515,0.31410745
train-u0006925,0,1,0.31075904,0.37295148,0.31628954
train-u0006926,1,1,0.31210154,0.36341193,0.32448652
train-u0006927,0,1,0.31608924,0.37213364,0.31177717
train-u0006928,0,1,0.32326096,0.38061297,0.2961261
train-u0006929,0,1,0.32204843,0.3684385,0.30951303
train-u0006930,0,1,0.31410974,0.40329862,0.2825917
train-u0006931,0,1,0.30890918,0.36097065,0.33012012
train-u0006932,0,1,0.3211474,0.3642688,0.31458375
train-u0006968,0,1,0.30810273,0.36593884,0.3259584
train-u0006969,2,1,0.30810273,0.36593884,0.3259584
train-u0006970,0,1,0.30963162,0.36352724,0.3268411
train-u0006971,0,1,0.29831335,0.36683935,0.3348472
train-u0006972,0,1,0.2938106,0.3727484,0.33344102
train-u0006991,0,0,0.36407697,0.30053756,0.33538547
train-u0006992,2,0,0.36698443,0.33519056,0.29782498
train-u0006993,0,0,0.3924938,0.274241,0.33326513
train-u0006994,0,1,0.3524543,0.36794722,0.27959847
train-u0006995,2,1,0.34701252,0.36658543,0.28640205
train-u0006996,2,0,0.39136952,0.2847919,0.32383862
train-u0007082,2,2,0.30174258,0.33959514,0.35866225
train-u0007083,1,2,0.29037187,0.35048035,0.3591478
train-u0007084,1,2,0.28776598,0.3540281,0.35820585
train-u0007085,2,1,0.31748256,0.34150735,0.3410101
train-u0007086,2,1,0.27962586,0.36102796,0.35934618
train-u0007087,0,2,0.33182654,0.32526705,0.34290642
train-u0007088,2,1,0.28513923,0.36038524,0.3544755
train-u0007089,2,1,0.29591775,0.35837206,0.3457102
train-u0007232,2,1,0.3042761,0.35601693,0.3397069
train-u0007233,0,1,0.2897104,0.36333296,0.34695664
train-u0007234,1,1,0.2947165,0.35680717,0.34847635
train-u0007235,2,1,0.29778945,0.3537936,0.34841698
train-u0007236,1,1,0.29897568,0.36064237,0.34038195
train-u0007351,1,1,0.29331776,0.38086963,0.3258126
train-u0007352,2,1,0.29377416,0.38123298,0.32499278
train-u0007353,1,0,0.33929214,0.32482132,0.33588654
train-u0007354,2,0,0.33985618,0.32822174,0.33192214
train-u0007355,2,0,0.33985618,0.32822174,0.33192214
train-u0007356,0,1,0.28506336,0.378191,0.33674568
train-u0007357,1,1,0.2893664,0.38064855,0.32998508
train-u0007421,1,0,0.37409955,0.2944476,0.33145288
train-u0007422,1,0,0.4220782,0.24561527,0.3323066
train-u0007423,2,0,0.37746686,0.29907903,0.3234541
train-u0007424,1,0,0.38812822,0.28988716,0.32198465
train-u0007425,1,0,0.38660786,0.28669,0.32670218
train-u0007426,1,0,0.36469188,0.32017744,0.31513068
train-u0007427,1,0,0.37099132,0.30975023,0.31925836
train-u0007490,0,0,0.36382252,0.30505663,0.3311209
train-u0007491,2,0,0.35909367,0.31083724,0.33006912
train-u0007492,2,0,0.35201278,0.32071224,0.32727507
train-u0007493,1,0,0.3547843,0.30612388,0.3390918
train-u0007494,2,2,0.3312433,0.32644755,0.3423092
train-u0007508,2,0,0.3872641,0.29464123,0.3180947
train-u0007509,2,1,0.343061,0.3498457,0.3070933
train-u0007510,2,0,0.33844674,0.33177665,0.32977664
train-u0007511,1,0,0.34075597,0.3304782,0.32876578
train-u0007512,1,0,0.35991418,0.3421843,0.29790148
train-u0007513,1,1,0.33805698,0.34215716,0.31978583
train-u0007514,1,0,0.33862293,0.3328726,0.32850453
train-u0007515,2,0,0.35941163,0.32607254,0.3145158
train-u0007516,2,0,0.3866622,0.28450292,0.32883492
train-u0007517,1,0,0.35507533,0.31597018,0.32895446
train-u0007518,1,0,0.38178092,0.29154843,0.32667065
train-u0007519,2,0,0.36046752,0.3127811,0.32675135
train-u0007520,0,0,0.35959598,0.30545428,0.33494964
train-u0007521,2,1,0.32759333,0.3711387,0.30126804
train-u0007553,2,1,0.27793586,0.3853553,0.33670884
train-u0007554,2,1,0.31021157,0.36120233,0.32858613
train-u0007555,2,1,0.30099112,0.35804042,0.34096837
train-u0007556,2,1,0.30174288,0.37018865,0.32806852
train-u0007557,2,1,0.29796132,0.36797777,0.33406088
train-u0007558,1,1,0.2972362,0.3763989,0.32636493
train-u0007642,2,0,0.3550697,0.29064202,0.35428828
train-u0007643,2,2,0.3142292,0.33188656,0.35388425
train-u0007644,0,0,0.3454193,0.33850858,0.3160721
train-u0007645,0,2,0.31160635,0.33575225,0.35264146
train-u0007646,2,2,0.31160635,0.33575225,0.35264146
train-u0007728,0,1,0.29723352,0.3620223,0.3407442
train-u0007729,1,1,0.30059713,0.36766517,0.3317377
train-u0007730,2,1,0.3069982,0.35515648,0.33784527
train-u0007731,1,1,0.30150488,0.35824615,0.34024894
train-u0007732,1,1,0.29283607,0.37486854,0.3322954
train-u0007733,2,1,0.31011993,0.35805848,0.33182153
train-u0007734,1,1,0.30757454,0.35981593,0.3326096
train-u0007735,1,1,0.3110249,0.35852557,0.33044946
train-u0007736,2,1,0.2969151,0.37596336,0.32712153
train-u0007737,1,1,0.32017323,0.36243027,0.31739655
train-u0007738,2,1,0.31930205,0.36384127,0.31685665
train-u0007739,2,1,0.28552634,0.38095203,0.33352157
train-u0007740,0,1,0.29388177,0.3738742,0.332244
train-u0007741,1,2,0.32110763,0.31844568,0.36044675
train-u0007742,1,2,0.35839608,0.27970988,0.3618941
train-u0007743,2,2,0.29407537,0.3403668,0.36555785
train-u0007744,1,1,0.2987142,0.3705391,0.3307467
train-u0007745,0,2,0.33661273,0.31631818,0.34706905
train-u0007746,1,2,0.32603505,0.31955191,0.354413
train-u0007747,1,2,0.3156624,0.315895,0.36844265
train-u0007885,0,1,0.30686006,0.352413,0.34072694
train-u0007886,0,1,0.30686006,0.352413,0.34072694
train-u0007887,0,2,0.33002865,0.3334669,0.3365044
train-u0007888,1,1,0.321967,0.3485562,0.32947677
train-u0007889,1,1,0.32117534,0.34439588,0.33442882
train-u0007898,2,1,0.30905485,0.35403082,0.3369143
train-u0007899,2,0,0.34842968,0.31631052,0.33525982
train-u0007900,1,1,0.31314582,0.34374285,0.34311134
train-u0007901,1,1,0.2770216,0.37084892,0.35212952
train-u0007902,1,1,0.28600714,0.36753684,0.34645596
train-u0007903,1,1,0.28474227,0.36332107,0.35193667
train-u0007904,2,1,0.26604223,0.38510394,0.34885386
train-u0007905,1,1,0.26392525,0.3869508,0.34912398
train-u0007906,0,1,0.2834491,0.36817095,0.34837988
train-u0007907,1,1,0.26976937,0.38088763,0.34934303
train-u0007908,1,2,0.2753701,0.35501334,0.36961663
train-u0007909,1,1,0.28230682,0.38204587,0.33564734
train-u0007910,2,1,0.2793186,0.3835866,0.33709484
train-u0007911,1,1,0.28668937,0.37187666,0.34143388
train-u0007912,2,1,0.28461397,0.3677543,0.34763178
train-u0008101,0,0,0.4505161,0.20545311,0.34403074
train-u0008102,1,0,0.35489798,0.32091996,0.32418203
train-u0008103,0,0,0.36875683,0.29399574,0.33724746
train-u0008104,0,1,0.34186032,0.34739342,0.31074628
train-u0008105,1,2,0.33286875,0.33344772,0.33368352
train-u0008202,1,1,0.33017197,0.38098642,0.28884155
train-u0008203,1,1,0.32665563,0.35225284,0.3210915
train-u0008204,1,1,0.32854095,0.35646683,0.31499216
train-u0008205,1,1,0.3222499,0.35151434,0.32623574
train-u0008206,0,1,0.31968477,0.36984888,0.3104664
train-u0008207,1,1,0.31938115,0.36890683,0.31171203
train-u0008208,2,1,0.31876597,0.3663201,0.31491393
train-u0008209,2,1,0.33374795,0.33839005,0.32786202
train-u0008218,2,0,0.37136737,0.304928,0.3237046
train-u0008219,0,0,0.36102146,0.3329361,0.3060424
train-u0008220,2,0,0.35231662,0.3327161,0.31496727
train-u0008221,2,0,0.3487314,0.33574468,0.31552392
train-u0008222,0,0,0.36060008,0.33467174,0.30472818
train-u0008223,0,0,0.36113,0.32760328,0.31126666
train-u0008224,0,0,0.37975112,0.28980806,0.3304408
train-u0008225,2,0,0.35604393,0.32172433,0.32223174
train-u0008226,2,0,0.35588712,0.32164964,0.32246318
train-u0008227,0,0,0.34908605,0.32134798,0.32956597
train-u0008228,0,0,0.35611957,0.323958,0.3199224
train-u0008289,2,0,0.36009404,0.3398156,0.3000904
train-u0008290,2,0,0.3699783,0.32929128,0.30073038
train-u0008291,0,0,0.36450598,0.33421153,0.30128247
train-u0008292,2,0,0.3696318,0.33560082,0.2947674
train-u0008293,1,0,0.36934423,0.33546326,0.29519248
train-u0008294,1,0,0.35271803,0.33102638,0.31625566
train-u0008295,1,1,0.34287176,0.34436756,0.31276065
train-u0008296,2,1,0.33511418,0.36014444,0.30474135
train-u0008297,1,0,0.4041386,0.2984646,0.29739678
train-u0008298,0,0,0.3659304,0.31801385,0.31605577
train-u0008299,2,0,0.40584892,0.26170424,0.33244687
train-u0008300,2,2,0.32531998,0.32167724,0.35300282
train-u0008301,2,0,0.39650196,0.29051614,0.31298196
train-u0008302,2,0,0.43382218,0.25600526,0.31017247
train-u0008303,0,0,0.40698835,0.26709646,0.32591513
train-u0008304,0,1,0.32851613,0.34682325,0.3246607
train-u0008381,0,1,0.31891054,0.34245,0.3386394
train-u0008382,0,0,0.34241232,0.32499754,0.33259016
train-u0008383,0,0,0.3477745,0.3246409,0.32758465
train-u0008384,0,2,0.3145916,0.33329383,0.35211462
train-u0008385,2,1,0.31777105,0.34562957,0.33659944
train-u0008386,2,1,0.31706133,0.3513439,0.3315948
train-u0008387,2,2,0.31273413,0.34284085,0.34442502
train-u0008388,2,2,0.32707912,0.33251384,0.34040704
train-u0008389,0,1,0.3196912,0.34640995,0.33389878
train-u0008390,0,1,0.32778466,0.34073272,0.33148262
train-u0008391,0,1,0.31765813,0.34946448,0.3328774
train-u0008392,0,0,0.34159777,0.32729396,0.3311083
train-u0008393,0,2,0.31167588,0.33896902,0.34935504
train-u0008394,0,1,0.30687717,0.35729596,0.33582687
train-u0008395,0,0,0.34306663,0.3243828,0.3325506
train-u0008396,0,2,0.32827586,0.33501822,0.33670583
train-u0008604,2,1,0.32035515,0.34767887,0.33196595
train-u0008605,2,1,0.28733823,0.36274108,0.34992066
train-u0008606,2,1,0.29246342,0.35671446,0.35082206
train-u0008607,2,1,0.31107742,0.35248137,0.33644128
train-u0008608,1,1,0.32819188,0.34041744,0.33139074
train-u0008609,2,1,0.3299852,0.33826348,0.33175135
train-u0008610,2,1,0.28756145,0.3670933,0.34534526
train-u0008611,2,0,0.35303277,0.30737868,0.3395885
train-u0008612,2,2,0.30509025,0.34511742,0.34979233
train-u0008613,2,0,0.33383211,0.3324808,0.33368713
train-u0008654,1,0,0.34618235,0.32598406,0.32783365
train-u0008655,2,1,0.30949268,0.35280117,0.33770612
train-u0008656,1,2,0.3339189,0.32597986,0.34010124
train-u0008657,1,1,0.3219171,0.34184828,0.33623463
train-u0008658,1,2,0.32590008,0.33256808,0.34153184
train-u0008659,1,2,0.32433498,0.33390638,0.3417586
train-u0008660,1,1,0.29849055,0.37945724,0.32205215
train-u0008661,1,1,0.30662787,0.3637014,0.3296707
train-u0008662,0,1,0.30091202,0.36346504,0.335623
train-u0008663,1,1,0.31116247,0.3534642,0.33537334
train-u0008664,2,1,0.30155876,0.37174317,0.32669804
train-u0008665,1,1,0.32644448,0.35789984,0.31565568
train-u0008666,2,2,0.3339126,0.32075974,0.34532762
train-u0008667,2,1,0.3218785,0.3611557,0.31696585
train-u0008668,1,0,0.3476445,0.32794103,0.3244145
train-u0008669,1,1,0.30449528,0.37959394,0.31591076
train-u0008670,1,1,0.3031564,0.37764978,0.3191938
train-u0008671,1,1,0.30999476,0.37275204,0.31725323
train-u0008672,2,1,0.31825566,0.3676448,0.31409955
train-u0008807,2,0,0.34764957,0.33035293,0.32199758
train-u0008808,1,1,0.2836192,0.37290606,0.34347475
train-u0008809,1,1,0.29382822,0.36010206,0.3460696
train-u0008810,2,1,0.28939778,0.3563315,0.35427073
train-u0008811,1,1,0.31345126,0.35858878,0.32796
train-u0008812,1,1,0.2604162,0.39855945,0.34102437
train-u0008813,1,1,0.29928264,0.3735639,0.3271534
train-u0008814,1,1,0.262393,0.38693374,0.35067332
train-u0008815,1,1,0.3097062,0.36474618,0.32554755
train-u0008816,2,1,0.26172143,0.39393878,0.34433985
train-u0008817,2,1,0.28242818,0.36365944,0.35391238
train-u0008818,1,1,0.28949922,0.36427268,0.34622812
train-u0008819,2,1,0.31155553,0.3681092,0.3203353
train-u0008820,2,0,0.34474343,0.3176794,0.33757716
train-u0008821,2,2,0.34442595,0.30577186,0.34980217
train-u0008822,2,0,0.371786,0.29079142,0.3374226
train-u0008823,2,2,0.33062378,0.32425255,0.34512365
train-u0008824,0,2,0.3283396,0.32992473,0.3417356
train-u0008832,2,1,0.27632433,0.37757507,0.3461006
train-u0008833,2,1,0.2965048,0.36243656,0.34105864
train-u0008834,1,1,0.27997896,0.37593862,0.34408242
train-u0008835,1,1,0.274598,0.38061973,0.34478223
train-u0008836,0,1,0.29751512,0.36175832,0.34072655
train-u0008837,0,1,0.27978244,0.3748623,0.34535527
train-u0008838,2,2,0.3309248,0.32050917,0.348566
train-u0008839,2,1,0.33230537,0.33844197,0.32925266
train-u0008840,1,2,0.3158615,0.32504475,0.3590938
train-u0008841,2,1,0.28852075,0.3604305,0.35104874
train-u0008842,1,1,0.28640938,0.37116864,0.34242195
train-u0008843,2,1,0.28828052,0.36530608,0.34641343
train-u0008844,1,2,0.29631308,0.34626168,0.3574252
train-u0008845,1,1,0.29680848,0.37422666,0.32896483
train-u0008846,1,1,0.29891005,0.3669549,0.33413503
train-u0008847,1,1,0.2931295,0.3729058,0.3339648
train-u0008848,1,1,0.28508797,0.38252002,0.33239204
train-u0008849,0,1,0.30091107,0.37123206,0.32785684
train-u0008850,2,1,0.30536753,0.37229377,0.3223388
train-u0008851,1,2,0.32929978,0.33119392,0.33950627
train-u0008852,1,2,0.33326197,0.32311684,0.34362116
train-u0008853,1,2,0.33706635,0.3181069,0.34482673
train-u0008866,1,1,0.30770165,0.379351,0.3129474
train-u0008867,0,1,0.32987702,0.34472197,0.32540104
train-u0008868,1,1,0.33065686,0.34777874,0.3215644
train-u0008869,1,1,0.33615878,0.3381649,0.32567638
train-u0008870,0,2,0.3195362,0.33037034,0.35009354
train-u0008883,1,2,0.30860773,0.3426736,0.34871873
train-u0008884,1,2,0.30824348,0.34521693,0.3465396
train-u0008885,0,1,0.30243835,0.35425672,0.34330487
train-u0008886,2,1,0.2988343,0.36103877,0.34012696
train-u0008887,1,1,0.28872862,0.3719074,0.33936402
train-u0008893,1,1,0.29968724,0.35158604,0.34872666
train-u0008894,1,1,0.31305504,0.35556862,0.33137637
train-u0008895,0,2,0.30850384,0.3421306,0.34936562
train-u0008896,1,1,0.32517406,0.34602037,0.32880557
train-u0008897,0,2,0.3176904,0.32793123,0.35437837
train-u0008898,1,1,0.31125945,0.35236067,0.33637995
train-u0008899,1,1,0.28874776,0.35616013,0.3550922
train-u0008900,1,2,0.30302918,0.3471777,0.34979314
train-u0008901,0,1,0.30069652,0.3768613,0.3224421
train-u0008902,2,1,0.29504383,0.36504272,0.33991346
train-u0008903,0,1,0.29225522,0.36045626,0.34728852
train-u0008904,1,1,0.2898367,0.36839062,0.3417727
train-u0008905,1,1,0.2908153,0.36029825,0.3488865
train-u0009036,0,1,0.30035612,0.38453838,0.31510553
train-u0009037,2,0,0.34807965,0.34318832,0.30873206
train-u0009038,2,1,0.33349898,0.36673343,0.29976755
train-u0009039,2,2,0.32479587,0.30628237,0.36892176
train-u0009040,2,2,0.31801593,0.32268837,0.35929567
train-u0009041,2,2,0.31435686,0.33429778,0.35134536
train-u0009042,2,1,0.3363145,0.35993853,0.303747
train-u0009043,2,2,0.31354713,0.33408326,0.35236964
train-u0009044,1,1,0.32887113,0.33727145,0.33385742
train-u0009045,1,1,0.34466696,0.3474874,0.3078457
train-u0009083,1,2,0.3340972,0.31174585,0.354157
train-u0009084,2,1,0.3233207,0.36832485,0.30835447
train-u0009085,0,2,0.3267452,0.33028725,0.3429676
train-u0009086,2,2,0.3401672,0.31488472,0.34494805
train-u0009087,2,2,0.34032497,0.31299305,0.34668195
train-u0009088,2,1,0.31803724,0.36326808,0.31869465
train-u0009089,0,0,0.3635848,0.29567444,0.3407408
train-u0009090,0,0,0.38202998,0.29975685,0.3182132
train-u0009091,1,1,0.32151964,0.37467784,0.30380252
train-u0009092,1,1,0.32144773,0.3689491,0.30960315
train-u0009093,1,1,0.33404487,0.33756453,0.3283906
train-u0009094,0,1,0.3261569,0.37029213,0.303551
train-u0009095,2,0,0.3507918,0.3152175,0.33399078
train-u0009096,1,0,0.33724836,0.32756826,0.3351834
train-u0009097,2,0,0.35036826,0.32037613,0.32925564
train-u0009136,1,1,0.3431384,0.3461943,0.31066725
train-u0009137,1,0,0.3946547,0.24676847,0.3585769
train-u0009138,1,0,0.40481254,0.24020073,0.35498676
train-u0009139,2,0,0.37570703,0.26832786,0.35596502
train-u0009140,2,0,0.34630352,0.3287536,0.3249429
train-u0009141,1,2,0.33307704,0.3173186,0.3496043
train-u0009142,0,0,0.3335333,0.3332374,0.33322936
train-u0009143,2,1,0.3296087,0.33933008,0.3310612
train-u0009164,1,1,0.3000284,0.37803954,0.321932
train-u0009165,1,1,0.30593193,0.38007265,0.31399542
train-u0009166,2,0,0.38747784,0.2535393,0.35898283
train-u0009167,0,1,0.307768,0.36903515,0.32319692
train-u0009168,1,2,0.31429777,0.34062675,0.34507552
train-u0009169,1,1,0.30114323,0.37998748,0.31886932
train-u0009170,2,1,0.33185035,0.37850803,0.28964165
train-u0009171,1,1,0.32660857,0.37603396,0.29735744
train-u0009172,1,1,0.32769042,0.3664257,0.3058839
train-u0009173,2,1,0.3225444,0.3641419,0.31331375
train-u0009174,1,1,0.3338035,0.38056234,0.28563416
train-u0009175,1,1,0.33413613,0.38452622,0.28133765
train-u0009181,0,0,0.36148992,0.31586224,0.32264787
train-u0009182,2,0,0.3885118,0.30463976,0.30684847
train-u0009183,1,1,0.33292896,0.3532625,0.31380847
train-u0009184,1,0,0.34763238,0.33354145,0.31882617
train-u0009185,0,0,0.34763238,0.33354145,0.31882617
train-u0009186,1,1,0.3233639,0.36892173,0.30771437
train-u0009187,1,1,0.32602367,0.3680553,0.305921
train-u0009188,2,1,0.32335722,0.35013667,0.32650605
train-u0009189,2,1,0.32097617,0.360834,0.31818986
train-u0009190,0,1,0.32253635,0.36082268,0.31664088
train-u0009191,0,1,0.3209162,0.36248758,0.31659618
train-u0009192,1,1,0.33253303,0.37154165,0.29592535
train-u0009193,0,0,0.37236255,0.29359972,0.33403775
train-u0009194,1,2,0.31810424,0.3353487,0.346547
train-u0009195,1,0,0.33622795,0.32873535,0.3350366
train-u0009196,0,0,0.37021446,0.30388206,0.32590345
train-u0009197,1,1,0.31863806,0.36583066,0.3155313
train-u0009198,1,1,0.31667307,0.36580467,0.31752217
train-u0009199,1,1,0.3215992,0.362305,0.31609586
train-u0009219,1,0,0.36307076,0.33821627,0.29871303
train-u0009220,1,1,0.34343848,0.3678712,0.28869036
train-u0009221,1,1,0.33359465,0.37291998,0.29348537
train-u0009222,1,1,0.33358693,0.37658054,0.28983247
train-u0009223,0,1,0.34536725,0.3705282,0.28410456
train-u0009224,0,1,0.31686145,0.36401126,0.31912735
train-u0009225,1,1,0.34143114,0.3717646,0.28680423
train-u0009226,2,1,0.34434456,0.3737069,0.28194857
train-u0009410,1,0,0.35090798,0.30482846,0.34426355
train-u0009411,0,0,0.34886858,0.3071807,0.34395063
train-u0009412,2,1,0.32017446,0.35040292,0.32942268
train-u0009413,1,1,0.3378283,0.34199858,0.3201732
train-u0009414,2,1,0.32310042,0.34004018,0.33685943
train-u0009492,0,1,0.32719156,0.3442141,0.32859433
train-u0009493,1,1,0.32909217,0.35132763,0.3195802
train-u0009494,2,1,0.31878456,0.3735163,0.3076992
train-u0009495,1,1,0.35033548,0.3635998,0.28606474
train-u0009496,1,1,0.31051353,0.37745002,0.31203645
train-u0009497,2,1,0.3217902,0.37681577,0.30139405
train-u0009498,2,1,0.3191036,0.37213114,0.30876526
train-u0009499,2,1,0.32232657,0.3695984,0.30807504
train-u0009500,1,0,0.43027908,0.25441042,0.31531054
train-u0009501,2,0,0.3679089,0.32515657,0.30693457
train-u0009502,2,0,0.36165154,0.34433904,0.29400942
train-u0009503,2,1,0.33003035,0.38102517,0.28894448
train-u0009504,2,1,0.335691,0.37414083,0.2901681
train-u0009505,1,1,0.34331435,0.37839398,0.27829167
train-u0009506,2,1,0.34456223,0.3638695,0.29156825
train-u0009507,0,0,0.3627654,0.3150076,0.322227
train-u0009508,2,2,0.33059287,0.3160061,0.35340106
train-u0009509,2,1,0.33662248,0.3494966,0.31388086
train-u0009510,2,1,0.30905306,0.38821208,0.30273482
train-u0009511,2,2,0.32437873,0.32512718,0.35049403
train-u0009512,2,0,0.35398608,0.31269202,0.3333219
train-u0009513,2,1,0.32973373,0.34565482,0.32461146
train-u0009514,2,2,0.33267194,0.33330163,0.3340265
train-u0009537,1,1,0.27371612,0.3670085,0.35927543
train-u0009538,1,1,0.28210688,0.36021873,0.35767445
train-u0009539,1,1,0.27232605,0.3674108,0.36026317
train-u0009540,2,1,0.27309266,0.38401124,0.34289607
train-u0009541,1,1,0.2773015,0.37302178,0.34967673
train-u0009610,0,1,0.34539002,0.34966403,0.30494598
train-u0009611,0,0,0.3535737,0.34107035,0.3053559
train-u0009612,0,0,0.35824162,0.3354319,0.30632645
train-u0009613,1,1,0.33477217,0.34455177,0.320676
train-u0009614,0,1,0.3324318,0.36454046,0.3030278
train-u0009615,1,0,0.34435803,0.3260761,0.3295658
train-u0009616,2,1,0.32687104,0.37731662,0.29581234
train-u0009626,0,0,0.37353417,0.29421285,0.33225292
train-u0009627,0,0,0.40523016,0.29706421,0.29770568
train-u0009628,2,0,0.40234897,0.28860602,0.309045
train-u0009629,1,0,0.38324457,0.30702022,0.30973524
train-u0009630,1,0,0.3565221,0.33242783,0.31105006
train-u0009631,2,0,0.39545992,0.25704584,0.34749427
train-u0009632,0,0,0.38197544,0.3203451,0.29767942
train-u0009727,1,2,0.34580988,0.30074674,0.35344344
train-u0009728,0,2,0.34209013,0.30498204,0.35292792
train-u0009729,0,0,0.44180113,0.23115456,0.32704425
train-u0009730,1,0,0.43252805,0.23735732,0.3301147
train-u0009731,0,0,0.4166972,0.24421331,0.33908945
train-u0009732,0,0,0.43758076,0.22644825,0.335971
train-u0009733,0,0,0.38539368,0.27633622,0.33827007
train-u0009734,0,0,0.395324,0.27356592,0.33111012
train-u0009804,0,1,0.33094236,0.3495994,0.31945825
train-u0009805,0,0,0.36936405,0.3285253,0.30211058
train-u0009806,2,0,0.3683165,0.30842888,0.32325462
train-u0009807,0,0,0.3519188,0.33710137,0.3109799
train-u0009808,0,0,0.3796837,0.31153122,0.30878508
train-u0009809,0,1,0.34112313,0.3440889,0.31478798
train-u0009810,0,0,0.37897474,0.2980246,0.32300067
train-u0009811,0,0,0.3738581,0.31308764,0.31305423
train-u0009873,1,0,0.39285538,0.27817693,0.32896772
train-u0009874,2,0,0.41797635,0.24482301,0.3372006
train-u0009875,2,0,0.41507158,0.27279398,0.31213444
train-u0009876,2,0,0.43276116,0.25022432,0.31701446
train-u0009877,0,0,0.40975353,0.27336287,0.31688356
train-u0009878,2,0,0.40846473,0.27587172,0.3156636
train-u0009879,0,0,0.35483268,0.32095498,0.32421237
train-u0009880,0,0,0.40528867,0.2683885,0.32632288
train-u0009881,0,0,0.4088971,0.2741393,0.31696364
train-u0009882,2,0,0.41739926,0.26355833,0.31904238
train-u0009883,2,0,0.42181885,0.26116797,0.31701308
train-u0009884,0,0,0.43493614,0.2510695,0.31399444
train-u0009885,2,0,0.44018948,0.24817114,0.31163937
train-u0009903,0,0,0.38186732,0.29302397,0.32510865
train-u0009904,0,0,0.43169013,0.250369,0.31794083
train-u0009905,2,0,0.40615812,0.26464415,0.32919776
train-u0009906,0,0,0.44984573,0.23546693,0.31468728
train-u0009907,0,0,0.40044367,0.2704352,0.3291211
train-u0009908,1,0,0.44232586,0.22865115,0.32902303
train-u0009909,0,0,0.3807894,0.3012593,0.31795132
train-u0009910,0,0,0.373334,0.30469176,0.32197428
train-u0009911,0,0,0.39229178,0.28480315,0.3229051
train-u0009912,0,0,0.43235728,0.24927585,0.31836691
train-u0009913,2,0,0.42355964,0.24843231,0.32800803
train-u0009914,2,0,0.37835872,0.28625378,0.3353875
train-u0009915,0,0,0.44873476,0.23775987,0.31350532
train-u0010022,0,0,0.37587246,0.2909818,0.3331457
train-u0010023,0,0,0.37386087,0.29422584,0.3319133
train-u0010024,2,0,0.39875677,0.2691942,0.33204904
train-u0010025,2,0,0.40221187,0.26063523,0.33715296
train-u0010026,2,0,0.41995475,0.2479884,0.3320568
train-u0010027,2,0,0.39121616,0.28564322,0.3231406
train-u0010028,2,0,0.4193708,0.26181394,0.31881523
train-u0010029,0,0,0.42573434,0.24729866,0.32696697
train-u0010074,2,1,0.29124838,0.3817921,0.32695946
train-u0010075,1,1,0.29175282,0.38292465,0.32532245
train-u0010076,1,1,0.2821188,0.3724551,0.34542608
train-u0010077,1,1,0.31246233,0.3648338,0.3227039
train-u0010078,2,1,0.30797437,0.38629285,0.30573276
train-u0010079,1,1,0.2753917,0.38685012,0.3377582
train-u0010080,0,1,0.30374885,0.38440588,0.31184527
train-u0010131,0,1,0.333333,0.36780316,0.2988638
train-u0010132,1,1,0.333333,0.36780316,0.2988638
train-u0010133,1,1,0.33451587,0.3669463,0.2985378
train-u0010134,1,1,0.32917035,0.36551815,0.3053115
train-u0010135,0,1,0.3370559,0.3787052,0.28423896
train-u0010136,1,2,0.3263372,0.33390528,0.33975747
train-u0010196,1,1,0.3332859,0.35542685,0.3112873
train-u0010197,1,1,0.3365698,0.3525221,0.3109081
train-u0010198,2,1,0.33429652,0.37138048,0.29432297
train-u0010199,1,1,0.33041945,0.37183315,0.2977474
train-u0010200,0,1,0.33217296,0.36679438,0.30103263
train-u0010201,1,1,0.31780684,0.37464675,0.3075464
train-u0010202,0,1,0.31780684,0.37464675,0.3075464
train-u0010251,1,1,0.31970945,0.3803241,0.29996642
train-u0010252,0,1,0.32955673,0.3701273,0.300316
train-u0010253,0,1,0.3226533,0.35250396,0.32484272
train-u0010254,1,1,0.32399172,0.370675,0.3053333
train-u0010255,1,1,0.3204308,0.37533304,0.30423614
train-u0010256,1,1,0.29840523,0.39023218,0.3113626
train-u0010257,1,1,0.3414443,0.36828265,0.2902731
train-u0010258,1,1,0.31678087,0.38194647,0.3012726
train-u0010259,1,1,0.3318406,0.35804057,0.31011873
train-u0010260,0,1,0.32663313,0.3720618,0.30130512
train-u0010261,0,1,0.32663313,0.3720618,0.30130512
train-u0010262,2,1,0.3283999,0.379633,0.2919671
train-u0010263,0,1,0.3340364,0.37093887,0.29502475
train-u0010264,2,1,0.30140227,0.36845574,0.330142
train-u0010265,2,1,0.32938007,0.36541507,0.30520487
train-u0010320,0,0,0.34790498,0.34457314,0.30752194
train-u0010321,1,1,0.32205224,0.34485993,0.33308783
train-u0010322,1,0,0.34173602,0.33430177,0.32396215
train-u0010323,1,0,0.35449615,0.31887418,0.32662973
train-u0010324,2,1,0.33022818,0.35197717,0.31779465
train-u0010325,2,1,0.3223718,0.3702338,0.3073944
train-u0010326,1,0,0.35164702,0.33376053,0.31459242
train-u0010327,0,0,0.34915754,0.3240174,0.32682505
train-u0010385,0,0,0.34832197,0.3187,0.33297804
train-u0010386,0,0,0.34773436,0.3149859,0.33727974
train-u0010387,2,0,0.34039453,0.32006204,0.33954343
train-u0010388,2,2,0.33526054,0.32014915,0.34459028
train-u0010389,2,0,0.3379658,0.33027557,0.33175865
train-u0010390,1,1,0.33520162,0.36059833,0.30420008
train-u0010391,2,0,0.35051224,0.31382635,0.3356614
train-u0010392,1,0,0.35650373,0.31065166,0.33284464
train-u0010393,2,0,0.3476042,0.3366046,0.31579125
train-u0010394,2,1,0.3408685,0.34321594,0.31591558
train-u0010395,2,0,0.35954562,0.30652884,0.33392552
train-u0010396,2,2,0.34085178,0.3136135,0.34553468
train-u0010601,2,0,0.39159998,0.28934246,0.31905755
train-u0010602,0,2,0.33180872,0.31330678,0.3548845
train-u0010603,0,0,0.40198982,0.28585115,0.312159
train-u0010604,0,0,0.36319673,0.31264797,0.32415527
train-u0010605,2,0,0.3683881,0.30529714,0.3263148
train-u0010606,2,0,0.3822814,0.2958442,0.32187435
train-u0010607,0,1,0.3276738,0.37549648,0.2968297
train-u0010608,0,1,0.3365797,0.35826778,0.3051525
train-u0010609,1,1,0.32436168,0.34428573,0.33135253
train-u0010610,1,1,0.33110905,0.3415924,0.3272986
train-u0010611,1,1,0.3304056,0.37231168,0.2972828
train-u0010612,2,1,0.3299981,0.37234882,0.2976531
train-u0010708,0,1,0.346104,0.35553482,0.29836118
train-u0010709,1,1,0.30337706,0.3571957,0.33942723
train-u0010710,1,1,0.34747708,0.35985094,0.292672
train-u0010711,1,1,0.30437058,0.3619467,0.3336827
train-u0010712,0,0,0.35988453,0.33774728,0.30236822
train-u0010718,1,1,0.33225623,0.3460483,0.32169554
train-u0010719,2,1,0.3375383,0.3397171,0.32274464
train-u0010720,0,1,0.31780094,0.3669984,0.31520063
train-u0010721,1,1,0.3184018,0.36261606,0.3189821
train-u0010722,1,1,0.3330868,0.3477034,0.31920978
train-u0010723,0,1,0.33431178,0.341491,0.32419717
train-u0010724,0,1,0.3339469,0.34122166,0.3248314
train-u0010742,1,1,0.3010803,0.38837942,0.31054026
train-u0010743,1,1,0.30314845,0.3744895,0.32236204
train-u0010744,1,1,0.31760284,0.3561768,0.32622033
train-u0010745,1,1,0.31304693,0.35794485,0.32900816
train-u0010746,2,1,0.3090402,0.37677798,0.31418183
train-u0010747,0,1,0.30436587,0.38051876,0.31511527
train-u0010748,2,1,0.30436587,0.38051876,0.31511527
train-u0010749,0,1,0.3087068,0.37030435,0.3209889
train-u0010750,1,1,0.31567362,0.3658404,0.31848595
train-u0010751,2,0,0.34587702,0.33935806,0.31476498
train-u0010752,2,0,0.34853318,0.33404043,0.3174264
train-u0010753,1,0,0.34853318,0.33404043,0.3174264
train-u0010754,2,1,0.3055472,0.38038886,0.31406397
train-u0010775,1,1,0.3361059,0.3621375,0.30175656
train-u0010776,1,1,0.34010157,0.36611658,0.29378182
train-u0010777,1,1,0.34377977,0.35416138,0.30205882
train-u0010778,1,1,0.33576366,0.34338307,0.3208533
train-u0010779,0,0,0.35011908,0.3356895,0.31419137
train-u0010787,1,1,0.3317401,0.34261936,0.32564053
train-u0010788,1,1,0.3116144,0.35700879,0.33137682
train-u0010789,2,1,0.3116144,0.35700879,0.33137682
train-u0010790,2,1,0.3205447,0.37045774,0.30899757
train-u0010791,2,1,0.3337604,0.3367541,0.32948548
train-u0010792,1,0,0.3864082,0.29441673,0.319175
train-u0010844,1,1,0.3227314,0.38634196,0.29092664
train-u0010845,1,1,0.30429476,0.3823409,0.3133643
train-u0010846,2,1,0.31649816,0.35022378,0.3332781
train-u0010847,2,1,0.34410405,0.349521,0.30637485
train-u0010848,2,1,0.33348158,0.36067215,0.30584633
train-u0010849,2,1,0.31446874,0.3556723,0.329859
train-u0010850,2,1,0.32106954,0.36253327,0.3163972
train-u0010851,2,1,0.32262892,0.34880713,0.3285639
train-u0010852,2,1,0.30761924,0.3506301,0.3417506
train-u0010853,1,1,0.31026614,0.37717047,0.31256333
train-u0010854,2,1,0.31026614,0.37717047,0.31256333
train-u0010855,2,1,0.30085164,0.3710851,0.32806322
train-u0010856,2,1,0.30829963,0.36455268,0.32714772
train-u0010906,2,1,0.31270993,0.34784558,0.33944452
train-u0010907,2,1,0.27975,0.37416697,0.34608302
train-u0010908,0,1,0.29576233,0.36643556,0.3378021
train-u0010909,0,2,0.2854372,0.34495246,0.36961034
train-u0010910,1,2,0.28782305,0.35278413,0.3593928
train-u0010958,2,1,0.29960656,0.37147015,0.32892329
train-u0010959,1,1,0.30921087,0.36815086,0.3226383
train-u0010960,2,1,0.31407073,0.37402663,0.31190258
train-u0010961,1,2,0.2824041,0.35266966,0.36492622
train-u0010962,0,2,0.2933713,0.35300553,0.35362315
train-u0010963,1,1,0.28881082,0.35577595,0.35541326
train-u0010964,2,1,0.28418866,0.35992026,0.35589108
train-u0010965,2,2,0.29720274,0.34396383,0.35883343
train-u0010966,0,1,0.28222176,0.36587247,0.35190573
train-u0010967,1,1,0.28013754,0.36066577,0.3591967
train-u0010968,2,2,0.28298843,0.35577178,0.36123976
train-u0010969,2,2,0.28298843,0.35577178,0.36123976
train-u0011030,0,0,0.389697,0.31401852,0.29628453
train-u0011031,0,1,0.3191315,0.36566392,0.31520456
train-u0011032,1,0,0.35597494,0.34678328,0.29724178
train-u0011033,1,1,0.33496758,0.37294134,0.29209104
train-u0011034,1,0,0.35461012,0.33761293,0.30777696
train-u0011035,1,1,0.3236282,0.35768405,0.31868774
train-u0011036,1,1,0.33985788,0.33994883,0.32019326
train-u0011037,1,1,0.33775055,0.34813628,0.31411323
train-u0011038,0,1,0.33485824,0.35251322,0.31262854
train-u0011039,2,1,0.30850306,0.36432576,0.32717115
train-u0011225,1,1,0.3210612,0.36296317,0.31597567
train-u0011226,0,0,0.3741519,0.33635342,0.2894947
train-u0011227,2,0,0.3736702,0.33102044,0.2953094
train-u0011228,0,0,0.3723951,0.33293557,0.29466924
train-u0011229,0,0,0.3626374,0.304336,0.33302656
train-u0011230,1,0,0.36668035,0.3038538,0.32946593
train-u0011231,1,0,0.3737466,0.2998438,0.32640955
train-u0011232,1,0,0.37867612,0.3077288,0.31359515
train-u0011233,1,0,0.35417548,0.32100886,0.32481572
train-u0011234,0,0,0.37397873,0.31138608,0.31463513
train-u0011235,0,1,0.3391729,0.34281024,0.31801686
train-u0011236,0,0,0.3938677,0.2818171,0.3243152
train-u0011422,1,0,0.36649743,0.32085162,0.31265095
train-u0011423,0,0,0.34992546,0.33852282,0.3115517
train-u0011424,1,2,0.33527672,0.3293689,0.3353544
train-u0011425,2,1,0.3454546,0.34959593,0.30494952
train-u0011426,2,0,0.35476282,0.32603833,0.31919885
train-u0011427,2,0,0.3685391,0.3273456,0.30411536
train-u0011428,1,0,0.35812706,0.32253858,0.31933427
train-u0011561,1,1,0.3446043,0.3512488,0.30414686
train-u0011562,0,1,0.31361744,0.36860362,0.31777894
train-u0011563,2,1,0.33317673,0.35898298,0.30784035
train-u0011564,1,1,0.33736268,0.35984978,0.30278748
train-u0011565,1,1,0.33752927,0.3651579,0.29731286
train-u0011566,1,0,0.35999745,0.31204534,0.3279572
train-u0011567,2,0,0.3435768,0.33257917,0.32384405
train-u0011568,0,1,0.32524258,0.36510843,0.30964896
train-u0011569,0,1,0.2960974,0.3785939,0.3253087
train-u0011623,1,1,0.3309609,0.35371947,0.31531963
train-u0011624,1,1,0.30984223,0.37734354,0.3128142
train-u0011625,0,1,0.33625555,0.36121032,0.30253413
train-u0011626,0,1,0.33519542,0.3413254,0.3234792
train-u0011627,0,1,0.32289004,0.37177774,0.3053322
train-u0011628,0,1,0.3174085,0.3929486,0.28964284
train-u0011642,2,1,0.3205546,0.3755133,0.3039321
train-u0011643,1,1,0.3183903,0.37119082,0.3104189
train-u0011644,0,0,0.35280263,0.32500488,0.32219246
train-u0011645,0,0,0.3655709,0.3140026,0.32042643
train-u0011646,2,0,0.35514393,0.32536483,0.3194912
train-u0011647,0,1,0.32740018,0.36589313,0.30670667
train-u0011648,1,0,0.34363288,0.32950002,0.32686704
train-u0011649,2,0,0.34522027,0.3319628,0.32281694
train-u0011650,0,0,0.35330835,0.31172633,0.33496526
train-u0011651,0,0,0.3453053,0.3306364,0.32405823
train-u0011652,0,1,0.33465916,0.34023649,0.3251044
train-u0011707,2,0,0.39910212,0.28346106,0.31743678
train-u0011708,0,0,0.3878105,0.27761012,0.33457935
train-u0011709,1,0,0.36420402,0.28646135,0.3493346
train-u0011710,1,0,0.38271168,0.2861157,0.33117262
train-u0011711,1,1,0.33346304,0.33481115,0.33172572
train-u0011712,2,0,0.345551,0.34467095,0.30977803
train-u0011713,2,0,0.34613693,0.31407434,0.3397887
train-u0011714,2,1,0.3267757,0.3380162,0.33520812
train-u0011715,0,1,0.32857177,0.34358096,0.32784733
train-u0011716,1,1,0.32798132,0.34787837,0.32414037
train-u0011757,1,1,0.32885912,0.37098092,0.30016
train-u0011758,0,1,0.32122105,0.3666909,0.31208807
train-u0011759,0,1,0.32690674,0.38852686,0.28456637
train-u0011760,1,1,0.31669495,0.38002983,0.3032752
train-u0011761,1,0,0.34564415,0.32833755,0.3260183
train-u0011762,2,1,0.32422385,0.37338296,0.30239323
train-u0011789,0,0,0.35110968,0.31603247,0.33285782
train-u0011790,0,0,0.3462878,0.32204625,0.33166596
train-u0011791,1,0,0.3441751,0.3172897,0.33853516
train-u0011792,1,0,0.34973904,0.3147733,0.33548763
train-u0011793,1,2,0.34063733,0.31069186,0.34867084
train-u0011794,1,1,0.3272436,0.3882379,0.28451854
train-u0011819,1,2,0.33535442,0.32796544,0.33668014
train-u0011820,2,1,0.33253157,0.3436567,0.32381174
train-u0011821,1,1,0.30868188,0.36302862,0.32828957
train-u0011822,0,1,0.32937104,0.33605343,0.33457553
train-u0011823,0,1,0.26855406,0.3963582,0.3350878
train-u0011824,0,0,0.3424877,0.32588747,0.33162484
train-u0011897,0,0,0.37346455,0.3000725,0.32646286
train-u0011898,0,0,0.38521084,0.2889398,0.32584932
train-u0011899,1,0,0.380499,0.29984018,0.31966078
train-u0011900,1,0,0.37401655,0.30918407,0.31679934
train-u0011901,1,0,0.37401655,0.30918407,0.31679934
train-u0011902,0,1,0.30848774,0.35936496,0.3321473
train-u0011903,0,1,0.31858227,0.34606513,0.33535257
train-u0011904,1,1,0.3218129,0.36295235,0.31523472
train-u0011905,0,1,0.30931035,0.3565319,0.3341577
train-u0011906,0,1,0.31508562,0.37717977,0.30773464
train-u0011907,1,1,0.31247264,0.35151795,0.33600944
train-u0012025,0,0,0.35279226,0.31412277,0.33308497
train-u0012026,0,0,0.34610495,0.3215001,0.33239493
train-u0012027,0,1,0.3344031,0.36860183,0.29699513
train-u0012028,0,0,0.3654572,0.29495618,0.33958662
train-u0012029,0,0,0.3393147,0.33171603,0.32896927
train-u0012030,0,0,0.35452804,0.31866467,0.32680726
train-u0012031,0,0,0.35725507,0.3190093,0.3237356
train-u0012032,2,0,0.3501495,0.32225457,0.32759595
train-u0012033,2,0,0.34812492,0.33108857,0.32078654
train-u0012034,0,0,0.35759562,0.30855137,0.33385304
train-u0012035,0,0,0.35878295,0.31255454,0.32866248
train-u0012036,0,0,0.36588547,0.31506985,0.31904468
train-u0012037,0,0,0.36850074,0.31104338,0.3204559
train-u0012038,0,1,0.32233393,0.36539787,0.31226817
train-u0012178,2,2,0.31942433,0.32726157,0.35331407
train-u0012179,2,1,0.2849738,0.36330342,0.35172272
train-u0012180,1,2,0.29602528,0.34340334,0.36057138
train-u0012181,2,2,0.31807673,0.31013414,0.37178913
train-u0012182,1,2,0.30128315,0.34868795,0.35002887
train-u0012183,0,1,0.29334155,0.35706592,0.34959254
train-u0012184,2,2,0.31460294,0.33635753,0.3490395
train-u0012344,0,1,0.33129984,0.34768125,0.3210189
train-u0012345,1,0,0.34227276,0.33044648,0.3272807
train-u0012346,2,1,0.33386937,0.33951607,0.32661462
train-u0012347,2,0,0.3427957,0.32589483,0.33130944
train-u0012348,1,0,0.3416343,0.33398917,0.32437655
train-u0012349,1,0,0.36200052,0.30410203,0.33389747
train-u0012503,0,0,0.35754234,0.3016542,0.34080347
train-u0012504,0,0,0.3663714,0.2912748,0.34235382
train-u0012505,0,0,0.35495397,0.3238335,0.3212125
train-u0012506,1,0,0.34171784,0.3373699,0.32091224
train-u0012507,1,0,0.33966333,0.32514504,0.3351916
train-u0012508,0,2,0.32383433,0.32310042,0.35306522
train-u0012509,2,0,0.37959498,0.28264573,0.3377593
train-u0012510,2,0,0.37473482,0.28385928,0.3414059
train-u0012511,0,0,0.37570778,0.2941265,0.33016565
train-u0012512,0,0,0.40536565,0.2591054,0.33552897
train-u0012513,2,0,0.3962945,0.27068108,0.3330244
train-u0012567,0,1,0.2688441,0.3687188,0.36243707
train-u0012568,0,1,0.30701783,0.35204118,0.34094095
train-u0012569,0,2,0.32699785,0.335057,0.33794513
train-u0012570,0,1,0.28062046,0.3602544,0.35912514
train-u0012571,0,1,0.30288887,0.35103872,0.3460724
train-u0012572,0,2,0.3225561,0.32275787,0.35468602
train-u0012573,1,1,0.3012337,0.35799167,0.34077466
train-u0012574,2,1,0.2804733,0.37248823,0.34703842
train-u0012575,2,1,0.28805628,0.36956486,0.34237885
train-u0012576,0,0,0.33634806,0.33573326,0.3279187
train-u0012577,1,1,0.32264248,0.34572667,0.33163083
train-u0012578,1,1,0.32703987,0.34196168,0.33099845
train-u0012579,1,1,0.27922615,0.3743708,0.34640297
train-u0012622,1,1,0.3161166,0.362161,0.32172236
train-u0012623,1,1,0.31223977,0.3660813,0.321679
train-u0012624,1,1,0.30483752,0.37967336,0.3154891
train-u0012625,1,1,0.30833873,0.37825254,0.31340867
train-u0012626,2,1,0.305222,0.38167953,0.31309837
train-u0012627,0,1,0.30095148,0.37653944,0.32250908
train-u0012781,0,2,0.2999488,0.33390442,0.36614677
train-u0012782,2,2,0.3131946,0.3381394,0.34866595
train-u0012783,0,2,0.31134298,0.34313807,0.34551886
train-u0012784,0,2,0.29729405,0.34253806,0.3601679
train-u0012785,1,2,0.3014613,0.33419028,0.36434838
train-u0012786,0,2,0.30040067,0.33622703,0.3633723
train-u0012787,0,1,0.29650795,0.35555947,0.34793255
train-u0012788,1,2,0.33754858,0.3221723,0.3402791
train-u0012789,2,1,0.30399948,0.34825948,0.34774113
train-u0012839,2,1,0.29583165,0.35238773,0.35178062
train-u0012840,1,1,0.28963044,0.3758037,0.33456582
train-u0012841,1,1,0.28528878,0.37511402,0.33959723
train-u0012842,0,2,0.31077558,0.3225826,0.3666418
train-u0012843,0,2,0.2772667,0.36002344,0.36270985
train-u0012844,0,1,0.29048812,0.37672842,0.33278346
train-u0012845,2,2,0.31885302,0.33435187,0.34679514
train-u0012846,1,1,0.30567226,0.3541114,0.34021634
train-u0012847,0,1,0.29154998,0.36472958,0.3437205
train-u0012848,0,1,0.2821599,0.36250892,0.3553312
train-u0012849,0,1,0.2791526,0.36580876,0.35503858
train-u0012850,0,1,0.2801742,0.37416437,0.34566146
train-u0013064,2,0,0.35003686,0.33878413,0.31117904
train-u0013065,0,0,0.35688907,0.31322977,0.32988122
train-u0013066,0,0,0.34941375,0.33596605,0.31462017
train-u0013067,0,1,0.34621084,0.3570747,0.29671448
train-u0013068,2,0,0.3418209,0.33244482,0.3257343
train-u0013069,1,0,0.35924459,0.3533362,0.28741926
train-u0013070,1,0,0.35135466,0.3497724,0.29887292
train-u0013071,2,0,0.34587947,0.340698,0.31342253
train-u0013072,1,0,0.3415093,0.33352733,0.32496336
train-u0013073,1,1,0.34211153,0.34360233,0.31428614
train-u0013074,0,1,0.34358755,0.34553638,0.31087607
train-u0013075,1,0,0.3461624,0.34167635,0.31216127
train-u0013076,1,0,0.3507961,0.32831177,0.32089218
train-u0013077,0,0,0.34956977,0.34667432,0.3037559
train-u0013078,0,0,0.3722962,0.3369044,0.29079938
train-u0013079,2,1,0.33041826,0.36418,0.30540177
train-u0013080,2,0,0.3542034,0.33776727,0.30802926
train-u0013081,2,0,0.3661338,0.3281354,0.30573082
train-u0013082,1,1,0.31679368,0.36701155,0.31619483
train-u0013347,0,1,0.34310356,0.35102275,0.30587372
train-u0013348,0,1,0.3182316,0.37419268,0.30757564
train-u0013349,1,1,0.33595738,0.36322466,0.30081794
train-u0013350,0,1,0.33467677,0.36703363,0.29828957
train-u0013351,0,1,0.33276516,0.35678828,0.3104466
train-u0013352,2,0,0.34778425,0.30993634,0.3422794
train-u0013353,1,2,0.3384268,0.32044053,0.3411327
train-u0013383,0,0,0.33440867,0.33292544,0.33266592
train-u0013384,1,1,0.31932345,0.36604354,0.31463298
train-u0013385,0,1,0.32076898,0.35056877,0.32866225
train-u0013386,0,1,0.31371778,0.35510516,0.3311771
train-u0013387,2,1,0.29211304,0.37121236,0.3366746
train-u0013388,0,1,0.3272902,0.3421929,0.33051687
train-u0013389,0,1,0.31269574,0.3582417,0.32906255
train-u0013390,1,1,0.3344893,0.3377641,0.32774657
train-u0013391,0,1,0.31124246,0.36925617,0.31950134
train-u0013392,0,2,0.32082853,0.3352852,0.34388632
train-u0013393,0,0,0.36590979,0.32091865,0.31317157
train-u0013394,0,0,0.35689127,0.32616687,0.31694192
train-u0013395,2,0,0.36765674,0.3087208,0.3236225
train-u0013396,0,0,0.34753293,0.32922193,0.32324517
train-u0013397,2,1,0.33750895,0.3384115,0.3240796
train-u0013398,2,0,0.35968384,0.32212916,0.31818697
train-u0013431,0,2,0.3342183,0.3272547,0.33852705
train-u0013432,0,2,0.33673465,0.31971225,0.34355313
train-u0013433,1,1,0.30260545,0.35281077,0.34458384
train-u0013434,1,1,0.32021233,0.34310332,0.3366843
train-u0013435,2,1,0.29947087,0.36024088,0.34028822
train-u0013436,0,2,0.33268768,0.32196894,0.34534338
train-u0013437,0,1,0.30772763,0.35148767,0.34078473
train-u0013438,1,2,0.31716368,0.3388056,0.34403074
train-u0013439,1,2,0.3107744,0.34173104,0.3474945
train-u0013440,1,1,0.3005735,0.36663234,0.33279422
train-u0013441,2,2,0.311658,0.342124,0.346218
train-u0013442,0,2,0.30419913,0.34667003,0.34913087
train-u0013443,0,0,0.33644193,0.3289013,0.3346567
train-u0013444,2,2,0.3263111,0.33471426,0.3389746
train-u0013445,0,1,0.29256666,0.37348318,0.3339502
train-u0013446,0,0,0.350464,0.3206933,0.3288427
train-u0013447,0,2,0.28577802,0.3471921,0.36702988
train-u0013448,1,2,0.30246186,0.33717462,0.3603635
train-u0013449,0,2,0.30464596,0.33132833,0.36402568
train-u0013450,1,2,0.31245506,0.3206476,0.36689737
train-u0013451,1,2,0.31249332,0.33059245,0.35691416
train-u0013452,1,2,0.31353033,0.3278581,0.35861155
train-u0013453,0,2,0.27938426,0.35757858,0.36303714
train-u0013454,0,2,0.31426534,0.3211069,0.36462772
train-u0013455,0,2,0.30161154,0.3329657,0.36542276
train-u0013456,0,2,0.32359567,0.32012483,0.3562795
train-u0013457,0,2,0.3130114,0.33184734,0.3551413
train-u0013458,0,2,0.31562495,0.31982878,0.36454627
train-u0013528,0,0,0.3796276,0.3022221,0.31815034
train-u0013529,2,0,0.38017237,0.3040162,0.31581146
train-u0013530,0,0,0.38403067,0.29199642,0.3239729
train-u0013531,2,0,0.38309127,0.29544082,0.32146788
train-u0013532,0,0,0.38923454,0.27449352,0.33627188
train-u0013533,0,0,0.39689577,0.26865757,0.3344467
train-u0013534,0,0,0.3840095,0.29433453,0.321656
train-u0013535,1,1,0.3037979,0.37823474,0.31796739
train-u0013536,0,0,0.38408688,0.28526774,0.33064535
train-u0013537,0,1,0.2948524,0.37657085,0.32857674
train-u0013538,2,1,0.29699352,0.37605664,0.3269498
train-u0013539,2,1,0.3311944,0.35110757,0.317698
train-u0013540,0,0,0.4005819,0.2649437,0.33447444
train-u0013579,2,0,0.35018504,0.30206755,0.34774745
train-u0013580,1,2,0.35224107,0.2733159,0.37444305
train-u0013581,1,2,0.34759572,0.29576012,0.3566441
train-u0013582,0,0,0.43958455,0.22394997,0.3364654
train-u0013583,0,0,0.39201203,0.24348131,0.3645067
train-u0013584,0,0,0.37610346,0.27509263,0.34880385
train-u0013585,0,0,0.36755443,0.28326368,0.3491819
train-u0013586,0,0,0.36578777,0.28271696,0.3514953
train-u0013587,1,0,0.36212182,0.29229066,0.3455875
train-u0013816,2,0,0.3417179,0.33484715,0.32343498
train-u0013817,2,1,0.32131714,0.36121032,0.31747258
train-u0013818,1,1,0.32138252,0.3815535,0.297064
train-u0013819,1,1,0.32128665,0.38558802,0.2931253
train-u0013820,0,1,0.32833603,0.34419757,0.32746643
train-u0013821,1,1,0.33232364,0.35798424,0.3096921
train-u0013885,1,0,0.38507026,0.30378112,0.3111486
train-u0013886,2,0,0.38507026,0.30378112,0.3111486
train-u0013887,2,0,0.39023867,0.29714927,0.31261203
train-u0013888,2,0,0.3644764,0.32164276,0.31388083
train-u0013889,0,0,0.34862533,0.3294211,0.3219536
train-u0013941,2,1,0.31082618,0.3645728,0.32460096
train-u0013942,1,1,0.31532007,0.3796851,0.3049948
train-u0013943,2,1,0.317596,0.3610819,0.32132205
train-u0013944,1,1,0.31174606,0.36392543,0.32432842
train-u0013945,2,1,0.31192583,0.36963275,0.31844145
train-u0013946,2,1,0.3202892,0.34828666,0.33142412
train-u0013947,1,1,0.32546237,0.37215495,0.30238265
train-u0013948,2,1,0.33277023,0.35328892,0.31394082
train-u0013949,2,1,0.31798273,0.3693953,0.31262192
train-u0013950,1,1,0.31966487,0.3925754,0.28775972
train-u0013951,1,1,0.31557983,0.3784794,0.30594084
train-u0013952,2,1,0.31679064,0.35097912,0.33223024
train-u0014005,2,1,0.2979656,0.35233673,0.34969768
train-u0014006,2,0,0.3673562,0.29201388,0.3406299
train-u0014007,1,1,0.29207996,0.36362344,0.34429657
train-u0014008,1,0,0.3520317,0.31132802,0.33664024
train-u0014009,0,1,0.28383043,0.36886537,0.34730422
train-u0014010,0,2,0.33982688,0.31443208,0.3457411
train-u0014011,1,0,0.3493394,0.30919468,0.34146595
train-u0014012,0,1,0.2833608,0.36612105,0.35051808
train-u0014013,1,2,0.28802553,0.35429835,0.35767615
train-u0014014,0,1,0.28702462,0.3646524,0.34832296
train-u0014015,0,2,0.28319862,0.35377607,0.36302534
train-u0014016,0,2,0.31525657,0.33710995,0.34763345
train-u0014301,0,0,0.35244757,0.32145724,0.32609522
train-u0014302,2,0,0.36343172,0.33142346,0.30514485
train-u0014303,0,0,0.36313245,0.3342712,0.30259633
train-u0014304,1,0,0.34937283,0.32346827,0.32715893
train-u0014305,1,0,0.38367325,0.2873491,0.32897767
train-u0014306,0,0,0.3571982,0.34134737,0.30145437
train-u0014407,2,1,0.2906889,0.3578105,0.35150063
train-u0014408,0,2,0.29352948,0.33555526,0.37091523
train-u0014409,0,2,0.3033539,0.32708013,0.36956596
train-u0014410,0,2,0.30277324,0.32965565,0.36757112
train-u0014411,0,2,0.29659823,0.3330522,0.37034953
train-u0014412,0,2,0.27895704,0.3410467,0.37999624
train-u0014413,2,1,0.2852451,0.3756217,0.33913317
train-u0014414,0,2,0.29502484,0.34601146,0.35896376
train-u0014415,0,1,0.29690892,0.37012234,0.33296874
train-u0014463,0,2,0.32279924,0.32347244,0.35372832
train-u0014464,1,1,0.29672152,0.35933784,0.34394065
train-u0014465,0,2,0.29782647,0.33722344,0.36495006
train-u0014466,1,1,0.2907801,0.36072543,0.34849447
train-u0014467,1,2,0.3161857,0.33277568,0.35103863
train-u0014468,1,2,0.305298,0.3376374,0.3570646
train-u0014469,2,2,0.29873905,0.33713138,0.36412954
train-u0014498,1,1,0.3279624,0.3539601,0.31807753
train-u0014499,1,1,0.30748305,0.35909227,0.33342463
train-u0014500,1,1,0.30246818,0.3619393,0.33559254
train-u0014501,0,2,0.33471474,0.31645286,0.3488323
train-u0014502,1,1,0.32310164,0.35871893,0.31817937
train-u0014503,2,1,0.3317658,0.3526987,0.31553552
train-u0014509,0,2,0.30726767,0.34105474,0.35167754
train-u0014510,0,0,0.3465609,0.318231,0.33520806
train-u0014511,1,0,0.35047334,0.3126438,0.33688295
train-u0014512,2,2,0.32656974,0.33623657,0.3371937
train-u0014513,1,0,0.34957427,0.32503024,0.32539544
train-u0014552,0,1,0.34409252,0.3537254,0.30218202
train-u0014553,0,1,0.34109098,0.35339344,0.3055156
train-u0014554,2,1,0.335879,0.35602105,0.30809996
train-u0014555,2,1,0.32945248,0.3612536,0.30929393
train-u0014556,2,1,0.3245593,0.3796831,0.29575753
train-u0014566,2,1,0.3103905,0.35764238,0.33196712
train-u0014567,2,1,0.31695357,0.36657658,0.31646985
train-u0014568,0,1,0.2980475,0.3616792,0.34027326
train-u0014569,0,2,0.30913022,0.3444128,0.34645694
train-u0014570,2,1,0.29725942,0.35369438,0.3490462
train-u0014571,0,1,0.30671337,0.36243057,0.33085603
train-u0014572,1,1,0.28771827,0.37931263,0.33296916
train-u0014573,1,1,0.29225388,0.35972446,0.34802166
train-u0014574,1,1,0.28398663,0.38073286,0.33528057
train-u0014575,1,1,0.28118697,0.38991264,0.3289004
train-u0014576,0,1,0.31053934,0.3784223,0.31103837
train-u0014577,1,1,0.28765413,0.38415936,0.32818657
train-u0014578,0,1,0.3158105,0.36760697,0.31658256
train-u0014579,1,1,0.29711148,0.37924683,0.32364163
train-u0014580,0,1,0.29637206,0.36696997,0.33665794
train-u0014581,1,1,0.296462,0.36652815,0.33700985
train-u0014582,2,1,0.3012106,0.37287575,0.32591367
train-u0014583,1,1,0.2937684,0.3935586,0.31267297
train-u0014584,2,1,0.3047068,0.36748502,0.3278081
train-u0014585,0,1,0.32142535,0.35167992,0.3268947
train-u0014586,2,1,0.3128817,0.36273742,0.32438087
train-u0014587,2,1,0.31778795,0.3686085,0.31360355
train-u0014588,0,1,0.30744985,0.3656328,0.32691738
train-u0014736,1,1,0.3480142,0.36300927,0.2889765
train-u0014737,1,1,0.3445636,0.37123185,0.28420457
train-u0014738,2,1,0.34270257,0.36367506,0.2936224
train-u0014739,1,1,0.32957944,0.37776467,0.2926559
train-u0014740,1,1,0.33451426,0.3924166,0.27306908
train-u0014741,2,1,0.33884457,0.37446493,0.2866905
train-u0014742,1,1,0.33493757,0.35811165,0.30695072
train-u0014743,0,1,0.34485945,0.34952092,0.30561957
train-u0014744,0,0,0.3486487,0.31872842,0.33262292
train-u0014745,2,1,0.33684954,0.34634256,0.31680787
train-u0014746,2,1,0.33952743,0.3502776,0.31019494
train-u0014747,1,1,0.32704395,0.37707433,0.29588175
train-u0014748,0,1,0.3414677,0.35286283,0.30566946
train-u0014825,2,0,0.36518705,0.31332576,0.32148725
train-u0014826,1,1,0.33097988,0.3736944,0.2953258
train-u0014827,0,1,0.34270638,0.3536307,0.30366293
train-u0014828,0,1,0.33126038,0.3780662,0.29067343
train-u0014829,2,0,0.3563697,0.34490335,0.29872695
train-u0014846,1,0,0.3476146,0.3194373,0.33294815
train-u0014847,1,0,0.34247422,0.3357901,0.3217357
train-u0014848,1,0,0.3601187,0.31676903,0.32311234
train-u0014849,2,0,0.34914777,0.32835954,0.3224927
train-u0014850,1,0,0.3604993,0.3070098,0.3324909
train-u0014851,2,1,0.3140492,0.36116725,0.3247836
train-u0014852,1,1,0.3320188,0.33622915,0.33175197
train-u0014853,0,0,0.34518573,0.325441,0.3293733
train-u0014854,0,1,0.32821292,0.34579316,0.32599396
train-u0014931,2,0,0.36656764,0.30040976,0.33302256
train-u0014932,1,1,0.3145344,0.3714296,0.31403598
train-u0014933,1,1,0.31606022,0.36622852,0.3177112
train-u0014934,1,2,0.33886,0.32167238,0.3394676
train-u0014935,2,2,0.33098504,0.33354673,0.33546826
train-u0014936,1,1,0.29705137,0.36225665,0.34069198
train-u0014937,0,0,0.3815481,0.29591388,0.3225381
train-u0014938,1,0,0.3568809,0.31285065,0.3302684
train-u0014989,1,0,0.3374462,0.3261888,0.33636498
train-u0014990,1,2,0.32871032,0.33371451,0.33757517
train-u0014991,2,1,0.31878886,0.37768498,0.30352613
train-u0014992,1,1,0.32918483,0.35622802,0.31458712
train-u0014993,1,1,0.3276528,0.33674976,0.33559743
train-u0015029,1,0,0.37114298,0.29421714,0.33463985
train-u0015030,1,0,0.35617402,0.29667646,0.34714943
train-u0015031,1,0,0.3410129,0.32092676,0.33806038
train-u0015032,2,0,0.378574,0.28592974,0.33549625
train-u0015033,2,0,0.3850499,0.2822074,0.33274263
train-u0015102,2,1,0.31987885,0.35726205,0.3228591
train-u0015103,1,1,0.32369676,0.35170263,0.3246006
train-u0015104,2,0,0.34353262,0.33252922,0.32393816
train-u0015105,1,1,0.32876655,0.35624748,0.31498596
train-u0015106,1,1,0.33253962,0.34688553,0.32057488
train-u0015107,1,1,0.32696563,0.34432793,0.32870644
train-u0015108,0,0,0.33798504,0.33615434,0.32586065
train-u0015109,1,0,0.34452304,0.31940866,0.33606833
train-u0015110,0,1,0.34106234,0.3550511,0.30388653
train-u0015111,1,1,0.33326966,0.3480923,0.31863806
train-u0015112,1,0,0.3596943,0.3229381,0.31736755
train-u0015113,1,1,0.3376504,0.34443933,0.3179102
train-u0015120,0,1,0.33101252,0.36345965,0.30552784
train-u0015121,1,1,0.3366181,0.37511095,0.2882709
train-u0015122,2,1,0.33424863,0.38616797,0.2795834
train-u0015123,1,1,0.33699676,0.3455304,0.31747285
train-u0015124,1,1,0.31324956,0.36272758,0.32402283
train-u0015125,1,1,0.33524552,0.36625,0.29850438
train-u0015126,1,1,0.33554617,0.3607548,0.30369902
train-u0015127,1,0,0.3381771,0.3369956,0.32482722
train-u0015128,2,1,0.3321298,0.33571136,0.3321588
train-u0015129,1,0,0.34600326,0.33725864,0.31673816
train-u0015130,0,0,0.3373631,0.3338914,0.32874554
train-u0015131,1,1,0.3350117,0.34825593,0.3167323
train-u0015132,1,1,0.33446142,0.36003575,0.30550283
train-u0015133,2,0,0.3451211,0.3376348,0.3172442
train-u0015187,1,2,0.33083525,0.32874566,0.34041902
train-u0015188,2,1,0.33737993,0.35307664,0.30954343
train-u0015189,0,1,0.33363825,0.3558369,0.31052482
train-u0015190,0,1,0.34134907,0.35878718,0.2998638
train-u0015191,2,1,0.3403736,0.3412683,0.31835806
train-u0015192,1,1,0.3134224,0.35323203,0.33334556
train-u0015193,2,1,0.3317364,0.3429408,0.32532278
train-u0015194,2,1,0.31849855,0.36154497,0.3199565
train-u0015195,1,1,0.31482446,0.355903,0.3292725
train-u0015196,1,1,0.31925777,0.3507796,0.3299626
train-u0015197,1,1,0.32653552,0.3897958,0.28366864
train-u0015198,1,1,0.32471976,0.40214,0.27314025
train-u0015199,2,1,0.3125653,0.35486934,0.33256537
train-u0015200,2,1,0.34032983,0.3589747,0.30069554
train-u0015279,2,2,0.27619877,0.36147735,0.36232388
train-u0015280,0,2,0.3287948,0.31640205,0.35480312
train-u0015281,0,0,0.36254147,0.30809745,0.329361
train-u0015282,0,1,0.33485258,0.3421608,0.3229866
train-u0015283,2,0,0.3499522,0.32847846,0.32156938
train-u0015313,2,1,0.31355703,0.3456298,0.34081313
train-u0015314,2,1,0.323539,0.3555999,0.32086116
train-u0015315,1,1,0.323539,0.3555999,0.32086116
train-u0015316,1,1,0.3256751,0.35162425,0.32270068
train-u0015317,1,1,0.32330173,0.35094172,0.32575655
train-u0015318,0,1,0.32712305,0.34001517,0.3328618
train-u0015319,0,1,0.30335712,0.3597443,0.33689854
train-u0015320,2,1,0.31983995,0.34738475,0.33277532
train-u0015321,1,1,0.3169864,0.35033467,0.3326789
train-u0015322,2,1,0.3234691,0.34630328,0.33022767
train-u0015323,1,1,0.3114202,0.35328206,0.33529773
train-u0015324,1,1,0.3310715,0.3349041,0.33402434
train-u0015325,1,1,0.31376824,0.35280097,0.3334308
train-u0015326,1,2,0.33142602,0.32998842,0.33858564
train-u0015327,1,1,0.31675825,0.3485674,0.33467442
train-u0015328,1,1,0.3088127,0.3574512,0.33373612
train-u0015420,1,1,0.313161,0.37442744,0.31241158
train-u0015421,1,1,0.30526763,0.3842498,0.31048262
train-u0015422,1,1,0.31480157,0.3442088,0.34098965
train-u0015423,1,2,0.31752267,0.3411802,0.34129712
train-u0015424,1,1,0.31407398,0.36600947,0.31991643
train-u0015425,1,1,0.31537062,0.3471437,0.33748567
train-u0015426,2,1,0.3192336,0.34958073,0.3311857
train-u0015427,1,1,0.3110379,0.35914418,0.32981795
train-u0015578,0,0,0.35605973,0.31669328,0.3272469
train-u0015579,1,0,0.36453038,0.30210763,0.33336198
train-u0015580,2,0,0.3646807,0.31112808,0.32419124
train-u0015581,0,0,0.35950035,0.31931576,0.32118386
train-u0015582,0,0,0.39641637,0.28212255,0.32146105
train-u0015583,1,1,0.32561538,0.39452514,0.2798595
train-u0015584,1,0,0.35967308,0.31843254,0.32189438
train-u0015585,0,0,0.3551132,0.31347188,0.33141485
train-u0015586,0,1,0.33399248,0.34372386,0.32228363
train-u0015587,1,1,0.32752427,0.35987905,0.31259665
train-u0015632,1,0,0.37220618,0.27562457,0.35216928
train-u0015633,2,2,0.33102664,0.33135906,0.33761424
train-u0015634,1,0,0.37698177,0.2657979,0.35722035
train-u0015635,1,0,0.37958097,0.28185174,0.3385673
train-u0015636,2,1,0.33128133,0.36721385,0.3015048
train-u0015682,1,0,0.3742503,0.28224233,0.34350738
train-u0015683,1,0,0.3374016,0.33644244,0.32615602
train-u0015684,2,0,0.34987524,0.32711896,0.3230058
train-u0015685,0,1,0.2933208,0.35979545,0.3468837
train-u0015686,2,2,0.33035448,0.33014166,0.33950382
train-u0015687,2,2,0.33191648,0.33120805,0.33687556
train-u0015688,2,2,0.3328764,0.33224225,0.33488128
train-u0015689,2,1,0.32474822,0.34340686,0.33184496
train-u0015690,0,2,0.3332947,0.32933223,0.33737305
train-u0015691,2,1,0.32916552,0.34592235,0.32491213
train-u0015692,1,0,0.34871644,0.32061052,0.33067304
train-u0015693,0,1,0.32431385,0.34182587,0.33386028
train-u0015694,0,1,0.29766458,0.3667291,0.33560628
train-u0015695,1,1,0.30957192,0.35017675,0.3402513
train-u0015696,2,1,0.30144495,0.36014876,0.33840623
train-u0015697,2,1,0.31146705,0.34953842,0.3389945
train-u0015698,1,0,0.3405285,0.33409885,0.32537267
train-u0015708,0,2,0.32852033,0.31014547,0.36133417
train-u0015709,1,0,0.38872737,0.25812984,0.35314286
train-u0015710,1,2,0.33574554,0.32655814,0.33769637
train-u0015711,0,2,0.30230978,0.3391231,0.35856715
train-u0015712,1,2,0.3082549,0.33613196,0.35561314
train-u0015713,1,2,0.30345488,0.3381207,0.35842443
train-u0015714,0,1,0.32315624,0.35450932,0.32233444
train-u0015715,1,2,0.30596855,0.3422904,0.35174105
train-u0015716,1,1,0.31652597,0.3644595,0.31901452
train-u0015717,1,2,0.30322325,0.3199399,0.37683684
train-u0015718,1,2,0.3237535,0.32929388,0.3469526
train-u0015719,1,1,0.29713368,0.37845048,0.3244158
train-u0015720,1,1,0.28725478,0.3881123,0.32463297
train-u0015721,2,1,0.28279394,0.38253075,0.3346753
train-u0015745,2,2,0.28446507,0.34774378,0.3677912
train-u0015746,2,1,0.29762286,0.35901868,0.34335843
train-u0015747,2,2,0.2848231,0.35205,0.36312687
train-u0015748,2,1,0.29933634,0.35855696,0.34210664
train-u0015749,0,2,0.30669647,0.34629235,0.34701124
train-u0015750,2,1,0.29600874,0.35827085,0.34572038
train-u0015751,0,2,0.27946308,0.34813944,0.37239748
train-u0015752,2,1,0.28639776,0.36613184,0.34747037
train-u0015753,2,1,0.29178506,0.35928163,0.34893334
train-u0015754,1,1,0.2914846,0.36562756,0.3428878
train-u0015755,2,1,0.29075202,0.3651857,0.3440622
train-u0015756,2,1,0.28838876,0.36216992,0.34944132
train-u0015757,1,2,0.2932463,0.34442905,0.36232466
train-u0015758,2,2,0.28365386,0.35456258,0.3617836
train-u0015786,0,0,0.3434981,0.319151,0.33735088
train-u0015787,0,1,0.31556398,0.359582,0.324854
train-u0015788,1,2,0.2948299,0.3423158,0.36285427
train-u0015789,1,2,0.29162338,0.3486164,0.35976028
train-u0015790,1,2,0.31662562,0.33974138,0.343633
train-u0015791,1,1,0.29171133,0.3683129,0.33997583
train-u0015792,1,2,0.31781673,0.33659086,0.34559238
train-u0015793,1,1,0.31952137,0.34915876,0.33131984
train-u0015794,1,1,0.31812286,0.3503571,0.33152008
train-u0015795,0,1,0.2857468,0.38406086,0.3301924
train-u0015796,0,2,0.2985718,0.3417622,0.359666
train-u0015797,2,2,0.30607066,0.33845332,0.35547593
train-u0015811,1,0,0.35019252,0.31356138,0.3362461
train-u0015812,1,2,0.31878203,0.34013626,0.34108165
train-u0015813,1,1,0.30222473,0.36190444,0.33587077
train-u0015814,0,1,0.33299264,0.35080892,0.31619844
train-u0015815,0,1,0.29574788,0.39425537,0.30999666
train-u0015816,2,1,0.28501514,0.39580262,0.31918225
train-u0015817,0,1,0.28263548,0.3815145,0.33584994
train-u0015818,0,1,0.3289349,0.3393274,0.33173773
train-u0015819,0,1,0.33446258,0.33545,0.33008742
train-u0015820,1,1,0.28682193,0.3685741,0.34460402
train-u0015821,1,1,0.28528887,0.37126774,0.34344345
train-u0015822,0,1,0.28010207,0.3860232,0.33387482
train-u0015856,2,0,0.35321197,0.30949995,0.3372881
train-u0015857,2,0,0.36560306,0.3004242,0.33397278
train-u0015858,2,0,0.35676584,0.30291575,0.34031838
train-u0015859,1,0,0.36490557,0.2959258,0.33916867
train-u0015860,2,0,0.3543723,0.30090192,0.34472582
train-u0015861,2,0,0.3429928,0.3172069,0.33980036
train-u0015862,2,2,0.31755835,0.3355625,0.3468791
train-u0015863,2,2,0.33872864,0.31625962,0.34501174
train-u0015869,1,0,0.34102002,0.32117578,0.33780417
train-u0015870,1,0,0.34644988,0.32132402,0.33222613
train-u0015871,1,0,0.35754156,0.3096982,0.33276027
train-u0015872,2,0,0.3789565,0.3149546,0.30608886
train-u0015873,0,0,0.36036122,0.30769122,0.3319476
train-u0015874,1,0,0.3896011,0.28157237,0.32882655
train-u0015875,2,0,0.38112795,0.2910561,0.32781598
train-u0015876,2,0,0.36343902,0.30326718,0.3332938
train-u0015877,1,0,0.39708832,0.2786939,0.32421783
train-u0015878,1,0,0.38772678,0.29066062,0.32161257
train-u0015886,2,2,0.34489202,0.30488312,0.35022485
train-u0015887,0,0,0.36378258,0.28814152,0.34807593
train-u0015888,2,0,0.35134318,0.30191275,0.34674406
train-u0015889,2,0,0.3584801,0.3168609,0.324659
train-u0015890,2,1,0.3128325,0.34435588,0.34281155
train-u0015891,1,2,0.3135265,0.33730915,0.3491644
train-u0015892,2,2,0.32142946,0.32803142,0.35053915
train-u0015893,2,1,0.30561516,0.3487113,0.34567353
train-u0015894,1,2,0.31977847,0.33475748,0.34546402
train-u0015895,1,2,0.3311344,0.3240355,0.34483013
train-u0015896,0,2,0.3151007,0.34230608,0.34259325
train-u0015897,0,1,0.3117956,0.35260198,0.33560243
train-u0015905,1,2,0.32213923,0.3337916,0.3440692
train-u0015906,1,2,0.31978095,0.32708442,0.3531346
train-u0015907,1,2,0.31600782,0.3330131,0.35097915
train-u0015908,2,2,0.32427013,0.32508144,0.35064846
train-u0015909,2,1,0.3179956,0.34798595,0.33401838
train-u0015910,2,1,0.33557898,0.33617452,0.32824644
train-u0015911,0,2,0.32055607,0.3302768,0.3491671
train-u0015912,0,2,0.32004732,0.33627254,0.34368014
train-u0015913,0,1,0.32158116,0.34377372,0.33464518
train-u0015914,0,1,0.30998594,0.34968242,0.3403316
train-u0015915,2,2,0.3215621,0.3244718,0.3539661
train-u0015916,2,1,0.31674895,0.34235466,0.34089634
train-u0015917,2,1,0.3132408,0.34340158,0.34335768
train-u0015918,0,2,0.30770743,0.3401522,0.35214034
train-u0015919,0,2,0.30564424,0.33957398,0.35478178
train-u0015920,1,2,0.32152617,0.33221903,0.34625483
train-u0015926,1,0,0.41805172,0.29662192,0.2853264
train-u0015927,0,0,0.402427,0.30687407,0.29069898
train-u0015928,1,0,0.413504,0.29857722,0.2879187
train-u0015929,2,0,0.37613562,0.31886056,0.30500382
train-u0015930,2,0,0.3784091,0.32238168,0.29920924
train-u0015931,2,0,0.38345084,0.3223043,0.29424492
train-u0015932,0,0,0.36346394,0.33780795,0.29872808
train-u0015933,0,0,0.36670035,0.35163516,0.28166446
train-u0015934,0,0,0.39899448,0.30844226,0.29256323
train-u0015993,0,1,0.33641493,0.3679856,0.29559946
train-u0015994,0,0,0.36290365,0.33364603,0.30345032
train-u0015995,0,1,0.3334684,0.3655172,0.3010144
train-u0015996,0,1,0.33211577,0.37355834,0.29432595
train-u0015997,0,1,0.33459818,0.3837844,0.28161737
train-u0016042,2,0,0.34566462,0.31903067,0.33530468
train-u0016043,2,0,0.39638332,0.29955965,0.30405697
train-u0016044,0,0,0.37791088,0.30810818,0.3139809
train-u0016045,2,1,0.33612677,0.3687839,0.29508924
train-u0016046,2,1,0.33241463,0.37535527,0.29223013
train-u0016047,2,1,0.3343176,0.3760495,0.28963292
train-u0016048,0,1,0.33576077,0.36765817,0.29658112
train-u0016049,0,1,0.34251896,0.36141157,0.29606953
train-u0016059,2,0,0.38690895,0.28740522,0.32568577
train-u0016060,0,1,0.33184782,0.33748212,0.3306701
train-u0016061,0,1,0.31156084,0.36775982,0.32067937
train-u0016062,0,0,0.34565324,0.33136448,0.3229823
train-u0016063,0,1,0.31043032,0.38131946,0.30825025
train-u0016064,2,1,0.32541886,0.35427085,0.32031032
train-u0016065,2,0,0.3511695,0.3041837,0.34464675
train-u0016066,2,0,0.36073485,0.31247917,0.32678598
train-u0016129,2,1,0.34092915,0.34974322,0.30932763
train-u0016130,0,0,0.36311483,0.31626078,0.32062435
train-u0016131,0,1,0.35341102,0.36748132,0.27910763
train-u0016132,2,1,0.29951856,0.38023958,0.32024196
train-u0016133,1,1,0.3083404,0.38301936,0.30864033
train-u0016134,2,1,0.30834493,0.38392675,0.30772835
train-u0016135,0,1,0.329877,0.35678503,0.31333807
train-u0016155,0,1,0.33576193,0.37147847,0.29275966
train-u0016156,1,1,0.32981306,0.38189834,0.2882886
train-u0016157,1,1,0.32830432,0.38998073,0.28171495
train-u0016158,2,1,0.328057,0.3952224,0.27672067
train-u0016159,2,1,0.32547432,0.39323667,0.28128898
train-u0016160,1,1,0.32528037,0.39589095,0.2788287
train-u0016161,1,1,0.33025405,0.37562758,0.29411843
train-u0016162,0,1,0.33208302,0.39532253,0.2725944
train-u0016163,1,1,0.33222812,0.39079735,0.27697456
train-u0016164,1,1,0.337331,0.3702655,0.29240355
train-u0016165,2,0,0.3544336,0.33720234,0.30836412
train-u0016166,2,0,0.3613158,0.30658692,0.33209732
train-u0016204,1,2,0.2889683,0.35215378,0.35887787
train-u0016205,1,2,0.28387323,0.34556293,0.3705638
train-u0016206,2,1,0.29314193,0.35536164,0.35149643
train-u0016207,2,2,0.30109665,0.34921768,0.3496857
train-u0016208,1,2,0.30220324,0.34757382,0.35022292
train-u0016209,2,2,0.29048467,0.35345918,0.35605618
train-u0016210,2,2,0.2953073,0.3508942,0.35379845
train-u0016237,1,1,0.3030302,0.3691494,0.32782036
train-u0016238,1,1,0.30977076,0.37126115,0.31896806
train-u0016239,1,1,0.31356514,0.37845916,0.30797568
train-u0016240,1,1,0.30922928,0.35826114,0.33250958
train-u0016241,1,1,0.30823085,0.37449136,0.3172778
train-u0016242,0,1,0.3185812,0.37476653,0.3066523
train-u0016243,2,1,0.32003224,0.36204898,0.31791878
train-u0016244,2,1,0.32552725,0.34291112,0.33156163
train-u0016245,2,1,0.31972733,0.34448615,0.33578646
train-u0016246,2,1,0.30726445,0.3758718,0.31686372
train-u0016247,1,1,0.3190482,0.36408654,0.31686527
train-u0016248,2,1,0.3097646,0.37138015,0.3188552
train-u0016249,2,2,0.27767277,0.35581887,0.36650842
train-u0016250,2,2,0.2712071,0.3507902,0.3780027
train-u0016251,2,2,0.28642625,0.35649258,0.35708117
train-u0016252,2,2,0.29084072,0.34880885,0.3603504
train-u0016253,1,2,0.28077203,0.35433555,0.36489242
train-u0016254,2,1,0.29046616,0.35493398,0.3545999
train-u0016255,1,2,0.29783365,0.35083404,0.35133234
train-u0016351,1,1,0.26746035,0.37011686,0.36242288
train-u0016352,0,1,0.27069324,0.36630058,0.36300611
train-u0016353,1,1,0.27423516,0.36578134,0.35998356
train-u0016354,0,1,0.31055817,0.37140256,0.31803933
train-u0016355,1,1,0.27137667,0.3760497,0.35257363
train-u0016356,1,0,0.35980663,0.33855286,0.30164048
train-u0016357,1,1,0.31479457,0.39691725,0.28828815
train-u0016358,1,0,0.35034013,0.34103248,0.3086274
train-u0016359,1,0,0.35101262,0.3491954,0.299792
train-u0016360,2,0,0.40088966,0.30482265,0.2942877
train-u0016361,1,1,0.3505352,0.3552756,0.29418927
train-u0016362,1,1,0.34830275,0.3761763,0.27552098
train-u0016363,2,1,0.34056178,0.38341933,0.27601892
train-u0016364,1,1,0.32483646,0.39597955,0.27918395
train-u0016365,1,1,0.33543876,0.39903322,0.26552805
train-u0016366,1,1,0.34925815,0.36165664,0.2890852
train-u0016367,1,1,0.3432129,0.3714882,0.28529888
train-u0016399,0,1,0.3512199,0.35746256,0.2913176
train-u0016400,1,1,0.31730902,0.41105533,0.27163565
train-u0016401,1,1,0.35382035,0.38408577,0.26209378
train-u0016402,2,1,0.32799843,0.37289467,0.2991069
train-u0016403,1,1,0.33094233,0.38823307,0.28082454
train-u0016404,1,1,0.315897,0.407755,0.27634797
train-u0016405,0,1,0.3311161,0.39223546,0.27664837
train-u0016406,0,1,0.33419278,0.38889727,0.27690998
train-u0016407,1,0,0.38435334,0.29079488,0.32485172
train-u0016408,1,0,0.37493178,0.30822298,0.31684524
train-u0016409,0,0,0.3436992,0.33381885,0.32248202
train-u0016410,1,1,0.3411444,0.34752527,0.31133032
train-u0016411,1,0,0.36171216,0.31813538,0.32015246
train-u0016544,1,1,0.30872867,0.38548875,0.30578268
train-u0016545,0,1,0.31026295,0.37802458,0.31171244
train-u0016546,0,1,0.31146598,0.3786514,0.30988258
train-u0016547,1,1,0.3244825,0.34751442,0.32800314
train-u0016548,1,1,0.33106717,0.3586838,0.31024903
train-u0016549,1,1,0.3238873,0.3673338,0.30877897
train-u0016550,0,1,0.32596618,0.38161385,0.29242
train-u0016627,1,1,0.3144136,0.36958385,0.31600258
train-u0016628,1,0,0.36996263,0.31888482,0.31115258
train-u0016629,2,0,0.3385359,0.328192,0.3332721
train-u0016630,1,1,0.3243511,0.35294437,0.3227046
train-u0016631,1,1,0.32029623,0.36995757,0.3097462
train-u0016632,1,0,0.3513003,0.32647792,0.32222176
train-u0016687,1,0,0.34240472,0.3416841,0.31591117
train-u0016688,2,1,0.33956254,0.35503188,0.30540556
train-u0016689,1,0,0.34843212,0.34084833,0.31071955
train-u0016690,0,1,0.3390512,0.34831536,0.3126334
train-u0016691,1,1,0.34045586,0.34746066,0.31208345
train-u0016692,2,0,0.3620026,0.34430054,0.2936969
train-u0016693,1,1,0.30555663,0.36324272,0.33120066
train-u0016694,2,0,0.41252148,0.29309863,0.29437992
train-u0016695,1,1,0.32238862,0.35002536,0.327586
train-u0016696,1,1,0.34101906,0.34284803,0.31613287
train-u0016697,1,0,0.370949,0.32632658,0.30272448
train-u0016698,2,1,0.34188193,0.36063504,0.297483
train-u0016699,0,0,0.36290985,0.32537603,0.31171414
train-u0016705,1,0,0.35188895,0.34874982,0.2993613
train-u0016706,1,1,0.34064502,0.34816253,0.3111924
train-u0016707,1,0,0.36048403,0.33540723,0.30410868
train-u0016708,2,1,0.3278724,0.35892868,0.31319895
train-u0016709,2,1,0.32797334,0.36412597,0.3079007
train-u0016837,2,2,0.33371574,0.32614473,0.34013957
train-u0016838,2,1,0.31408423,0.35032094,0.33559483
train-u0016839,1,2,0.3348782,0.32221872,0.34290308
train-u0016840,2,2,0.31467947,0.34148082,0.34383968
train-u0016841,2,1,0.30772272,0.35030177,0.34197548
train-u0016858,0,1,0.2968298,0.3684944,0.33467585
train-u0016859,1,1,0.29555616,0.36825347,0.3361904
train-u0016860,2,1,0.29228878,0.3666066,0.34110457
train-u0016861,1,2,0.31796876,0.3374184,0.34461287
train-u0016862,1,1,0.32359317,0.3398662,0.3365406
train-u0016863,0,1,0.32765636,0.34441575,0.3279279
train-u0016879,1,2,0.33099625,0.33376935,0.33523437
train-u0016880,1,0,0.36183453,0.30276695,0.33539852
train-u0016881,1,0,0.3509239,0.30123603,0.34784013
train-u0016882,1,2,0.33781403,0.31430882,0.34787714
train-u0016883,2,1,0.3217163,0.3407675,0.33751628
train-u0016884,1,0,0.36829707,0.2930842,0.3386187
train-u0016885,2,0,0.3738636,0.28435847,0.34177798
train-u0016886,2,0,0.34129557,0.31912583,0.33957863
train-u0016903,2,1,0.31304693,0.34479,0.34216303
train-u0016904,1,1,0.31116986,0.37079552,0.31803468
train-u0016905,2,1,0.31603867,0.37166154,0.31229973
train-u0016906,1,2,0.31666973,0.33851704,0.34481326
train-u0016907,2,2,0.31101677,0.3396362,0.34934705
train-u0016919,1,0,0.36057985,0.32895193,0.31046823
train-u0016920,1,1,0.28930888,0.36716846,0.34352264
train-u0016921,1,0,0.3735226,0.3147795,0.31169787
train-u0016922,0,0,0.36706507,0.32245213,0.3104828
train-u0016923,1,1,0.2990501,0.36011684,0.34083304
train-u0016924,1,1,0.3047507,0.37229162,0.3229577
train-u0016925,0,1,0.30616188,0.3624906,0.33134753
train-u0016926,2,1,0.3072673,0.3827489,0.30998376
train-u0016927,0,1,0.3045859,0.38001338,0.31540078
train-u0016928,1,1,0.31434017,0.37705585,0.30860394
train-u0016929,1,1,0.30765545,0.35391015,0.33843434
train-u0016930,0,1,0.32381818,0.36063486,0.31554696
train-u0016931,2,1,0.32132727,0.35117933,0.32749337
train-u0016932,1,1,0.3148121,0.37834552,0.30684242
train-u0016933,1,1,0.30922192,0.3634665,0.32731158
train-u0016934,1,1,0.3110228,0.36198008,0.3269972
train-u0017009,2,1,0.31019774,0.3469689,0.34283337
train-u0017010,0,1,0.3008958,0.37227958,0.32682458
train-u0017011,1,1,0.31195343,0.34585878,0.34218788
train-u0017012,2,1,0.29418787,0.3669277,0.33888444
train-u0017013,1,1,0.2976489,0.3666779,0.33567315
train-u0017014,1,1,0.29863212,0.37657586,0.32479212
train-u0017015,1,2,0.3138481,0.32978186,0.35637006
train-u0017176,2,1,0.31897983,0.37929994,0.30172023
train-u0017177,0,1,0.3215097,0.38133556,0.2971548
train-u0017178,1,1,0.30690262,0.3468216,0.3462758
train-u0017179,0,2,0.3199243,0.33191326,0.3481624
train-u0017180,0,0,0.34819695,0.31338653,0.3384165
train-u0017181,0,1,0.33615166,0.34459254,0.31925577
train-u0017182,0,1,0.33197296,0.34787142,0.32015556
train-u0017183,2,1,0.3149519,0.36239338,0.32265472
train-u0017184,1,1,0.30804512,0.3499006,0.3420543
train-u0017185,1,1,0.31191108,0.3693931,0.31869584
train-u0017186,2,1,0.30671135,0.35760447,0.33568415
train-u0017187,2,1,0.30667326,0.35256273,0.34076405
train-u0017188,0,1,0.33200827,0.34961033,0.31838137
train-u0017189,2,1,0.33220822,0.35059506,0.31719676
train-u0017190,1,1,0.31187522,0.36460942,0.32351544
train-u0017191,1,1,0.31150448,0.3639749,0.32452062
train-u0017192,1,1,0.31272587,0.37056032,0.31671387
train-u0017193,2,1,0.31025043,0.37814382,0.3116057
train-u0017194,1,1,0.31696218,0.37090844,0.31212938
train-u0017195,1,1,0.31077155,0.36810434,0.32112414
train-u0017196,0,1,0.30562037,0.3619881,0.33239153
train-u0017197,1,0,0.345642,0.30988312,0.3444749
train-u0017198,1,2,0.34386748,0.31145385,0.3446787
train-u0017381,0,2,0.3218442,0.31797975,0.36017603
train-u0017382,1,0,0.35237733,0.32369587,0.32392678
train-u0017383,1,1,0.3315169,0.33698735,0.33149573
train-u0017384,2,1,0.29715574,0.37221724,0.33062696
train-u0017385,1,1,0.289341,0.37610292,0.33455604
train-u0017386,2,1,0.3009593,0.3515567,0.34748402
train-u0017387,2,1,0.31707427,0.34615988,0.33676586
train-u0017388,0,2,0.31350288,0.34147358,0.34502348
train-u0017389,0,1,0.30852628,0.34905338,0.34242034
train-u0017390,0,1,0.28104356,0.3875931,0.33136335
train-u0017391,1,2,0.2974984,0.3482103,0.35429126
train-u0017392,0,1,0.30517408,0.3479163,0.34690964
train-u0017393,0,1,0.2975224,0.3528749,0.34960267
train-u0017394,2,1,0.28521332,0.376366,0.33842066
train-u0017395,1,1,0.27943465,0.37190232,0.34866306
train-u0017396,1,1,0.28231946,0.37059987,0.34708065
train-u0017397,1,1,0.28681716,0.36306417,0.35011864
train-u0017398,1,1,0.28362304,0.36831987,0.34805706
train-u0017399,0,1,0.27902696,0.37555015,0.34542286
train-u0017400,1,1,0.27902696,0.37555015,0.34542286
train-u0017443,1,1,0.3084112,0.34838393,0.34320483
train-u0017444,2,1,0.33431473,0.3440982,0.321587
train-u0017445,0,2,0.33464622,0.31548297,0.34987083
train-u0017446,2,2,0.34393394,0.2971253,0.3589408
train-u0017447,2,2,0.32639855,0.3130185,0.36058298
train-u0017448,2,2,0.3404535,0.3003491,0.35919744
train-u0017449,2,2,0.32775077,0.3113042,0.36094502
train-u0017457,1,2,0.28523102,0.3497008,0.36506814
train-u0017458,1,2,0.29454055,0.34503037,0.3604291
train-u0017459,0,0,0.3568542,0.307928,0.33521783
train-u0017460,2,2,0.34196165,0.30806917,0.34996915
train-u0017461,1,1,0.29627293,0.3558236,0.34790343
train-u0017462,0,2,0.2731524,0.35682774,0.37001988
train-u0017463,1,2,0.26433417,0.35934383,0.37632197
train-u0017464,2,1,0.31569973,0.3525286,0.33177164
train-u0017465,2,1,0.30699325,0.35616466,0.33684206
train-u0017466,1,1,0.27767596,0.36777067,0.3545534
train-u0017475,2,1,0.30661452,0.346974,0.34641153
train-u0017476,2,1,0.28674307,0.3652512,0.3480057
train-u0017477,0,1,0.30824986,0.34860173,0.3431484
train-u0017478,0,1,0.27919742,0.38665673,0.33414587
train-u0017479,1,1,0.2899379,0.3644739,0.34558824
train-u0017480,1,2,0.288482,0.35247496,0.35904306
train-u0017481,1,1,0.29881066,0.3654021,0.33578724
train-u0017482,1,1,0.29485178,0.37601128,0.32913688
train-u0017483,0,2,0.33277693,0.32727274,0.33995035
train-u0017484,0,1,0.28832018,0.380961,0.33071887
train-u0017485,0,1,0.2821732,0.3683893,0.3494375
train-u0017486,1,2,0.32125956,0.33056852,0.34817192
train-u0017487,0,1,0.2789891,0.37490684,0.346104
train-u0017553,1,2,0.29840827,0.34616542,0.35542637
train-u0017554,2,1,0.29014418,0.3767442,0.33311155
train-u0017555,2,2,0.33276755,0.32263348,0.344599
train-u0017556,2,2,0.3331898,0.3314616,0.33534864
train-u0017557,2,1,0.30412194,0.35611838,0.33975962
train-u0017558,2,1,0.28405195,0.37374246,0.34220555
train-u0017559,1,2,0.29639274,0.33969402,0.36391318
train-u0017575,2,1,0.31551793,0.34332827,0.34115386
train-u0017576,0,1,0.29444113,0.37171176,0.3338471
train-u0017577,2,2,0.31442004,0.33816248,0.3474175
train-u0017578,0,1,0.31026003,0.34710014,0.34263977
train-u0017579,1,1,0.30528614,0.35232386,0.34238997
train-u0017580,2,1,0.3115913,0.36032245,0.32808623
train-u0017581,1,1,0.3039988,0.36864355,0.32735765
train-u0017582,2,1,0.30096242,0.35368675,0.34535086
train-u0017583,2,1,0.3081709,0.35232744,0.33950165
train-u0017584,2,2,0.31992573,0.3327467,0.3473276
train-u0017585,1,2,0.31322092,0.33726445,0.3495146
train-u0017586,1,1,0.3141829,0.34682828,0.3389888
train-u0017605,2,1,0.31598043,0.35498855,0.32903102
train-u0017606,2,1,0.3189851,0.35385463,0.32716027
train-u0017607,2,1,0.28635225,0.3654911,0.34815675
train-u0017608,1,1,0.32907838,0.34394887,0.32697275
train-u0017609,1,2,0.3202579,0.33333686,0.3464053
train-u0017610,2,1,0.27136987,0.38637927,0.34225088
train-u0017611,2,1,0.27717984,0.38181803,0.3410021
train-u0017612,2,1,0.29966694,0.35252154,0.34781152
train-u0017613,0,1,0.29297435,0.35485166,0.35217398
train-u0017628,2,2,0.34036323,0.31783694,0.34179986
train-u0017629,1,1,0.29495776,0.37128356,0.33375865
train-u0017630,1,1,0.28223103,0.3650313,0.35273764
train-u0017631,0,1,0.2854022,0.38546896,0.3291288
train-u0017632,2,1,0.2846682,0.37827516,0.33705658
train-u0017633,0,1,0.2845171,0.3580989,0.35738394
train-u0017634,2,2,0.27885792,0.35694876,0.36419332
train-u0017635,2,2,0.27965567,0.3527815,0.3675628
train-u0017636,2,1,0.29201016,0.37152594,0.33646384
train-u0017637,0,1,0.313223,0.35052547,0.33625153
train-u0017638,2,1,0.30126977,0.3693434,0.3293868
train-u0017639,1,1,0.29060054,0.38975808,0.31964138
train-u0017640,1,1,0.28127423,0.39081198,0.32791382
train-u0017641,0,1,0.30701756,0.38269514,0.3102873
train-u0017642,0,1,0.30236074,0.37707767,0.32056156
train-u0017643,1,1,0.30236074,0.37707767,0.32056156
train-u0017644,1,1,0.28361666,0.3903455,0.32603782
train-u0017707,2,2,0.286147,0.34840298,0.36545
train-u0017708,2,2,0.27064466,0.3564317,0.37292364
train-u0017709,0,2,0.27973276,0.35480866,0.3654586
train-u0017710,2,1,0.30336294,0.35540265,0.34123436
train-u0017711,2,1,0.3072915,0.3625944,0.33011407
train-u0017712,2,1,0.31451678,0.35937154,0.32611167
train-u0017713,2,1,0.3150613,0.35088313,0.33405554
train-u0017714,0,1,0.3072951,0.35395798,0.3387469
train-u0017715,1,2,0.31648353,0.31314886,0.3703676
train-u0017726,2,1,0.30547088,0.3544045,0.34012455
train-u0017727,2,2,0.29949114,0.34962508,0.35088384
train-u0017728,2,2,0.28761324,0.35550943,0.35687727
train-u0017729,0,2,0.28331208,0.35397583,0.3627121
train-u0017730,2,1,0.28709173,0.35865274,0.3542555
train-u0017731,2,1,0.28550115,0.38178992,0.3327089
train-u0017732,2,1,0.28680247,0.3798913,0.33330616
train-u0017733,2,1,0.28640157,0.37437868,0.33921975
train-u0017734,1,1,0.29554337,0.36771178,0.33674487
train-u0017735,1,1,0.27767602,0.36282033,0.35950366
train-u0017736,2,1,0.29218268,0.37648392,0.33133346
train-u0017737,2,1,0.29376447,0.3720794,0.33415613
train-u0017738,2,1,0.27931985,0.36488438,0.35579574
train-u0017739,2,1,0.30202848,0.37575194,0.32221958
train-u0017740,2,1,0.29967654,0.3522311,0.34809238
train-u0017886,2,1,0.32399872,0.3768339,0.2991674
train-u0017887,0,1,0.31973872,0.3730747,0.30718654
train-u0017888,1,1,0.33357272,0.3613241,0.30510315
train-u0017889,1,1,0.3383242,0.35688373,0.30479202
train-u0017890,2,1,0.33762425,0.36068687,0.30168882
train-u0017891,2,1,0.32280877,0.37395158,0.30323964
train-u0017892,2,1,0.32356253,0.36785486,0.3085826
train-u0017898,2,2,0.33475393,0.32176694,0.34347907
train-u0017899,2,2,0.33539745,0.31907916,0.3455233
train-u0017900,1,1,0.32647404,0.35956606,0.3139599
train-u0017901,0,1,0.3194208,0.36558002,0.3149991
train-u0017902,1,1,0.31447834,0.3693843,0.31613737
train-u0017903,2,1,0.30899554,0.37279734,0.31820714
train-u0017904,1,2,0.3281587,0.33328447,0.33855683
train-u0017905,0,2,0.3375301,0.31636953,0.34610033
train-u0017906,2,2,0.33296484,0.32117248,0.34586272
train-u0017907,1,2,0.3344579,0.31915632,0.3463858
train-u0017908,2,1,0.31509227,0.37183166,0.31307602
train-u0017909,1,1,0.31948915,0.36520085,0.31531
train-u0017910,1,1,0.32962397,0.3551007,0.31527534
train-u0017923,0,1,0.31104606,0.3594858,0.3294681
train-u0017924,1,1,0.31273213,0.3593771,0.32789078
train-u0017925,1,1,0.31829175,0.35356587,0.3281423
train-u0017926,0,0,0.34153417,0.32524937,0.33321646
train-u0017927,2,1,0.31268433,0.363486,0.3238297
train-u0017928,0,2,0.33309022,0.32625765,0.34065208
train-u0018021,0,2,0.29872468,0.34830484,0.3529705
train-u0018022,2,1,0.29092285,0.35875,0.35032713
train-u0018023,1,1,0.285126,0.36274222,0.35213178
train-u0018024,1,1,0.28634724,0.36285043,0.3508023
train-u0018025,0,2,0.29504162,0.3472413,0.3577171
train-u0018026,0,1,0.27318755,0.38490015,0.3419123
train-u0018027,1,2,0.32885194,0.31884483,0.35230324
train-u0018028,2,1,0.27754834,0.36669236,0.3557593
train-u0018029,2,2,0.26966026,0.36191148,0.36842826
train-u0018030,2,1,0.27518705,0.3709272,0.35388577
train-u0018031,1,1,0.27150673,0.36544013,0.36305314
train-u0018032,2,1,0.27298334,0.3689138,0.3581028
train-u0018033,0,2,0.3041158,0.34426612,0.35161808
train-u0018034,0,2,0.31120473,0.33059397,0.35820132
train-u0018035,0,1,0.2973991,0.3585367,0.34406418
train-u0018036,2,1,0.28239635,0.37230685,0.3452968
train-u0018037,2,1,0.2766504,0.37638694,0.34696266
train-u0018038,2,1,0.2860683,0.36489433,0.34903738
train-u0018039,2,1,0.27561113,0.37212393,0.352265
train-u0018040,1,1,0.27933994,0.37912726,0.34153274
train-u0018041,1,1,0.28997776,0.36175713,0.3482651
train-u0018042,2,1,0.27704734,0.37890226,0.34405035
train-u0018043,2,2,0.28541774,0.35617253,0.35840973
train-u0018044,2,1,0.2803026,0.3629467,0.35675073
train-u0018045,2,2,0.2800692,0.35935593,0.36057487
train-u0018046,0,2,0.33677918,0.31103894,0.35218194
train-u0018047,1,1,0.30286637,0.35545304,0.34168062
train-u0018096,1,1,0.2995652,0.36357862,0.33685622
train-u0018097,1,2,0.3308985,0.32992148,0.33917996
train-u0018098,1,1,0.29705092,0.369474,0.3334751
train-u0018099,2,1,0.3159251,0.34562904,0.3384459
train-u0018100,2,2,0.31477243,0.34123293,0.34399465
train-u0018101,2,2,0.33766255,0.31548786,0.34684962
train-u0018102,1,1,0.27186164,0.38219184,0.3459465
train-u0018103,1,1,0.30942032,0.34811524,0.34246448
train-u0018104,0,2,0.33248,0.326659,0.34086096
train-u0018105,1,1,0.29748496,0.36823842,0.33427668
train-u0018275,1,2,0.32501972,0.33080643,0.34417382
train-u0018276,2,2,0.32501972,0.33080643,0.34417382
train-u0018277,1,1,0.32799882,0.35038143,0.3216197
train-u0018278,1,1,0.3252744,0.34247255,0.33225304
train-u0018279,1,0,0.3555937,0.31275865,0.33164763
train-u0018280,1,0,0.34291473,0.32068187,0.33640334
train-u0018281,1,1,0.3276575,0.3544836,0.31785882
train-u0018282,1,1,0.31187004,0.368288,0.31984195
train-u0018283,1,0,0.33966234,0.33117735,0.3291603
train-u0018284,2,1,0.32339317,0.34837717,0.32822964
train-u0018285,1,1,0.3269744,0.34061882,0.3324068
train-u0018286,1,1,0.323343,0.3508263,0.32583076
train-u0018287,1,0,0.34678173,0.32238197,0.33083627
train-u0018288,1,0,0.35386777,0.32053778,0.3255945
train-u0018289,1,0,0.36662424,0.3029927,0.33038306
train-u0018290,1,0,0.35442212,0.31159607,0.3339818
train-u0018291,0,0,0.37022758,0.2988299,0.3309425
train-u0018337,0,1,0.337938,0.3813216,0.28074038
train-u0018338,1,0,0.40232614,0.30598426,0.29168957
train-u0018339,1,0,0.3967315,0.31212977,0.2911387
train-u0018340,0,0,0.39334458,0.3206371,0.28601828
train-u0018341,1,1,0.34423634,0.3578553,0.2979084
train-u0018342,1,1,0.3444882,0.38203758,0.2734742
train-u0018343,0,1,0.34879944,0.37850624,0.27269432
train-u0018344,1,1,0.3459104,0.3782939,0.27579567
train-u0018345,0,1,0.35073316,0.3757271,0.2735397
train-u0018346,0,1,0.34338814,0.37830034,0.27831155
train-u0018347,2,1,0.34947574,0.37599805,0.27452627
train-u0018348,0,1,0.3505971,0.3761211,0.27328172
train-u0018349,0,1,0.3460927,0.38375953,0.2701478
train-u0018499,1,1,0.3360707,0.3593972,0.30453217
train-u0018500,0,1,0.32358533,0.37001133,0.30640334
train-u0018501,0,1,0.3366481,0.34953374,0.31381825
train-u0018502,2,1,0.34043807,0.34281746,0.3167445
train-u0018503,0,0,0.35012627,0.34563178,0.3042419
train-u0018715,0,1,0.31917295,0.34707007,0.333757
train-u0018716,1,2,0.33475238,0.31953427,0.34571335
train-u0018717,2,1,0.3228396,0.34606856,0.3310918
train-u0018718,1,1,0.31788966,0.35248736,0.32962304
train-u0018719,0,1,0.31083903,0.34522712,0.34393388
train-u0018720,0,2,0.322054,0.3182109,0.35973516
train-u0018721,1,2,0.31143865,0.33825904,0.3503023
train-u0018722,2,2,0.3091221,0.32847202,0.36240584
train-u0018723,0,1,0.32510638,0.34113023,0.3337634
train-u0018724,2,2,0.3285958,0.3305095,0.34089473
train-u0018725,1,1,0.31767955,0.34957,0.33275044
train-u0018726,2,0,0.348336,0.31916788,0.33249617
train-u0018727,0,1,0.290309,0.3622011,0.34748986
train-u0018728,2,2,0.29609978,0.3492352,0.354665
train-u0018729,0,1,0.29707757,0.36268863,0.3402338
train-u0018730,1,1,0.29957592,0.35581177,0.3446123
train-u0018731,1,1,0.30400777,0.35308984,0.34290245
train-u0018732,1,1,0.29646766,0.3589037,0.3446287
train-u0018750,0,1,0.30554858,0.3777271,0.3167243
train-u0018751,0,2,0.30488992,0.34621355,0.34889653
train-u0018752,0,1,0.30717248,0.35062867,0.3421988
train-u0018753,1,1,0.29229882,0.3616964,0.34600475
train-u0018754,0,2,0.30496806,0.3345952,0.36043674
train-u0018755,1,1,0.3006524,0.37361684,0.32573077
train-u0018756,0,1,0.30408636,0.3807253,0.31518835
train-u0018757,1,1,0.30363786,0.3671935,0.32916865
train-u0018758,0,1,0.30246413,0.36639622,0.33113965
train-u0018759,0,1,0.30332035,0.36073217,0.33594745
train-u0018760,2,1,0.3011918,0.3616614,0.33714682
train-u0018761,2,1,0.30485857,0.36112565,0.33401573
train-u0018858,0,1,0.331773,0.35831618,0.3099108
train-u0018859,0,1,0.31294227,0.3680548,0.3190029
train-u0018860,1,1,0.34310976,0.34998843,0.30690178
train-u0018861,1,1,0.3300933,0.37714228,0.29276448
train-u0018862,1,1,0.3149158,0.38892224,0.29616192
train-u0018863,1,1,0.3302328,0.3636399,0.30612734
train-u0018883,0,0,0.3714353,0.29144162,0.3371231
train-u0018884,0,0,0.37506482,0.28813687,0.33679834
train-u0018885,1,0,0.37172446,0.28879952,0.33947596
train-u0018886,1,0,0.369788,0.28941378,0.34079826
train-u0018887,1,0,0.37061468,0.29435453,0.33503088
train-u0018888,1,2,0.33032447,0.33093783,0.3387377
train-u0018889,1,0,0.35573867,0.31014222,0.3341191
train-u0018890,0,0,0.35523644,0.29455912,0.35020447
train-u0018891,1,0,0.382048,0.30397853,0.3139735
train-u0018892,2,0,0.36269766,0.3145035,0.32279882
train-u0018913,2,2,0.3338515,0.3292733,0.33687517
train-u0018914,2,0,0.33567154,0.3318089,0.3325196
train-u0018915,1,1,0.3346417,0.34747362,0.31788474
train-u0018916,2,1,0.33583507,0.34686637,0.31729853
train-u0018917,1,1,0.32956398,0.35155752,0.31887853
train-u0018948,2,1,0.31987542,0.36526272,0.3148619
train-u0018949,1,1,0.32076612,0.34068146,0.33855245
train-u0018950,2,2,0.34507284,0.30595717,0.34896997
train-u0018951,1,2,0.3415859,0.31519914,0.34321505
train-u0018952,2,2,0.3314533,0.32358918,0.3449576
train-u0018953,1,2,0.3429653,0.3027473,0.35428742
train-u0018954,1,1,0.3178032,0.34216964,0.34002706
train-u0018955,1,2,0.32968858,0.3348826,0.33542883
train-u0018956,2,0,0.33972436,0.33778703,0.32248858
train-u0018957,1,1,0.31482652,0.34927025,0.33590326
train-u0018958,1,0,0.36283958,0.30419278,0.33296767
train-u0018959,1,0,0.358888,0.31011662,0.33099535
train-u0018960,0,0,0.3578967,0.3104796,0.33162367
train-u0018961,1,2,0.31377387,0.33528802,0.35093805
train-u0018962,1,2,0.3156742,0.33307084,0.35125494
train-u0018994,2,0,0.35593426,0.3255937,0.3184721
train-u0018995,1,2,0.35522398,0.28807962,0.35669643
train-u0018996,2,0,0.34453782,0.3338262,0.3216359
train-u0018997,0,0,0.35225415,0.30990523,0.33784056
train-u0018998,0,0,0.33786288,0.32903194,0.33310524
train-u0018999,1,0,0.34999695,0.3119631,0.33803993
train-u0019000,2,1,0.3010603,0.3632917,0.33564806
train-u0019001,1,2,0.31969294,0.3282726,0.35203445
train-u0019033,1,1,0.32454592,0.33958507,0.335869
train-u0019034,1,2,0.3283392,0.33396277,0.33769798
train-u0019035,0,1,0.30751592,0.35439262,0.33809146
train-u0019036,2,1,0.30186558,0.3783416,0.31979287
train-u0019037,2,1,0.28399706,0.3759731,0.3400299
train-u0019038,2,0,0.3514474,0.32270822,0.32584438
train-u0019039,1,1,0.28362373,0.3754689,0.34090737
train-u0019040,1,1,0.31019583,0.36060238,0.32920176
train-u0019041,1,1,0.3086962,0.36134693,0.32995692
train-u0019042,2,1,0.3255364,0.34984982,0.32461375
train-u0019043,0,2,0.31766608,0.33188644,0.35044748
train-u0019110,2,1,0.30273193,0.35383618,0.3434319
train-u0019111,2,2,0.30387393,0.3469432,0.34918287
train-u0019112,1,1,0.29931703,0.35172528,0.34895766
train-u0019113,1,1,0.30455723,0.35818988,0.33725286
train-u0019114,1,1,0.3052146,0.35543847,0.33934692
train-u0019115,0,1,0.29345173,0.36281183,0.34373644
train-u0019116,0,1,0.29595932,0.36840335,0.33563733
train-u0019117,2,1,0.303496,0.36235055,0.3341534
train-u0019118,2,1,0.29877624,0.36348516,0.33773857
train-u0019119,2,2,0.29097757,0.3304724,0.37855002
train-u0019120,0,0,0.33967564,0.33944103,0.3208833
train-u0019121,1,1,0.28118274,0.37390235,0.34491488
train-u0019122,2,1,0.29809007,0.3585978,0.34331205
train-u0019123,2,1,0.2754476,0.36422846,0.360324
train-u0019124,1,1,0.2809128,0.37578493,0.3433023
train-u0019125,1,1,0.32786423,0.34325078,0.32888496
train-u0019126,2,2,0.31945997,0.33831942,0.34222057
train-u0019127,1,1,0.27876145,0.37361398,0.34762454
train-u0019128,0,1,0.32713836,0.36206236,0.31079924
train-u0019129,1,1,0.29581264,0.3588804,0.34530696
train-u0019130,1,1,0.2966921,0.35815707,0.34515083
train-u0019131,1,2,0.30988234,0.33812067,0.351997
train-u0019132,1,2,0.31392866,0.34077895,0.34529233
train-u0019133,1,1,0.30632842,0.34949183,0.3441797
train-u0019134,1,1,0.31004977,0.34950566,0.34044456
train-u0019135,1,1,0.2933915,0.3630852,0.3435233
train-u0019159,2,0,0.34318066,0.32890746,0.32791182
train-u0019160,0,0,0.34325007,0.32668054,0.33006942
train-u0019161,0,0,0.35848358,0.30662942,0.33488706
train-u0019162,2,0,0.34454748,0.3302402,0.3252123
train-u0019163,0,0,0.34233183,0.33333325,0.3243349
train-u0019164,0,0,0.34380803,0.3272633,0.32892862
train-u0019165,0,0,0.3439365,0.33308953,0.32297397
train-u0019166,1,0,0.34248602,0.33012807,0.32738593
train-u0019208,1,1,0.33468732,0.36361474,0.3016979
train-u0019209,1,1,0.33468732,0.36361474,0.3016979
train-u0019210,1,1,0.34135306,0.35956764,0.29907927
train-u0019211,1,1,0.32593903,0.3563929,0.31766808
train-u0019212,0,1,0.343799,0.34604064,0.31016037
train-u0019213,0,1,0.3513342,0.35471186,0.29395393
train-u0019214,1,1,0.3349058,0.37557167,0.28952253
train-u0019215,1,1,0.33905396,0.36376908,0.297177
train-u0019216,1,1,0.33501697,0.35491353,0.31006947
train-u0019282,1,1,0.32510516,0.37435067,0.3005441
train-u0019283,1,1,0.31354082,0.3709662,0.31549296
train-u0019284,0,0,0.37262788,0.31213138,0.31524077
train-u0019285,2,0,0.36929592,0.31354052,0.3171636
train-u0019286,2,0,0.36268207,0.3292052,0.30811277
train-u0019287,0,0,0.38843715,0.30130708,0.3102558
train-u0019288,1,0,0.37888658,0.3065508,0.3145626
train-u0019289,2,0,0.35432774,0.34871197,0.29696026
train-u0019290,0,1,0.32488874,0.37706962,0.29804167
train-u0019291,1,1,0.3226197,0.3622704,0.3151098
train-u0019292,0,1,0.3482126,0.36349002,0.28829736
train-u0019293,2,1,0.34179115,0.3561804,0.30202848
train-u0019294,0,1,0.33548787,0.36518878,0.29932338
train-u0019295,0,1,0.32605082,0.36964577,0.30430347
train-u0019296,1,1,0.33984336,0.36692747,0.29322913
train-u0019297,1,0,0.3507558,0.32746708,0.3217771
train-u0019298,0,0,0.3459282,0.34119266,0.31287912
train-u0019299,0,0,0.34817883,0.3266003,0.32522082
train-u0019300,2,0,0.38153547,0.29296136,0.32550323
train-u0019301,1,0,0.37124625,0.297463,0.33129075
train-u0019302,2,0,0.37124625,0.297463,0.33129075
train-u0019519,1,1,0.30237994,0.38358212,0.31403798
train-u0019520,1,1,0.30532885,0.3776629,0.3170083
train-u0019521,1,1,0.28984636,0.38323456,0.32691908
train-u0019522,0,1,0.3236755,0.34212798,0.33419645
train-u0019523,0,1,0.30865586,0.3868531,0.30449095
train-u0019524,1,1,0.29687905,0.38507655,0.31804445
train-u0019525,1,1,0.3080927,0.37468198,0.31722534
train-u0019526,1,1,0.30595294,0.38341847,0.3106286
train-u0019527,1,1,0.30458423,0.38199073,0.31342506
train-u0019552,1,1,0.29882932,0.36083663,0.34033406
train-u0019553,1,1,0.31417266,0.36119932,0.324628
train-u0019554,1,0,0.36260742,0.31663972,0.3207529
train-u0019555,1,0,0.3462433,0.32370082,0.33005586
train-u0019556,1,2,0.3210638,0.33628252,0.34265366
train-u0019557,1,0,0.34160656,0.3410277,0.31736577
train-u0019558,1,1,0.305258,0.3549837,0.33975834
train-u0019559,0,1,0.32155085,0.3410808,0.33736834
train-u0019560,0,1,0.3276522,0.3454323,0.32691553
train-u0019561,1,0,0.38939494,0.28882185,0.3217832
train-u0019562,0,1,0.32453692,0.3415352,0.33392787
train-u0019563,0,0,0.3489646,0.33390722,0.31712815
train-u0019564,1,0,0.3415571,0.32356724,0.3348756
train-u0019565,2,2,0.33757594,0.31492588,0.3474982
train-u0019566,0,1,0.30852732,0.35552818,0.33594447
train-u0019567,0,2,0.33359832,0.32646552,0.33993626
train-u0019568,1,0,0.36280397,0.3117137,0.3254824
train-u0019569,0,2,0.32465413,0.32493225,0.35041362
train-u0019588,1,1,0.31445682,0.3497641,0.33577907
train-u0019589,1,0,0.34890887,0.32795358,0.32313758
train-u0019590,1,2,0.33675402,0.323064,0.340182
train-u0019591,1,0,0.34544596,0.32652146,0.32803258
train-u0019592,1,1,0.32347167,0.34114394,0.33538437
train-u0019593,1,1,0.32626042,0.3414497,0.33228987
train-u0019594,1,1,0.31886265,0.36822054,0.31291682
train-u0019614,1,0,0.3369142,0.32659453,0.33649126
train-u0019615,0,1,0.32249317,0.3473354,0.3301715
train-u0019616,1,0,0.3631817,0.306059,0.3307592
train-u0019617,2,0,0.3459208,0.32300088,0.3310783
train-u0019618,1,0,0.35019448,0.29976696,0.3500385
train-u0019619,2,0,0.3690288,0.31607345,0.31489778
train-u0019620,0,0,0.3579058,0.32562104,0.31647316
train-u0019621,2,0,0.37177527,0.32361525,0.30460948
train-u0019681,0,0,0.3747538,0.29591283,0.32933336
train-u0019682,0,0,0.39265183,0.28827193,0.3190762
train-u0019683,1,0,0.3884357,0.29205155,0.3195128
train-u0019684,1,0,0.36743012,0.3046194,0.32795048
train-u0019685,2,0,0.3522234,0.31461817,0.33315846
train-u0019686,1,0,0.37946856,0.29641005,0.3241214
train-u0019687,1,0,0.39474696,0.2710107,0.3342424
train-u0019688,1,0,0.35146785,0.30723956,0.3412926
train-u0019689,2,0,0.34903163,0.31966418,0.3313042
train-u0019690,1,0,0.33711928,0.32922876,0.333652
train-u0019691,0,0,0.36449912,0.30734634,0.32815456
train-u0019692,2,0,0.36115664,0.29443544,0.34440792
train-u0019693,2,0,0.4286343,0.2462825,0.32508314
train-u0019694,1,0,0.40434322,0.26174256,0.33391428
train-u0019695,1,0,0.3795656,0.29310712,0.3273273
train-u0019696,2,0,0.3832214,0.2827936,0.33398503
train-u0019697,2,0,0.37221435,0.29648656,0.33129907
train-u0019698,2,0,0.37685272,0.29436487,0.3287824
train-u0019699,1,0,0.38913038,0.27144817,0.33942148
train-u0019700,2,0,0.36591023,0.30212644,0.3319633
train-u0019701,1,0,0.36696833,0.28160343,0.35142818
train-u0019702,0,0,0.3743303,0.2888289,0.3368408
train-u0019777,1,1,0.2975667,0.3572518,0.3451815
train-u0019778,1,1,0.298136,0.36202687,0.33983713
train-u0019779,1,1,0.29677033,0.36080652,0.34242317
train-u0019780,2,1,0.30070025,0.3590482,0.34025154
train-u0019781,2,1,0.30213034,0.35931793,0.33855176
train-u0019782,0,1,0.31428662,0.34421653,0.34149677
train-u0019783,2,1,0.32667324,0.3412899,0.33203688
train-u0019784,1,1,0.28486064,0.3657296,0.34940973
train-u0019785,1,1,0.26811972,0.36647904,0.3654012
train-u0019786,1,1,0.27125174,0.37001047,0.3587378
train-u0019787,1,1,0.26174164,0.3786178,0.35964063
train-u0019788,0,1,0.33041742,0.34928927,0.32029325
train-u0019789,0,1,0.33206946,0.34457648,0.32335415
train-u0019790,1,2,0.32436803,0.3378068,0.33782515
train-u0019791,1,2,0.32882148,0.32629138,0.34488708
train-u0019792,1,1,0.3275092,0.35018235,0.32230842
train-u0019793,0,1,0.3245717,0.355131,0.32029733
train-u0019794,1,2,0.319318,0.33725122,0.34343088
train-u0019795,0,2,0.3108595,0.33432662,0.35481393
train-u0019796,0,2,0.32940033,0.32436487,0.34623474
train-u0019797,2,2,0.32321754,0.33245942,0.34432307
train-u0019798,2,2,0.31849948,0.3332279,0.3482726
train-u0019799,0,2,0.31001598,0.34128067,0.34870332
train-u0019800,0,2,0.31152555,0.3353931,0.3530814
train-u0019801,0,1,0.30359876,0.35869876,0.33770248
train-u0019802,2,2,0.3235243,0.32874146,0.3477342
train-u0019803,2,2,0.32876107,0.32509908,0.3461398
train-u0019804,2,1,0.29880074,0.36882132,0.33237788
train-u0019822,1,1,0.3248484,0.38017482,0.29497677
train-u0019823,1,1,0.32874218,0.38111022,0.29014757
train-u0019824,2,1,0.32654148,0.3678727,0.3055859
train-u0019825,0,1,0.3094393,0.35853842,0.33202225
train-u0019826,1,2,0.32322666,0.33819366,0.3385797
train-u0019827,2,1,0.30792353,0.35131752,0.34075898
train-u0019828,1,1,0.33463475,0.33578414,0.32958108
train-u0019829,1,1,0.33087423,0.34069714,0.32842866
train-u0019830,2,0,0.3466858,0.32061464,0.3326995
train-u0019831,1,0,0.36940485,0.29210493,0.33849022
train-u0019832,2,0,0.35835946,0.3091565,0.332484
train-u0019833,2,2,0.3198688,0.33956307,0.34056816
train-u0019839,2,1,0.33560038,0.3524718,0.31192786
train-u0019840,2,0,0.35474294,0.32414702,0.32111007
train-u0019841,1,0,0.3565912,0.32301086,0.32039797
train-u0019842,0,0,0.3654986,0.3201971,0.31430426
train-u0019843,2,1,0.31576455,0.35203612,0.33219934
train-u0019844,0,1,0.32481325,0.35567507,0.31951168
train-u0019845,1,1,0.33693376,0.3549468,0.30811942
train-u0019846,0,0,0.35092252,0.33161187,0.3174655
train-u0019847,0,1,0.3216029,0.3514502,0.32694688
train-u0019848,2,0,0.34253207,0.32130575,0.3361622
train-u0019849,0,1,0.34254992,0.36517,0.29228002
train-u0019850,0,1,0.32629687,0.34176344,0.33193967
train-u0019851,1,0,0.35836938,0.32464314,0.31698745
train-u0019852,1,1,0.33877558,0.34080487,0.3204196
train-u0019853,1,1,0.34148628,0.36994892,0.28856477
train-u0019854,1,0,0.34810084,0.32270768,0.32919148
train-u0019855,0,0,0.34769014,0.3305638,0.32174605
train-u0020068,1,2,0.32105848,0.3313381,0.34760344
train-u0020069,1,2,0.29843947,0.34566835,0.35589215
train-u0020070,1,2,0.2938092,0.34822375,0.357967
train-u0020071,1,1,0.2617697,0.38742384,0.3508065
train-u0020072,1,2,0.30957854,0.3418628,0.3485587
train-u0020073,1,1,0.27376586,0.37192205,0.35431206
train-u0020074,0,2,0.31011778,0.34200647,0.34787577
train-u0020075,2,2,0.31851023,0.32460535,0.35688442
train-u0020076,1,2,0.3031977,0.3460043,0.350798
train-u0020077,1,2,0.2898322,0.35229266,0.35787517
train-u0020078,0,1,0.31570512,0.34988606,0.33440876
train-u0020079,1,1,0.26699173,0.37775308,0.35525513
train-u0020080,1,1,0.27266958,0.36814952,0.3591809
train-u0020081,1,1,0.26494747,0.38060838,0.35444412
train-u0020082,2,2,0.3373065,0.30846918,0.35422435
train-u0020083,0,1,0.29175434,0.36371955,0.34452605
train-u0020084,2,2,0.3256726,0.31306207,0.3612653
train-u0020140,1,0,0.35597247,0.3427069,0.30132064
train-u0020141,0,1,0.34391966,0.3626792,0.2934011
train-u0020142,1,1,0.3435116,0.36270243,0.29378587
train-u0020143,2,1,0.34508488,0.38595355,0.26896155
train-u0020144,1,1,0.34859538,0.37767413,0.27373043
train-u0020145,2,1,0.33043832,0.38082665,0.28873503
train-u0020146,0,1,0.33627224,0.37464088,0.28908682
train-u0020147,2,0,0.35776976,0.34463507,0.2975952
train-u0020148,2,1,0.34500995,0.36052033,0.29446968
train-u0020149,1,1,0.33721787,0.36489213,0.29789004
train-u0020150,1,1,0.32485548,0.37888193,0.29626265
train-u0020151,0,1,0.31438145,0.35759062,0.32802793
train-u0020152,2,1,0.34204745,0.36626545,0.29168707
train-u0020153,2,1,0.31814212,0.3667761,0.31508178
train-u0020154,2,1,0.33819938,0.33906823,0.3227324
train-u0020155,2,1,0.33175752,0.35436156,0.3138809
train-u0020156,2,1,0.32609245,0.38306788,0.2908397
train-u0020157,1,0,0.36430597,0.3156206,0.32007337
train-u0020158,1,0,0.36910656,0.3050093,0.32588413
train-u0020159,1,1,0.3357863,0.3465957,0.31761798
train-u0020160,1,1,0.32955167,0.3374423,0.33300596
train-u0020161,2,0,0.36238408,0.32505253,0.3125634
train-u0020162,2,1,0.32187676,0.34873822,0.32938498
train-u0020163,2,1,0.3338827,0.33757076,0.32854652
train-u0020164,2,0,0.3726058,0.30471325,0.32268095
train-u0020165,1,0,0.36906034,0.27668676,0.35425287
train-u0020166,2,0,0.3616,0.30295047,0.3354495
train-u0020167,2,0,0.34324563,0.32590887,0.3308455
train-u0020168,2,0,0.35264602,0.33026195,0.3170921
train-u0020169,1,0,0.35315678,0.32485262,0.32199052
train-u0020179,0,1,0.31508324,0.3875718,0.29734498
train-u0020180,1,1,0.33387035,0.34662136,0.31950825
train-u0020181,1,1,0.33163133,0.347369,0.32099968
train-u0020182,2,0,0.3432878,0.3386301,0.3180821
train-u0020183,2,0,0.3937116,0.27725634,0.3290321
dev-u0000055,1,1,0.3252066,0.36632624,0.30846712
dev-u0000056,0,1,0.32542276,0.35794595,0.3166313
dev-u0000057,0,1,0.3282732,0.3610463,0.31068042
dev-u0000058,0,1,0.3215513,0.37246323,0.30598545
dev-u0000059,0,1,0.32585075,0.36928484,0.30486435
dev-u0000060,0,1,0.3246664,0.3681989,0.3071346
dev-u0000061,0,1,0.32329395,0.36246374,0.31424227
dev-u0000062,0,1,0.32759982,0.35990798,0.31249216
dev-u0000063,0,1,0.33062142,0.3549961,0.3143825
dev-u0000064,2,1,0.33844674,0.3502311,0.31132215
dev-u0000065,2,1,0.2911557,0.38042945,0.32841483
dev-u0000066,2,1,0.28593442,0.38030252,0.3337631
dev-u0000067,0,1,0.2934389,0.38346732,0.32309383
dev-u0000068,2,1,0.29107282,0.38896596,0.3199612
dev-u0000069,2,1,0.28640196,0.38668498,0.32691303
dev-u0000070,0,1,0.3072833,0.37277824,0.31993845
dev-u0000071,0,2,0.31720924,0.33966237,0.34312835
dev-u0000072,2,1,0.2736068,0.37409854,0.35229468
dev-u0000123,2,1,0.3229347,0.3396483,0.33741698
dev-u0000124,0,2,0.30091769,0.33926058,0.35982168
dev-u0000125,0,1,0.31844866,0.3533173,0.32823408
dev-u0000126,0,1,0.31024617,0.35949525,0.3302586
dev-u0000127,0,1,0.31572104,0.3591508,0.32512823
dev-u0000128,0,1,0.29697677,0.35474524,0.348278
dev-u0000129,0,1,0.30214313,0.36771524,0.3301416
dev-u0000130,1,1,0.31338635,0.35645622,0.3301574
dev-u0000131,0,1,0.28640276,0.3725773,0.34101987
dev-u0000132,0,1,0.27868265,0.37390158,0.34741578
dev-u0000133,2,1,0.2914808,0.37322852,0.33529067
dev-u0000134,2,1,0.2914808,0.37322852,0.33529067
dev-u0000135,2,2,0.28892455,0.3457897,0.36528578
dev-u0000136,0,2,0.29020128,0.35062355,0.35917518
dev-u0000137,0,1,0.28623283,0.36428222,0.34948492
dev-u0000138,0,2,0.27777764,0.35239366,0.36982876
dev-u0000245,0,1,0.31119952,0.34575516,0.34304532
dev-u0000246,0,1,0.29349533,0.36430266,0.34220207
dev-u0000247,0,1,0.29399788,0.3644083,0.34159377
dev-u0000248,0,1,0.3231992,0.34444144,0.3323593
dev-u0000249,0,1,0.30394453,0.36688983,0.32916567
dev-u0000250,2,1,0.3329394,0.3393825,0.32767808
dev-u0000251,2,2,0.3113455,0.34250635,0.3461481
dev-u0000327,0,1,0.33020455,0.3485172,0.3212782
dev-u0000328,0,0,0.33955598,0.33250284,0.32794127
dev-u0000329,0,1,0.3327879,0.33953366,0.3276784
dev-u0000330,0,1,0.33905736,0.36273617,0.2982065
dev-u0000331,0,1,0.33390778,0.35597554,0.31011665
dev-u0000332,0,1,0.3410843,0.34804118,0.3108745
dev-u0000333,1,0,0.40300673,0.28428733,0.31270587
dev-u0000334,0,0,0.37542424,0.30920172,0.31537414
dev-u0000335,0,0,0.3577243,0.31286344,0.32941222
dev-u0000336,0,1,0.32729632,0.3482403,0.32446337
dev-u0000337,0,2,0.33439523,0.32856265,0.33704212
dev-u0000385,2,0,0.371735,0.31424177,0.31402317
dev-u0000386,2,2,0.3289759,0.32987106,0.34115303
dev-u0000387,2,0,0.3459422,0.30983645,0.34422135
dev-u0000388,2,2,0.3376886,0.31252593,0.3497854
dev-u0000389,2,2,0.3253733,0.33596689,0.33865985
dev-u0000390,0,0,0.39481515,0.27770254,0.32748234
dev-u0000391,0,0,0.40849462,0.25850162,0.33300373
dev-u0000392,2,0,0.41477644,0.26008987,0.32513362
dev-u0000393,0,0,0.4109428,0.25863358,0.33042362
dev-u0000394,0,0,0.43500128,0.23700355,0.3279952
dev-u0000395,0,0,0.4233612,0.24330203,0.3333368
dev-u0000396,2,0,0.41700253,0.23591995,0.3470776
dev-u0000397,2,0,0.41011953,0.22829096,0.36158952
dev-u0000398,2,0,0.37652734,0.2601957,0.36327696
dev-u0000399,2,0,0.3850558,0.25406557,0.3608786
dev-u0000400,0,0,0.37275326,0.2624856,0.3647612
dev-u0000401,0,0,0.37672934,0.2609065,0.36236423
dev-u0000402,0,0,0.37961432,0.26006612,0.36031953
dev-u0000443,0,0,0.39241982,0.27088997,0.33669013
dev-u0000444,2,0,0.39881748,0.2515444,0.34963813
dev-u0000445,1,0,0.40000892,0.24959277,0.3503983
dev-u0000446,0,0,0.38563532,0.26398852,0.35037613
dev-u0000447,1,0,0.4226604,0.23897749,0.3383621
dev-u0000448,0,0,0.4029472,0.26753053,0.3295222
dev-u0000449,0,0,0.407935,0.26317477,0.32889023
dev-u0000450,0,0,0.37873632,0.29018354,0.33108008
dev-u0000464,0,0,0.36777964,0.30160496,0.3306154
dev-u0000465,0,0,0.3603896,0.31873128,0.32087913
dev-u0000466,0,0,0.3768823,0.30027333,0.3228444
dev-u0000467,2,0,0.39034364,0.283857,0.3257994
dev-u0000468,0,0,0.39034364,0.283857,0.3257994
dev-u0000469,0,0,0.3973154,0.28376797,0.31891653
dev-u0000470,0,0,0.36211956,0.30531874,0.33256173
dev-u0000471,0,0,0.36271214,0.30976912,0.32751873
dev-u0000472,0,0,0.35056418,0.31730884,0.33212698
dev-u0000473,0,0,0.39807874,0.28126198,0.3206593
dev-u0000474,0,0,0.35912344,0.3033788,0.3374978
dev-u0000545,0,1,0.33551952,0.36833602,0.29614452
dev-u0000546,0,1,0.32683748,0.36548793,0.30767462
dev-u0000547,0,1,0.31940848,0.3858954,0.29469612
dev-u0000548,1,1,0.31811482,0.37363365,0.30825156
dev-u0000549,0,1,0.31811482,0.37363365,0.30825156
dev-u0000550,0,1,0.31869957,0.34609777,0.33520275
dev-u0000551,0,1,0.33074802,0.36820003,0.3010519
dev-u0000552,0,1,0.33291218,0.36810434,0.29898348
dev-u0000553,0,1,0.32167703,0.37719464,0.30112836
dev-u0000554,0,1,0.32771984,0.37114537,0.30113488
dev-u0000555,0,1,0.34263662,0.3442546,0.3131087
dev-u0000556,0,1,0.3366798,0.35817412,0.30514616
dev-u0000557,0,1,0.34413782,0.35487345,0.3009887
dev-u0000558,0,0,0.3489156,0.34636298,0.30472147
dev-u0000559,0,1,0.3202885,0.38013655,0.29957494
dev-u0000560,0,1,0.32316327,0.38077226,0.2960645
dev-u0000639,0,2,0.31595805,0.33427307,0.34976888
dev-u0000640,0,2,0.2951177,0.3513172,0.35356504
dev-u0000641,0,2,0.30117863,0.347597,0.35122433
dev-u0000642,0,1,0.30011773,0.35196292,0.3479194
dev-u0000643,2,1,0.29391178,0.3547025,0.35138568
dev-u0000644,2,1,0.2872863,0.3584458,0.35426793
dev-u0000645,0,1,0.2829031,0.36086434,0.35623252
dev-u0000825,0,0,0.35308614,0.30817378,0.33874008
dev-u0000826,1,0,0.34535894,0.31100187,0.34363925
dev-u0000827,1,0,0.34977984,0.3100563,0.3401639
dev-u0000828,1,2,0.33517477,0.32234973,0.34247547
dev-u0000829,1,2,0.32835072,0.33164677,0.34000245
dev-u0000830,1,0,0.35235783,0.2985256,0.34911656
dev-u0000831,0,0,0.3741159,0.2704021,0.35548204
dev-u0000832,1,0,0.3615982,0.29165483,0.34674698
dev-u0000839,2,1,0.31307513,0.38150936,0.30541545
dev-u0000840,2,1,0.32188722,0.34911296,0.32899988
dev-u0000841,2,1,0.33696732,0.3425723,0.32046038
dev-u0000842,2,1,0.33859006,0.34387857,0.31753138
dev-u0000843,2,0,0.3437542,0.33474678,0.32149896
dev-u0000844,2,1,0.31577203,0.3558855,0.32834244
dev-u0000845,0,1,0.3532739,0.3557541,0.29097193
dev-u0000846,0,1,0.32383835,0.34796777,0.3281939
dev-u0000852,0,1,0.31843266,0.36802816,0.31353918
dev-u0000853,0,1,0.31615463,0.3671836,0.31666175
dev-u0000854,0,1,0.3323208,0.33801463,0.3296645
dev-u0000855,0,1,0.33248693,0.34397683,0.3235363
dev-u0000856,1,0,0.3752384,0.29373252,0.33102906
dev-u0000901,0,2,0.3329566,0.3234992,0.3435442
dev-u0000902,0,0,0.3362671,0.33232942,0.33140346
dev-u0000903,0,0,0.34514043,0.3252719,0.32958764
dev-u0000904,0,0,0.34244654,0.33724818,0.32030532
dev-u0000905,0,0,0.35914516,0.30814326,0.33271155
dev-u0000906,0,0,0.34891155,0.3159015,0.33518702
dev-u0000907,0,0,0.39663303,0.28624523,0.31712168
dev-u0000908,1,1,0.33176968,0.3489854,0.31924498
dev-u0000909,1,0,0.3506222,0.32172915,0.32764864
dev-u0000910,0,0,0.3516996,0.31927198,0.32902843
dev-u0000911,0,0,0.3462034,0.3141271,0.3396695
dev-u0000912,0,1,0.34390953,0.3461172,0.30997324
dev-u0000913,2,1,0.34434363,0.34549275,0.31016356
dev-u0000914,0,0,0.34103006,0.3327429,0.3262271
dev-u0000915,0,1,0.31745282,0.36622095,0.31632623
dev-u0000916,1,1,0.3322552,0.33714005,0.33060476
dev-u0000917,0,1,0.29545736,0.370205,0.3343376
dev-u0000918,0,1,0.30739176,0.3669,0.32570827
dev-u0000919,2,1,0.33095875,0.33818913,0.33085212
dev-u0000920,2,1,0.29913098,0.36481065,0.33605832
dev-u0000935,2,0,0.35333008,0.33366954,0.3130004
dev-u0000936,2,1,0.3444223,0.3580571,0.29752055
dev-u0000937,0,0,0.34638742,0.33557487,0.31803778
dev-u0000938,2,0,0.35383296,0.3464544,0.2997126
dev-u0000939,1,1,0.32712373,0.3667627,0.30611363
dev-u0001015,1,1,0.3340308,0.362462,0.30350724
dev-u0001016,0,1,0.31616047,0.35019144,0.33364806
dev-u0001017,0,1,0.3350707,0.3612573,0.303672
dev-u0001018,0,1,0.3179246,0.35347378,0.32860163
dev-u0001019,0,0,0.38432539,0.30012804,0.31554654
dev-u0001020,0,0,0.39150873,0.29689667,0.31159455
dev-u0001021,0,1,0.3301803,0.3458042,0.32401553
dev-u0001022,0,1,0.32709962,0.34886122,0.32403916
dev-u0001166,2,1,0.3411557,0.34995478,0.30888948
dev-u0001167,2,1,0.33272564,0.36527616,0.30199823
dev-u0001168,2,1,0.3318618,0.365543,0.3025952
dev-u0001169,2,1,0.34952968,0.3525042,0.2979661
dev-u0001170,0,1,0.31239116,0.35612896,0.3314798
dev-u0001171,0,1,0.33607268,0.35072318,0.31320417
dev-u0001172,0,2,0.3363928,0.31374437,0.34986284
dev-u0001173,0,1,0.3370792,0.35479307,0.30812773
dev-u0001174,0,1,0.33716837,0.35098138,0.31185025
dev-u0001175,0,0,0.3388443,0.3224851,0.33867058
dev-u0001176,0,2,0.3194887,0.33609623,0.34441507
dev-u0001177,0,1,0.31369743,0.3467021,0.3396004
dev-u0001178,2,1,0.32389164,0.35713425,0.31897414
dev-u0001179,2,0,0.33833486,0.3240674,0.33759773
dev-u0001180,2,0,0.34752503,0.31697443,0.33550048
dev-u0001181,0,1,0.33374462,0.33812395,0.32813147
dev-u0001182,0,1,0.31087753,0.36526084,0.3238616
dev-u0001183,0,0,0.35509485,0.3195551,0.32535005
dev-u0001184,0,0,0.35248128,0.32157958,0.32593918
dev-u0001185,0,0,0.3639373,0.29964516,0.33641756
dev-u0001186,0,0,0.3539603,0.3082664,0.3377733
dev-u0001187,0,0,0.35064748,0.3263804,0.32297206
dev-u0001188,0,0,0.36201647,0.30001575,0.33796775
dev-u0001189,2,0,0.35965458,0.30075347,0.33959195
dev-u0001190,2,0,0.36396247,0.29823074,0.3378068
dev-u0001285,0,0,0.3593428,0.31285512,0.32780206
dev-u0001286,0,0,0.349459,0.3261688,0.3243722
dev-u0001287,0,0,0.35252318,0.31851724,0.32895952
dev-u0001288,2,1,0.32962164,0.35548547,0.3148929
dev-u0001289,0,0,0.35234594,0.32386166,0.32379237
dev-u0001295,0,2,0.32801658,0.33300856,0.3389749
dev-u0001296,0,1,0.3338615,0.34867018,0.31746832
dev-u0001297,0,0,0.35803506,0.3224992,0.31946576
dev-u0001298,2,2,0.32105964,0.33637238,0.34256795
dev-u0001299,0,1,0.33673176,0.3509671,0.31230116
dev-u0001300,0,1,0.3360609,0.34785014,0.31608894
dev-u0001301,0,1,0.33539554,0.35952443,0.30508003
dev-u0001302,0,0,0.341053,0.32853523,0.33041176
dev-u0001303,0,0,0.3493482,0.32955778,0.32109404
dev-u0001304,0,1,0.335936,0.37075692,0.2933071
dev-u0001305,0,0,0.41434857,0.24660163,0.33904973
dev-u0001306,0,0,0.40460432,0.23001543,0.36538023
dev-u0001307,1,0,0.4002785,0.24720287,0.3525186
dev-u0001308,2,0,0.44239286,0.21204698,0.34556022
dev-u0001421,2,1,0.30193606,0.37213367,0.32593033
dev-u0001422,0,0,0.3466783,0.3255855,0.32773614
dev-u0001423,0,1,0.33875084,0.35318658,0.30806252
dev-u0001424,2,1,0.34121385,0.35030666,0.30847946
dev-u0001425,0,0,0.37910733,0.3129782,0.30791444
dev-u0001426,2,0,0.36515203,0.31647217,0.31837577
dev-u0001427,0,1,0.32767114,0.3557312,0.31659773
dev-u0001428,0,1,0.31967902,0.37929025,0.30103076
dev-u0001429,1,1,0.33106375,0.36326358,0.3056727
dev-u0001430,1,0,0.35007292,0.3255417,0.32438532
dev-u0001431,1,0,0.34024927,0.33860034,0.32115042
dev-u0001432,1,1,0.32590222,0.34296918,0.33112854
dev-u0001433,1,1,0.33182153,0.3565623,0.31161618
dev-u0001434,1,1,0.32880437,0.35790706,0.31328854
dev-u0001435,1,1,0.32518798,0.358992,0.31581998
dev-u0001436,0,1,0.32480872,0.34403563,0.33115566
dev-u0001437,1,1,0.32033235,0.34469178,0.33497587
dev-u0001438,1,0,0.34989262,0.31758687,0.3325205
dev-u0001515,0,1,0.33228892,0.3447741,0.32293704
dev-u0001516,1,1,0.296248,0.37620267,0.3275493
dev-u0001517,1,2,0.3330183,0.33308607,0.33389568
dev-u0001518,1,1,0.33040726,0.33622187,0.3333709
dev-u0001519,1,1,0.31877008,0.34718427,0.33404565
dev-u0001520,2,1,0.29282922,0.39032435,0.31684646
dev-u0001521,0,1,0.28677395,0.3834525,0.32977352
dev-u0001522,0,1,0.30027458,0.37986028,0.31986514
dev-u0001523,2,1,0.30818757,0.3576538,0.33415866
dev-u0001524,2,1,0.30313396,0.3619188,0.33494714
dev-u0001525,0,0,0.34824765,0.33524808,0.3165043
dev-u0001526,1,1,0.32597098,0.34384757,0.33018142
dev-u0001527,2,1,0.3302502,0.36940446,0.30034536
dev-u0001528,2,1,0.31565022,0.35268444,0.33166534
dev-u0001529,0,1,0.3125578,0.35144407,0.33599818
dev-u0001639,1,2,0.31488323,0.3413224,0.3437944
dev-u0001640,2,1,0.32436302,0.35231408,0.32332295
dev-u0001641,2,0,0.3892434,0.2939117,0.31684494
dev-u0001642,1,0,0.34564614,0.3358515,0.31850237
dev-u0001643,1,1,0.29991037,0.37536544,0.32472426
dev-u0001644,2,1,0.30348793,0.3776275,0.31888452
dev-u0001760,2,1,0.30206603,0.3804751,0.31745887
dev-u0001761,1,1,0.27940458,0.37164193,0.34895343
dev-u0001762,1,1,0.2745932,0.38005093,0.34535593
dev-u0001763,1,1,0.27102643,0.37011188,0.35886168
dev-u0001764,0,1,0.3070949,0.3500449,0.34286016
dev-u0001765,1,0,0.3398,0.32653034,0.33366966
dev-u0001766,0,2,0.3269088,0.33372688,0.33936435
dev-u0001767,2,2,0.3272133,0.32449192,0.34829476
dev-u0001768,2,0,0.34362572,0.31852415,0.33785006
dev-u0001769,2,2,0.34351525,0.30384567,0.3526391
dev-u0001770,1,2,0.33433327,0.3153172,0.35034955
dev-u0001771,2,0,0.3486184,0.30792645,0.34345517
dev-u0001772,1,1,0.30874506,0.35399023,0.3372647
dev-u0001808,2,2,0.31122637,0.3376806,0.35109296
dev-u0001809,2,2,0.31816956,0.33712968,0.34470075
dev-u0001810,1,1,0.3121689,0.34885865,0.3389724
dev-u0001811,1,1,0.3191957,0.3438807,0.33692363
dev-u0001812,2,2,0.30080768,0.3292244,0.36996788
dev-u0001813,1,2,0.32294258,0.3345006,0.34255674
dev-u0001814,2,1,0.29057306,0.37177336,0.3376536
dev-u0001815,2,1,0.28142107,0.3821913,0.3363877
dev-u0001816,1,1,0.27813223,0.38691288,0.33495486
dev-u0001846,1,1,0.30475304,0.36090162,0.3343454
dev-u0001847,2,2,0.2626051,0.3545899,0.38280508
dev-u0001848,0,2,0.2913187,0.33715436,0.371527
dev-u0001849,2,2,0.28886688,0.3411882,0.3699449
dev-u0001850,0,2,0.29176563,0.33568227,0.37255213
dev-u0001851,1,2,0.28766942,0.3446425,0.36768812
dev-u0001852,1,2,0.30104452,0.32964945,0.36930612
dev-u0001853,1,2,0.29188454,0.34035257,0.36776292
dev-u0001854,2,2,0.28580746,0.34583974,0.3683528
dev-u0001873,1,2,0.30523038,0.33427152,0.36049807
dev-u0001874,2,1,0.27460447,0.3810504,0.34434512
dev-u0001875,2,1,0.29668203,0.37099722,0.3323207
dev-u0001876,2,1,0.27142692,0.37864256,0.34993055
dev-u0001877,2,1,0.26026356,0.38631713,0.35341927
dev-u0001927,2,2,0.28670168,0.3555804,0.3577179
dev-u0001928,0,2,0.2915667,0.3508048,0.35762855
dev-u0001929,0,2,0.2897494,0.3501613,0.36008933
dev-u0001930,1,1,0.289532,0.35801128,0.3524567
dev-u0001931,1,2,0.28527147,0.35214937,0.36257923
dev-u0001932,2,2,0.29128742,0.35283113,0.3558814
dev-u0001933,1,2,0.31568164,0.3409258,0.34339258
dev-u0001934,2,2,0.32916743,0.32719046,0.3436421
dev-u0001935,2,2,0.33938536,0.32117292,0.33944178
dev-u0001936,1,1,0.29019928,0.36855912,0.34124163
dev-u0001937,2,1,0.28922203,0.3728767,0.33790126
dev-u0001938,1,1,0.28176114,0.3770721,0.34116676
dev-u0001939,1,2,0.29374498,0.35002875,0.35622624
dev-u0001940,0,2,0.32955813,0.33247557,0.33796632
dev-u0001941,0,0,0.3707807,0.3017524,0.32746688
dev-u0001947,0,1,0.30231816,0.35245115,0.34523073
dev-u0001948,0,1,0.30619654,0.37782323,0.3159803
dev-u0001949,2,1,0.30319455,0.37591174,0.32089373
dev-u0001950,1,1,0.31570706,0.34676233,0.33753058
dev-u0001951,0,1,0.30604184,0.38556457,0.3083936
dev-u0001958,1,1,0.33397126,0.3469701,0.3190587
dev-u0001959,2,1,0.33018234,0.34824052,0.32157716
dev-u0001960,0,1,0.30070668,0.38063452,0.3186588
dev-u0001961,1,0,0.340122,0.33204278,0.3278352
dev-u0001962,2,0,0.33418575,0.33331612,0.3324982
dev-u0001963,1,1,0.30850574,0.3630795,0.32841477
dev-u0001964,1,1,0.30584607,0.35160136,0.3425525
dev-u0001979,2,0,0.36984584,0.31453007,0.31562406
dev-u0001980,2,0,0.3623881,0.2967648,0.34084705
dev-u0001981,2,0,0.36025128,0.30122435,0.33852434
dev-u0001982,2,0,0.37020767,0.30274376,0.3270486
dev-u0001983,2,0,0.35804555,0.29701045,0.34494403
dev-u0001984,2,0,0.34910327,0.32252592,0.32837087
dev-u0001985,1,0,0.34910327,0.32252592,0.32837087
dev-u0002053,0,2,0.3145101,0.33571523,0.3497746
dev-u0002054,2,2,0.31183103,0.33648294,0.35168597
dev-u0002055,0,2,0.28807822,0.34253007,0.3693917
dev-u0002056,1,2,0.2941958,0.3368044,0.3689998
dev-u0002057,1,2,0.28767017,0.342564,0.36976582
dev-u0002058,1,2,0.29581788,0.34867626,0.35550588
dev-u0002059,1,1,0.31116465,0.36373246,0.32510293
dev-u0002060,0,1,0.31521517,0.3706188,0.31416607
dev-u0002306,0,0,0.3404436,0.32466367,0.33489278
dev-u0002307,0,0,0.34449053,0.32164025,0.33386928
dev-u0002308,0,1,0.32917556,0.36365137,0.307173
dev-u0002309,0,0,0.34342384,0.34046468,0.31611148
dev-u0002310,0,0,0.34682137,0.33614466,0.31703398
dev-u0002311,0,0,0.343752,0.3426824,0.31356564
dev-u0002312,2,2,0.3258704,0.32619977,0.3479298
dev-u0002442,0,0,0.36627972,0.30769634,0.32602394
dev-u0002443,1,0,0.38220757,0.29342523,0.32436723
dev-u0002444,2,0,0.4021922,0.27281767,0.3249901
dev-u0002445,2,0,0.37061384,0.2935066,0.33587956
dev-u0002446,1,0,0.35011727,0.32852644,0.32135636
dev-u0002566,2,1,0.27702343,0.37912098,0.34385556
dev-u0002567,1,2,0.33649808,0.3018544,0.36164752
dev-u0002568,1,2,0.3143414,0.33751506,0.34814352
dev-u0002569,1,2,0.3095928,0.331472,0.35893518
dev-u0002570,1,2,0.31651568,0.34044072,0.3430436
dev-u0002571,1,1,0.30500653,0.3486537,0.34633976
dev-u0002572,2,2,0.29553708,0.3510744,0.35338852
dev-u0002573,0,0,0.38104466,0.29101375,0.32794166
dev-u0002574,0,2,0.33080846,0.320121,0.34907055
dev-u0002575,2,2,0.318555,0.3380787,0.34336627
dev-u0002576,0,1,0.3135693,0.34728235,0.33914837
dev-u0002577,1,1,0.3163212,0.3503592,0.3333196
dev-u0002578,2,0,0.35176677,0.30282372,0.34540948
dev-u0002579,1,2,0.3227765,0.3361086,0.34111488
dev-u0002640,1,2,0.33770326,0.2929661,0.3693307
dev-u0002641,2,0,0.39221743,0.2594362,0.34834644
dev-u0002642,2,2,0.3531215,0.27741992,0.36945862
dev-u0002643,1,0,0.38269916,0.27883935,0.33846152
dev-u0002644,1,0,0.40298924,0.24801326,0.34899753
dev-u0002734,2,2,0.34373075,0.30872235,0.34754696
dev-u0002735,2,0,0.36457536,0.28543532,0.34998932
dev-u0002736,2,0,0.39995122,0.28129408,0.3187547
dev-u0002737,2,2,0.33355495,0.30628765,0.36015746
dev-u0002738,1,0,0.35089746,0.30974367,0.3393588
dev-u0002739,1,0,0.36264074,0.28230533,0.35505387
dev-u0002740,2,0,0.34566307,0.31449896,0.33983794
dev-u0002741,1,2,0.35285816,0.2932976,0.3538442
dev-u0002742,1,0,0.3634669,0.28119716,0.35533598
dev-u0002743,1,2,0.35301223,0.29071152,0.3562763
dev-u0002744,1,0,0.36013895,0.28620884,0.3536522
dev-u0002745,2,2,0.3538098,0.28788245,0.35830775
dev-u0002746,0,1,0.3120004,0.38922712,0.2987725
dev-u0002747,1,1,0.3087369,0.37510377,0.3161593
dev-u0002748,1,1,0.31087583,0.35617954,0.33294463
dev-u0002749,1,0,0.3587576,0.30684298,0.33439943
dev-u0002750,2,0,0.35482946,0.3139805,0.33119
dev-u0002751,2,2,0.31991878,0.31061876,0.36946246
dev-u0002752,1,0,0.37407118,0.29953048,0.32639837
dev-u0002767,2,0,0.34137893,0.3209393,0.3376818
dev-u0002768,1,0,0.33730263,0.33083627,0.33186117
dev-u0002769,2,0,0.34238082,0.3292652,0.328354
dev-u0002770,0,1,0.32763684,0.34041527,0.33194786
dev-u0002771,1,0,0.35272768,0.29560637,0.35166588
dev-u0002772,1,1,0.33160225,0.3476258,0.3207719
dev-u0002773,1,1,0.33160225,0.3476258,0.3207719
dev-u0002774,0,0,0.41940168,0.25799817,0.32260013
dev-u0002775,0,0,0.36837184,0.29821575,0.33341244
dev-u0002776,1,0,0.35719195,0.30797172,0.33483633
dev-u0002777,1,0,0.3732821,0.2850352,0.34168273
dev-u0002778,1,0,0.34563327,0.33154127,0.32282546
dev-u0002779,2,0,0.3632781,0.30897906,0.32774284
dev-u0002780,1,0,0.35296085,0.3305615,0.31647766
dev-u0002781,0,2,0.33106008,0.33194503,0.33699498
dev-u0002782,2,0,0.35279217,0.31314144,0.33406645
dev-u0002783,0,1,0.32834014,0.34231052,0.3293494
dev-u0002784,2,0,0.3622641,0.29586467,0.3418712
dev-u0002785,1,0,0.36877623,0.31472617,0.31649765
dev-u0002786,0,0,0.3709787,0.31035852,0.3186627
dev-u0002787,2,0,0.35555476,0.31874552,0.3256996
dev-u0002788,1,0,0.35400856,0.32291642,0.32307503
dev-u0002789,1,1,0.33309072,0.34507343,0.32183585
dev-u0002861,2,1,0.30442512,0.3538607,0.34171417
dev-u0002862,1,0,0.351461,0.31508255,0.33345643
dev-u0002863,1,1,0.30864847,0.3488166,0.342535
dev-u0002864,1,0,0.36105973,0.29741946,0.34152088
dev-u0002865,1,2,0.31771484,0.34060544,0.34167978
dev-u0002866,1,1,0.31576994,0.34709,0.33714008
dev-u0002867,1,1,0.3177965,0.34660524,0.33559826
dev-u0002868,2,0,0.3463795,0.32982945,0.3237911
dev-u0002869,2,2,0.32215878,0.33595964,0.34188154
dev-u0002870,2,1,0.3216428,0.34225136,0.3361059
dev-u0002871,0,1,0.31494156,0.34449,0.3405685
dev-u0002872,1,0,0.338527,0.32481793,0.3366551
dev-u0002873,2,0,0.33904576,0.32367724,0.33727697
dev-u0002874,1,2,0.32024828,0.33506405,0.3446877
dev-u0002875,0,2,0.31097984,0.3441505,0.3448696
dev-u0002876,1,0,0.345744,0.3137717,0.3404843
dev-u0002877,1,1,0.3170962,0.345827,0.33707687
dev-u0002878,1,0,0.38598073,0.27107215,0.3429471
dev-u0003038,2,1,0.34770066,0.35203397,0.30026534
dev-u0003039,2,0,0.35478032,0.34208736,0.3031323
dev-u0003040,1,1,0.34890494,0.35627675,0.29481828
dev-u0003041,2,1,0.34583804,0.35516784,0.29899412
dev-u0003042,1,0,0.35383087,0.35038605,0.2957831
dev-u0003292,1,1,0.30340022,0.35273102,0.34386882
dev-u0003293,1,1,0.2856548,0.36441937,0.34992588
dev-u0003294,1,2,0.34076658,0.30612898,0.35310447
dev-u0003295,1,1,0.29416168,0.35681912,0.34901917
dev-u0003296,1,1,0.30365533,0.35461515,0.34172955
dev-u0003297,2,1,0.30630153,0.3478653,0.34583315
dev-u0003298,1,1,0.29787725,0.35737187,0.34475082
dev-u0003299,1,1,0.29633808,0.36347732,0.34018457
dev-u0003300,1,1,0.30662164,0.3488285,0.34454986
dev-u0003301,1,2,0.3088149,0.34462145,0.3465637
dev-u0003302,1,1,0.30628243,0.34917045,0.3445471
dev-u0003303,2,1,0.30663988,0.3520955,0.34126458
dev-u0003304,2,1,0.30536023,0.35337564,0.34126413
dev-u0003305,0,1,0.30979076,0.34899274,0.3412165
dev-u0003306,2,1,0.31090987,0.34782454,0.34126556
dev-u0003307,2,1,0.2740603,0.37140054,0.35453913
dev-u0003308,2,2,0.31345022,0.3320368,0.35451305
dev-u0003309,2,2,0.32050237,0.31386265,0.365635
dev-u0003310,2,2,0.32971242,0.30981848,0.36046904
dev-u0003311,2,2,0.30987915,0.33088636,0.35923445
dev-u0003312,2,2,0.30965108,0.3294066,0.3609423
dev-u0003313,1,2,0.31060788,0.32921237,0.36017972
dev-u0003314,1,1,0.32874992,0.33960283,0.3316473
dev-u0003315,2,2,0.3050152,0.3458751,0.34910968
dev-u0003316,1,1,0.26985392,0.36727613,0.36286998
dev-u0003317,2,1,0.30566373,0.35320944,0.34112686
dev-u0003318,1,2,0.3154322,0.3387642,0.34580362
dev-u0003319,1,2,0.33077917,0.31336063,0.35586017
dev-u0003320,1,2,0.31659636,0.32267153,0.36073208
dev-u0003321,1,1,0.31810138,0.34738094,0.33451775
dev-u0003322,1,2,0.30750635,0.34587815,0.3466155
dev-u0003323,1,2,0.29001376,0.35384804,0.35613817
dev-u0003324,1,2,0.29268795,0.35206214,0.35524988
dev-u0003325,1,2,0.29216096,0.35253835,0.3553007
dev-u0003326,1,1,0.31374365,0.3537029,0.3325535
dev-u0003590,1,1,0.26353902,0.4075313,0.3289296
dev-u0003591,1,1,0.2757745,0.36852378,0.35570168
dev-u0003592,2,1,0.27038062,0.39172032,0.33789906
dev-u0003593,1,2,0.29159054,0.34819937,0.36021006
dev-u0003594,1,2,0.2879498,0.3529821,0.3590681
dev-u0003595,1,2,0.29344535,0.35275128,0.3538034
dev-u0003596,2,1,0.26343724,0.4110363,0.3255265
dev-u0003607,1,1,0.29786003,0.35835132,0.34378868
dev-u0003608,1,1,0.28110996,0.37156138,0.34732866
dev-u0003609,2,1,0.29090187,0.37235296,0.33674517
dev-u0003610,2,1,0.29088885,0.36126804,0.34784308
dev-u0003611,1,1,0.29145366,0.36792397,0.34062234
dev-u0003612,2,1,0.29519212,0.3606336,0.34417427
dev-u0003613,2,1,0.28978086,0.3634752,0.3467439
dev-u0003614,0,2,0.2906121,0.33826897,0.37111896
dev-u0003615,2,1,0.28575096,0.37182635,0.34242266
dev-u0003616,0,1,0.28763103,0.36391085,0.34845817
dev-u0003657,1,1,0.29374996,0.35644725,0.34980276
dev-u0003658,1,2,0.32815102,0.3278933,0.34395576
dev-u0003659,1,2,0.32725477,0.32806525,0.34467995
dev-u0003660,1,1,0.31721455,0.34546292,0.3373226
dev-u0003661,0,2,0.30119392,0.34589726,0.35290885
dev-u0003662,1,0,0.36432064,0.3040239,0.33165544
dev-u0003663,1,2,0.32738233,0.3307059,0.3419118
dev-u0003664,2,1,0.29462898,0.35912204,0.34624895
dev-u0003665,0,2,0.3190058,0.33299956,0.34799471
dev-u0003666,2,2,0.3164308,0.32964477,0.3539244
dev-u0003667,1,1,0.29796454,0.36445397,0.3375815
dev-u0003668,0,2,0.31426275,0.34203634,0.3437009
dev-u0003669,2,1,0.30605128,0.3639665,0.3299822
dev-u0004038,0,0,0.40254322,0.26605496,0.33140174
dev-u0004039,2,0,0.40254322,0.26605496,0.33140174
dev-u0004040,2,0,0.401618,0.26543173,0.3329503
dev-u0004041,2,0,0.34703496,0.32650217,0.3264629
dev-u0004042,1,0,0.3563724,0.33111158,0.3125161
dev-u0004043,1,1,0.29712504,0.37651792,0.32635698
dev-u0004044,1,2,0.32101488,0.33210236,0.34688273
dev-u0004045,1,1,0.2980921,0.37796298,0.32394493
dev-u0004046,1,1,0.2941395,0.38855106,0.31730944
dev-u0004047,2,2,0.30563042,0.34010813,0.35426146
dev-u0004048,1,1,0.3064288,0.36602315,0.32754803
dev-u0004049,0,1,0.30645967,0.36827707,0.32526326
dev-u0004050,1,1,0.3298234,0.34364823,0.3265283
dev-u0004063,2,1,0.3371384,0.36267984,0.3001817
dev-u0004064,2,0,0.35370904,0.32982576,0.3164652
dev-u0004065,1,0,0.34694073,0.3338971,0.31916216
dev-u0004066,1,0,0.35117972,0.32375512,0.3250652
dev-u0004067,1,1,0.34617254,0.3483315,0.3054959
dev-u0004068,2,1,0.34920144,0.36086705,0.28993154
dev-u0004069,2,0,0.37832877,0.31712386,0.30454737
dev-u0004070,0,1,0.32889032,0.382198,0.28891164
dev-u0004071,1,0,0.36342564,0.33584684,0.30072752
dev-u0004072,2,0,0.3622407,0.31961972,0.3181396
dev-u0004073,2,0,0.34991288,0.3127133,0.3373738
dev-u0004074,1,1,0.35241732,0.36483285,0.28274983
dev-u0004075,0,1,0.349305,0.3556291,0.2950659
dev-u0004076,2,0,0.35987267,0.30462334,0.335504
dev-u0004077,2,0,0.33822912,0.33342433,0.32834652
dev-u0004078,2,0,0.3574618,0.34026334,0.3022748
dev-u0004079,2,0,0.3559881,0.33390915,0.31010273
dev-u0004080,2,0,0.3711115,0.3051231,0.32376546
dev-u0004081,0,2,0.3333555,0.3250891,0.34155536
dev-u0004082,0,0,0.3790454,0.27888477,0.34206983
dev-u0004083,2,1,0.33365744,0.3364841,0.3298584
dev-u0004084,2,2,0.32437748,0.33069313,0.34492937
dev-u0004085,2,0,0.37065667,0.30738643,0.3219569
dev-u0004105,2,1,0.32113883,0.36656627,0.31229484
dev-u0004106,0,0,0.35605764,0.31459978,0.3293425
dev-u0004107,2,1,0.34597614,0.35059646,0.30342734
dev-u0004108,2,1,0.33092323,0.35404804,0.31502876
dev-u0004109,2,0,0.3594882,0.35505348,0.28545833
dev-u0004217,1,1,0.30200854,0.34916958,0.3488219
dev-u0004218,0,1,0.29857937,0.3557876,0.3456331
dev-u0004219,1,1,0.28515136,0.36380687,0.3510418
dev-u0004220,1,1,0.3170037,0.3635176,0.31947875
dev-u0004221,0,2,0.30427933,0.34626058,0.3494601
dev-u0004222,0,2,0.3031152,0.3466375,0.35024738
dev-u0004223,2,1,0.3006008,0.3592413,0.34015784
dev-u0004263,1,1,0.31176382,0.36153114,0.326705
dev-u0004264,1,0,0.3509928,0.3357872,0.31321996
dev-u0004265,2,1,0.32237706,0.37071228,0.3069107
dev-u0004266,1,1,0.3081597,0.3607661,0.33107418
dev-u0004267,2,1,0.31179944,0.3755709,0.31262964
dev-u0004268,1,1,0.32021633,0.37142348,0.30836022
dev-u0004269,0,1,0.3233288,0.36983195,0.30683926
dev-u0004270,2,1,0.3086312,0.36811772,0.32325107
dev-u0004271,2,1,0.30007783,0.37769735,0.3222249
dev-u0004291,1,1,0.3204939,0.3588419,0.32066426
dev-u0004292,1,1,0.3198332,0.34031606,0.33985072
dev-u0004293,1,1,0.31665647,0.3609312,0.3224124
dev-u0004294,2,1,0.31378493,0.35435367,0.3318614
dev-u0004295,1,1,0.31397158,0.36893478,0.31709367
dev-u0004296,2,1,0.32259768,0.37185633,0.305546
dev-u0004297,1,1,0.30455267,0.37057263,0.32487476
dev-u0004298,2,2,0.2961006,0.34952468,0.3543747
dev-u0004299,2,1,0.31866252,0.3643071,0.3170304
dev-u0004300,2,1,0.31651464,0.36073694,0.3227484
dev-u0004301,1,1,0.31283858,0.3548072,0.3323542
dev-u0004302,1,1,0.3248715,0.35738108,0.31774744
dev-u0004303,1,1,0.2918373,0.40137923,0.30678353
dev-u0004304,1,1,0.3215557,0.34383664,0.33460766
dev-u0004305,1,1,0.29229712,0.3754384,0.33226445
dev-u0004306,1,1,0.329599,0.35530868,0.31509233
dev-u0004307,1,1,0.30051935,0.38999167,0.30948895
dev-u0004308,0,1,0.3246902,0.35369384,0.3216159
dev-u0004355,0,1,0.29988745,0.3688722,0.3312404
dev-u0004356,2,1,0.30243358,0.35401535,0.3435511
dev-u0004357,2,1,0.29797614,0.35202944,0.3499945
dev-u0004358,0,1,0.29878864,0.36437833,0.336833
dev-u0004359,2,2,0.29940024,0.34838068,0.3522191
dev-u0004404,1,1,0.3421725,0.3451681,0.3126594
dev-u0004405,1,0,0.34532195,0.3418724,0.31280562
dev-u0004406,2,0,0.3536956,0.33446887,0.3118355
dev-u0004407,1,1,0.33756006,0.33878702,0.32365283
dev-u0004408,1,0,0.35052943,0.3318086,0.31766194
dev-u0004409,1,1,0.32878128,0.3470128,0.32420594
dev-u0004410,2,1,0.32440326,0.34676537,0.32883132
dev-u0004411,2,0,0.33695146,0.3298404,0.33320817
dev-u0004412,1,1,0.31044042,0.3717255,0.31783405
dev-u0004413,1,1,0.328889,0.37398842,0.29712257
dev-u0004414,0,0,0.3644824,0.31659806,0.31891954
dev-u0004415,2,0,0.3620906,0.32893997,0.30896944
dev-u0004416,2,1,0.318087,0.36500457,0.31690842
dev-u0004417,1,1,0.33443898,0.35904223,0.30651876
dev-u0004418,1,1,0.3331003,0.35011598,0.3167838
dev-u0004419,0,1,0.34396267,0.35907185,0.29696545
dev-u0004420,0,0,0.3744122,0.30976766,0.31582013
dev-u0004421,1,0,0.35153964,0.3402728,0.3081875
dev-u0004422,1,0,0.35914153,0.333703,0.30715555
dev-u0004423,1,0,0.3581171,0.33597216,0.30591077
dev-u0004424,2,1,0.34381038,0.3507792,0.30541041
dev-u0004425,0,1,0.34561732,0.35445943,0.29992327
dev-u0004426,2,0,0.36099187,0.33442554,0.30458254
dev-u0004427,1,0,0.37595308,0.32069382,0.30335307
dev-u0004428,2,1,0.3372464,0.34284285,0.31991076
dev-u0004429,1,1,0.31675288,0.3853167,0.29793045
dev-u0004457,2,1,0.33060756,0.34836155,0.32103097
dev-u0004458,0,0,0.3614989,0.32054317,0.31795794
dev-u0004459,2,1,0.34618667,0.36597496,0.28783834
dev-u0004460,1,1,0.3233739,0.36616835,0.31045765
dev-u0004461,1,0,0.35371792,0.31848606,0.32779604
dev-u0004462,1,1,0.34524825,0.3573165,0.29743516
dev-u0004463,2,0,0.35480803,0.31667948,0.32851243
dev-u0004464,2,0,0.37354976,0.3090019,0.31744835
dev-u0004465,1,0,0.37354976,0.3090019,0.31744835
dev-u0004466,1,1,0.31886867,0.37049446,0.31063682
dev-u0004467,1,2,0.33501965,0.32900798,0.33597237
dev-u0004468,1,1,0.3251673,0.34079283,0.33403987
dev-u0004469,1,2,0.32653388,0.32691202,0.3465541
dev-u0004470,0,1,0.3330677,0.3359758,0.33095652
dev-u0004600,0,1,0.33432445,0.3525685,0.31310707
dev-u0004601,1,1,0.31305894,0.3676339,0.31930715
dev-u0004602,2,0,0.3385744,0.32723653,0.33418906
dev-u0004603,1,0,0.33983546,0.32257894,0.33758563
dev-u0004604,0,1,0.327541,0.35510164,0.31735736
dev-u0004605,2,1,0.32379988,0.34895495,0.32724518
dev-u0004606,2,0,0.3516419,0.32865718,0.3197009
dev-u0004607,2,0,0.36259145,0.3064376,0.33097094
dev-u0004608,1,1,0.3299987,0.3618257,0.3081756
dev-u0004609,1,1,0.31264067,0.36684948,0.32050976
dev-u0004610,1,1,0.3258639,0.370666,0.30347013
dev-u0004611,1,1,0.32552287,0.36475167,0.30972543
dev-u0004612,2,1,0.33328047,0.35999477,0.30672485
dev-u0004613,1,2,0.31596258,0.33661702,0.3474204
dev-u0004614,2,1,0.26030374,0.38367718,0.35601914
dev-u0004615,1,1,0.2782969,0.36853078,0.35317233
dev-u0004616,0,2,0.31761405,0.3243481,0.35803783
dev-u0004617,1,1,0.2941215,0.35820904,0.3476695
dev-u0004618,2,1,0.2829116,0.36893663,0.3481518
dev-u0004773,1,1,0.33210123,0.35016835,0.31773037
dev-u0004774,1,1,0.3271362,0.3553613,0.3175025
dev-u0004775,2,0,0.34693074,0.3353854,0.31768382
dev-u0004776,1,1,0.34063113,0.36024973,0.2991192
dev-u0004777,1,1,0.3475616,0.34991267,0.30252576
dev-u0004778,1,0,0.35089752,0.34071296,0.30838957
dev-u0004779,1,0,0.3534594,0.3415038,0.30503678
dev-u0004780,2,0,0.34538674,0.34435713,0.31025615
dev-u0004781,1,1,0.33167627,0.33634496,0.33197874
dev-u0004782,1,1,0.3234829,0.36902907,0.30748808
dev-u0004783,1,1,0.3234829,0.36902907,0.30748808
dev-u0004784,1,1,0.3227996,0.35208705,0.32511336
dev-u0004785,2,1,0.308472,0.35876057,0.33276737
dev-u0004786,1,1,0.3110339,0.36459997,0.3243661
dev-u0004787,2,1,0.30507183,0.3726348,0.32229334
dev-u0004788,1,1,0.30813828,0.36165538,0.33020636
dev-u0004789,2,1,0.30813828,0.36165538,0.33020636
dev-u0004790,1,2,0.3328779,0.33351883,0.33360326
dev-u0004791,0,2,0.3328779,0.33351883,0.33360326
dev-u0005004,0,0,0.3739848,0.30704492,0.31897032
dev-u0005005,2,0,0.3677874,0.31044096,0.32177162
dev-u0005006,1,0,0.38073626,0.30002612,0.31923768
dev-u0005007,1,0,0.37447217,0.3053155,0.32021233
dev-u0005008,1,0,0.37651336,0.31135002,0.31213653
dev-u0005009,1,0,0.35364583,0.34831348,0.29804066
dev-u0005010,1,1,0.35093197,0.35331815,0.29574996
dev-u0005011,0,0,0.37273386,0.32753375,0.29973236
dev-u0005012,2,1,0.34851903,0.352614,0.29886696
dev-u0005013,0,0,0.34982333,0.3430954,0.30708125
dev-u0005014,2,0,0.38762987,0.31494144,0.29742867
dev-u0005015,1,0,0.37287843,0.31832933,0.30879223
dev-u0005016,2,1,0.34649518,0.36018014,0.2933247
dev-u0005017,2,1,0.3419199,0.37061158,0.28746855
test-u0000124,0,0,0.3394389,0.33301088,0.32755026
test-u0000125,0,1,0.31619355,0.36282587,0.32098052
test-u0000126,0,1,0.3124006,0.3630542,0.32454523
test-u0000127,0,1,0.30745766,0.37118092,0.3213614
test-u0000128,2,1,0.295792,0.37717503,0.32703298
test-u0000129,0,1,0.30799687,0.37636736,0.31563586
test-u0000130,2,1,0.3090124,0.36001036,0.3309772
test-u0000131,1,1,0.28968316,0.39344308,0.3168737
test-u0000132,1,1,0.29239166,0.3874358,0.32017258
test-u0000133,1,1,0.28107452,0.37292072,0.34600472
test-u0000247,1,1,0.3149112,0.3516391,0.33344972
test-u0000248,1,1,0.30300635,0.37254113,0.32445246
test-u0000249,1,1,0.30580196,0.37335342,0.32084453
test-u0000250,1,1,0.30635482,0.37296507,0.32068008
test-u0000251,1,1,0.32719257,0.3584377,0.31436977
test-u0000252,1,1,0.3119472,0.37599874,0.312054
test-u0000253,1,1,0.3086004,0.3716771,0.3197225
test-u0000254,1,1,0.32236153,0.35989597,0.3177425
test-u0000255,2,1,0.31019366,0.37548625,0.31432
test-u0000256,2,1,0.31243053,0.36841804,0.31915146
test-u0000257,2,1,0.3055672,0.36143187,0.33300093
test-u0000258,2,1,0.3020386,0.35349876,0.34446266
test-u0000259,2,1,0.28149623,0.3687784,0.34972537
test-u0000260,0,2,0.2792959,0.3515442,0.36915994
test-u0000261,2,1,0.28469834,0.35950452,0.35579717
test-u0000262,0,1,0.2882165,0.35672736,0.3550561
test-u0000263,1,1,0.27930337,0.3615318,0.3591647
test-u0000264,2,1,0.29037654,0.35836852,0.35125488
test-u0000265,2,1,0.28358462,0.36094645,0.35546893
test-u0000266,2,2,0.30724803,0.3445418,0.34821022
test-u0000267,1,1,0.29052913,0.3609576,0.3485133
test-u0000268,2,1,0.295467,0.35996503,0.3445679
test-u0000269,2,1,0.2952082,0.3559387,0.3488531
test-u0000270,1,1,0.27983975,0.36300933,0.3571509
test-u0000271,1,2,0.3082018,0.32882455,0.3629737
test-u0000396,0,1,0.34188572,0.35593823,0.3021761
test-u0000397,0,0,0.38522637,0.2750339,0.33973968
test-u0000398,0,0,0.36525735,0.3273016,0.30744103
test-u0000399,0,1,0.34400588,0.35707423,0.2989199
test-u0000400,2,1,0.34812328,0.35005444,0.3018223
test-u0000401,2,0,0.3560658,0.34402427,0.2999099
test-u0000402,2,0,0.35928327,0.33031005,0.3104067
test-u0000403,0,0,0.35115057,0.3430792,0.30577022
test-u0000430,0,1,0.3365263,0.3450036,0.31847012
test-u0000431,0,0,0.36915508,0.2838538,0.34699106
test-u0000432,1,1,0.32531753,0.38477835,0.2899042
test-u0000433,0,1,0.32157904,0.3749177,0.3035032
test-u0000434,2,0,0.35647178,0.2897373,0.35379085
test-u0000435,1,0,0.3480594,0.31387416,0.3380664
test-u0000436,0,0,0.35473812,0.30104703,0.34421483
test-u0000437,1,1,0.3327301,0.36118585,0.30608404
test-u0000438,1,1,0.32972822,0.3471132,0.32315856
test-u0000439,1,2,0.32799327,0.32631516,0.34569156
test-u0000440,1,0,0.3707911,0.28020447,0.34900445
test-u0000441,1,0,0.35127068,0.30697724,0.34175202
test-u0000442,2,0,0.34252885,0.31794915,0.33952197
test-u0000443,1,1,0.3297534,0.3627254,0.30752125
test-u0000444,1,0,0.36408734,0.28575987,0.35015282
test-u0000445,1,0,0.40092602,0.24629591,0.35277808
test-u0000446,1,0,0.40772268,0.24399844,0.34827888
test-u0000447,1,0,0.3725192,0.29569334,0.33178747
test-u0000448,1,0,0.3648667,0.28879857,0.3463348
test-u0000449,0,0,0.3406318,0.3288043,0.3305639
test-u0000450,1,0,0.3417405,0.3324636,0.325796
test-u0000451,1,2,0.3304868,0.32281467,0.34669855
test-u0000452,0,0,0.34205428,0.3268037,0.33114204
test-u0000453,1,0,0.34610593,0.31152716,0.3423669
test-u0000454,0,0,0.34393772,0.31934187,0.33672035
test-u0000455,2,0,0.3435192,0.3179476,0.3385332
test-u0000456,1,0,0.35589343,0.30391452,0.34019205
test-u0000457,0,1,0.34224373,0.34245145,0.31530482
test-u0000458,0,0,0.36709923,0.33534136,0.29755944
test-u0000459,0,0,0.35317665,0.3470833,0.29974008
test-u0000460,0,0,0.35839716,0.3355516,0.30605122
test-u0000461,0,1,0.33795822,0.35104233,0.31099945
test-u0000462,0,0,0.36885417,0.29450592,0.33663994
test-u0000543,2,1,0.32360575,0.36933294,0.30706137
test-u0000544,1,1,0.32942772,0.37469798,0.29587427
test-u0000545,0,1,0.33080372,0.3633815,0.3058148
test-u0000546,1,1,0.329684,0.36943755,0.30087847
test-u0000547,0,1,0.3244733,0.3702897,0.3052371
test-u0000548,0,1,0.32219118,0.37485784,0.30295092
test-u0000600,0,0,0.37910768,0.31829426,0.30259812
test-u0000601,2,1,0.33569142,0.35642064,0.30788788
test-u0000602,0,1,0.32993805,0.36218882,0.30787316
test-u0000603,0,0,0.34306362,0.34026724,0.31666917
test-u0000604,1,0,0.35381463,0.32569748,0.32048792
test-u0000605,1,0,0.3564261,0.32598698,0.31758684
test-u0000606,1,0,0.3437709,0.34296542,0.3132636
test-u0000607,0,1,0.33374316,0.36230287,0.30395398
test-u0000608,0,1,0.3343953,0.36571032,0.2998944
test-u0000631,2,1,0.31422254,0.35968414,0.32609335
test-u0000632,0,2,0.2974388,0.34006917,0.36249202
test-u0000633,2,1,0.3034454,0.37112078,0.32543385
test-u0000634,0,2,0.30474988,0.33851668,0.35673347
test-u0000635,2,1,0.31200993,0.3709688,0.31702134
test-u0000636,1,1,0.27435294,0.38031653,0.3453306
test-u0000637,1,2,0.3236639,0.33387363,0.34246254
test-u0000638,0,1,0.2764505,0.3762841,0.34726536
test-u0000639,2,1,0.2759449,0.37615034,0.34790477
test-u0000640,0,1,0.2634291,0.4013125,0.33525845
test-u0000641,0,2,0.30779222,0.33853346,0.35367432
test-u0000642,1,2,0.28918567,0.35431635,0.35649803
test-u0000643,2,2,0.31771252,0.3087854,0.37350205
test-u0000644,2,2,0.31771252,0.3087854,0.37350205
test-u0000645,2,1,0.28971374,0.37582222,0.3344641
test-u0000646,0,2,0.31546736,0.32761875,0.3569139
test-u0000647,1,0,0.33663368,0.3330694,0.33029684
test-u0000648,1,1,0.281441,0.37769905,0.34085995
test-u0000649,2,1,0.281441,0.37769905,0.34085995
test-u0000731,0,1,0.31656528,0.36569017,0.31774458
test-u0000732,0,1,0.30251414,0.35882202,0.33866382
test-u0000733,0,1,0.29852933,0.35193303,0.34953764
test-u0000734,0,2,0.31621766,0.33789846,0.34588388
test-u0000735,1,1,0.30284265,0.37897474,0.31818265
test-u0000736,1,1,0.3060168,0.3822959,0.31168732
test-u0000737,1,1,0.31215385,0.3680603,0.3197859
test-u0000745,0,2,0.32132608,0.3380938,0.34058014
test-u0000746,0,2,0.3039953,0.32880118,0.36720347
test-u0000747,0,1,0.30144465,0.36559868,0.33295673
test-u0000748,0,0,0.34494433,0.31920385,0.33585182
test-u0000749,0,1,0.31441748,0.35421675,0.3313658
test-u0000750,2,1,0.3043864,0.37415808,0.32145545
test-u0000751,2,1,0.31585974,0.37890303,0.30523723
test-u0000752,0,1,0.32143345,0.34910408,0.3294624
test-u0000753,0,1,0.31921336,0.36515972,0.31562692
test-u0000754,0,1,0.32443717,0.34984642,0.3257164
test-u0000755,0,1,0.3172791,0.36929402,0.31342694
test-u0000756,0,1,0.3206212,0.3441573,0.3352215
test-u0000757,0,1,0.32037327,0.35287192,0.3267549
test-u0000758,0,1,0.32331833,0.34930217,0.32737952
test-u0000759,0,1,0.321365,0.37084424,0.30779082
test-u0000760,0,1,0.31931636,0.36942098,0.3112627
test-u0000761,0,1,0.3158436,0.36180213,0.32235432
test-u0000762,1,1,0.3164889,0.35577843,0.32773265
test-u0000763,0,1,0.31264943,0.37098542,0.3163652
test-u0000764,1,1,0.31927606,0.361182,0.31954193
test-u0000822,0,0,0.3715705,0.33802107,0.29040846
test-u0000823,1,1,0.33709243,0.3630047,0.29990286
test-u0000824,0,1,0.3376366,0.35481143,0.30755192
test-u0000825,1,1,0.3215514,0.37968233,0.29876623
test-u0000826,1,1,0.3179927,0.39021152,0.29179576
test-u0000827,2,1,0.33922568,0.38559443,0.27517995
test-u0000828,1,1,0.3449904,0.36825034,0.2867593
test-u0000829,2,1,0.33878177,0.36607745,0.29514077
test-u0000870,0,1,0.3232434,0.35420823,0.32254833
test-u0000871,0,1,0.2827728,0.39442468,0.32280257
test-u0000872,0,1,0.29396045,0.38506284,0.32097664
test-u0000873,0,2,0.3155585,0.32599106,0.35845038
test-u0000874,0,2,0.3114787,0.3258483,0.36267295
test-u0000875,1,1,0.3066365,0.37937802,0.31398547
test-u0000876,0,2,0.31832454,0.33000794,0.35166755
test-u0000877,0,1,0.30454126,0.34911963,0.3463391
test-u0000878,0,2,0.33514643,0.3272648,0.33758876
test-u0000879,0,2,0.34259978,0.31431234,0.34308788
test-u0000880,0,0,0.35691652,0.3112844,0.33179915
test-u0000896,2,0,0.3378422,0.33210608,0.33005175
test-u0000897,1,0,0.36184728,0.30342087,0.33473182
test-u0000898,2,2,0.34278125,0.31030977,0.34690905
test-u0000899,2,0,0.36408907,0.30793166,0.3279792
test-u0000900,2,0,0.34853017,0.3105515,0.34091842
test-u0000901,2,2,0.33421034,0.32208803,0.34370163
test-u0000902,2,0,0.36433792,0.30270553,0.33295658
test-u0000903,2,0,0.35074067,0.33264452,0.31661475
test-u0000904,2,0,0.35238874,0.2986545,0.3489568
test-u0000905,2,0,0.3592735,0.3042244,0.3365021
test-u0000906,2,0,0.37323418,0.28896382,0.33780196
test-u0000907,2,2,0.3372693,0.3222191,0.3405116
test-u0000928,2,0,0.35530597,0.31084728,0.33384672
test-u0000929,2,0,0.3460782,0.32807413,0.3258477
test-u0000930,2,1,0.346971,0.34882265,0.3042063
test-u0000931,0,0,0.35686132,0.31673372,0.32640493
test-u0000932,0,0,0.35946405,0.3070149,0.33352104
test-u0000933,0,0,0.36621585,0.296156,0.33762813
test-u0000934,2,0,0.38970435,0.27288646,0.33740923
test-u0000941,2,0,0.35569555,0.3290044,0.3153
test-u0000942,2,0,0.34328672,0.3385574,0.31815585
test-u0000943,0,0,0.35218018,0.3500263,0.2977935
test-u0000944,0,1,0.3298851,0.34950706,0.3206078
test-u0000945,0,0,0.35227978,0.31628162,0.3314386
test-u0000946,2,0,0.38492504,0.29183558,0.32323945
test-u0000947,2,0,0.3388047,0.32370514,0.3374901
test-u0000948,2,0,0.34687755,0.31418738,0.33893508
test-u0000949,2,0,0.35222864,0.3072565,0.34051487
test-u0000950,2,0,0.3364783,0.32750767,0.336014
test-u0001118,0,0,0.3436166,0.3204288,0.33595458
test-u0001119,0,1,0.333483,0.35884625,0.30767074
test-u0001120,0,0,0.34159228,0.33001935,0.3283884
test-u0001121,1,1,0.3369804,0.36918402,0.29383567
test-u0001122,2,1,0.33577022,0.38510343,0.27912626
test-u0001123,1,1,0.34512925,0.34559932,0.3092714
test-u0001124,1,1,0.34554186,0.3564184,0.29803964
test-u0001125,0,0,0.36557674,0.3220421,0.31238118
test-u0001126,1,1,0.34572318,0.353697,0.30057982
test-u0001127,1,1,0.3419315,0.36226794,0.29580057
test-u0001128,0,0,0.3466586,0.34301105,0.3103304
test-u0001129,0,0,0.34820887,0.34130424,0.31048685
test-u0001184,0,0,0.35586116,0.32278344,0.32135543
test-u0001185,2,1,0.33167863,0.3602601,0.30806133
test-u0001186,0,1,0.32001102,0.37068367,0.30930528
test-u0001187,0,1,0.3235186,0.36600515,0.3104763
test-u0001188,0,1,0.3320531,0.3554368,0.3125101
test-u0001189,2,1,0.33593222,0.35128233,0.31278542
test-u0001190,0,0,0.3527488,0.33677876,0.3104725
test-u0001205,0,1,0.32577592,0.39253062,0.28169346
test-u0001206,2,1,0.32033083,0.4035016,0.2761676
test-u0001207,1,1,0.3220594,0.39183035,0.28611025
test-u0001208,0,0,0.35218355,0.33485475,0.31296167
test-u0001209,0,0,0.35039988,0.34188157,0.3077186
test-u0001210,1,0,0.35435927,0.337705,0.30793574
test-u0001211,1,1,0.33793128,0.3535958,0.308473
test-u0001212,0,0,0.351914,0.34109557,0.30699047
test-u0001213,0,0,0.34493807,0.332654,0.32240793
test-u0001214,0,0,0.34580058,0.32897264,0.3252268
test-u0001215,1,0,0.3638893,0.30825678,0.3278539
test-u0001216,1,0,0.34651628,0.3225556,0.33092815
test-u0001217,1,1,0.33287457,0.3455403,0.3215852
test-u0001218,0,1,0.3451406,0.3483181,0.30654132
test-u0001219,0,0,0.35057583,0.34143293,0.30799127
test-u0001220,0,1,0.33128196,0.37566376,0.29305422
test-u0001221,0,0,0.36432922,0.30754477,0.328126
test-u0001222,0,0,0.3535103,0.3472261,0.29926366
test-u0001223,1,0,0.3505053,0.3473146,0.30218008
test-u0001224,1,1,0.32277766,0.3838232,0.29339913
test-u0001225,1,1,0.33148867,0.3717923,0.296719
test-u0001226,0,1,0.3482115,0.3576988,0.2940897
test-u0001227,1,1,0.34698254,0.35024095,0.3027766
test-u0001228,1,0,0.34864753,0.32587722,0.3254753
test-u0001229,0,1,0.33563572,0.36159274,0.3027715
test-u0001230,0,1,0.33146587,0.36819294,0.30034125
test-u0001274,2,1,0.3149433,0.3683268,0.31672987
test-u0001275,2,0,0.3521603,0.33136275,0.31647685
test-u0001276,0,1,0.32289392,0.3569182,0.32018784
test-u0001277,1,0,0.4061448,0.2880443,0.30581087
test-u0001278,1,1,0.33771262,0.3659895,0.29629794
test-u0001279,1,1,0.32082844,0.35743812,0.3217335
test-u0001280,1,0,0.3483904,0.34702364,0.304586
test-u0001286,0,1,0.32657632,0.36158833,0.31183535
test-u0001287,0,1,0.32643092,0.36235023,0.31121883
test-u0001288,1,1,0.32240337,0.3708263,0.3067703
test-u0001289,1,1,0.32402605,0.36889762,0.30707633
test-u0001290,1,1,0.3207995,0.36546832,0.31373224
test-u0001291,0,0,0.35930002,0.30611655,0.33458337
test-u0001292,1,0,0.35106134,0.30860612,0.34033257
test-u0001293,0,0,0.35721698,0.31433892,0.32844406
test-u0001294,0,0,0.36450478,0.30588517,0.32961008
test-u0001295,0,0,0.35489616,0.32106096,0.32404286
test-u0001296,1,1,0.34375432,0.3471502,0.3090954
test-u0001297,0,0,0.36235693,0.31797346,0.31966954
test-u0001298,0,0,0.33646622,0.33211282,0.331421
test-u0001299,1,1,0.29411942,0.36431512,0.34156537
test-u0001300,1,1,0.332261,0.36345688,0.30428216
test-u0001301,0,1,0.29828492,0.36650422,0.33521086
test-u0001318,1,0,0.3617211,0.3206726,0.31760633
test-u0001319,0,1,0.33071727,0.36838558,0.30089718
test-u0001320,0,0,0.34616238,0.31949025,0.33434737
test-u0001321,1,0,0.3540662,0.32016063,0.32577318
test-u0001322,0,0,0.40067184,0.27540836,0.32391977
test-u0001323,0,0,0.38858953,0.2806823,0.3307281
test-u0001324,1,0,0.34716287,0.3466051,0.30623206
test-u0001325,1,1,0.33445203,0.36265332,0.30289465
test-u0001326,1,1,0.3336119,0.3657694,0.30061868
test-u0001327,0,0,0.39680594,0.29855466,0.30463934
test-u0001328,1,0,0.34145588,0.3374894,0.32105473
test-u0001329,0,0,0.36089224,0.31788558,0.32122216
test-u0001330,1,0,0.3658422,0.3119296,0.3222282
test-u0001331,1,0,0.36260235,0.3113365,0.32606122
test-u0001332,2,1,0.34867242,0.36197647,0.28935105
test-u0001333,1,0,0.35602745,0.32578322,0.31818932
test-u0001334,1,1,0.3386263,0.38259727,0.27877644
test-u0001335,1,1,0.30460027,0.38258526,0.31281447
test-u0001336,1,1,0.3188504,0.34422082,0.33692884
test-u0001337,1,1,0.33396015,0.34709203,0.31894785
test-u0001371,2,2,0.32792512,0.31809753,0.35397732
test-u0001372,0,0,0.3413732,0.33133456,0.32729223
test-u0001373,0,0,0.37290108,0.29316863,0.33393028
test-u0001374,2,1,0.32878098,0.3563967,0.31482235
test-u0001375,0,0,0.3434972,0.32506463,0.3314382
test-u0001376,0,1,0.32924283,0.3594375,0.31131974
test-u0001377,1,1,0.32885686,0.3584357,0.31270748
test-u0001378,0,1,0.30725253,0.36088395,0.33186358
test-u0001379,0,1,0.33692008,0.34568956,0.31739038
test-u0001380,0,0,0.34494156,0.3190755,0.33598295
test-u0001381,1,1,0.3341722,0.3454407,0.32038713
test-u0001382,0,1,0.31736478,0.3446253,0.33800992
test-u0001383,0,2,0.3308476,0.33457083,0.33458155
test-u0001384,2,2,0.32554018,0.32921162,0.3452482
test-u0001385,0,2,0.3114964,0.34188804,0.3466155
test-u0001386,0,1,0.33381292,0.34448773,0.32169938
test-u0001479,2,2,0.31362972,0.34028596,0.3460843
test-u0001480,2,2,0.31362972,0.34028596,0.3460843
test-u0001481,2,1,0.303533,0.36361563,0.3328514
test-u0001482,2,2,0.33121502,0.32943216,0.3393528
test-u0001483,0,1,0.3180081,0.35211384,0.32987806
test-u0001484,1,1,0.29881838,0.36993253,0.33124906
test-u0001485,2,2,0.32904243,0.32882446,0.3421331
test-u0001486,2,1,0.32067284,0.3603706,0.31895658
test-u0001487,0,0,0.34271765,0.31540206,0.34188026
test-u0001488,2,1,0.30117145,0.3759016,0.322927
test-u0001489,2,1,0.3153594,0.36669195,0.3179486
test-u0001490,2,1,0.30036467,0.38186267,0.31777266
test-u0001491,1,1,0.31129172,0.37393945,0.3147688
test-u0001588,2,2,0.2931026,0.3416537,0.36524367
test-u0001589,2,2,0.2988044,0.34810555,0.35309008
test-u0001590,2,2,0.30466798,0.3475915,0.3477406
test-u0001591,2,1,0.27784997,0.36779937,0.35435066
test-u0001592,0,1,0.28092456,0.37298867,0.3460867
test-u0001593,2,1,0.28804526,0.37199402,0.33996072
test-u0001594,2,1,0.2921147,0.37171772,0.3361676
test-u0001595,1,2,0.27583635,0.36181003,0.36235362
test-u0001596,2,2,0.31855997,0.3299137,0.3515264
test-u0001597,0,1,0.28660366,0.36236432,0.351032
test-u0001598,1,1,0.32209784,0.3398935,0.33800867
test-u0001666,0,2,0.3108861,0.31584278,0.37327114
test-u0001667,0,2,0.31604907,0.3066261,0.37732488
test-u0001668,0,2,0.2980442,0.31258518,0.3893706
test-u0001669,0,2,0.30836004,0.33081278,0.36082724
test-u0001670,1,2,0.3046591,0.33183935,0.36350158
test-u0001785,2,1,0.29855728,0.35973763,0.3417051
test-u0001786,1,1,0.29641593,0.36219016,0.34139395
test-u0001787,1,1,0.29119852,0.37205547,0.336746
test-u0001788,1,1,0.32220328,0.35316443,0.3246323
test-u0001789,2,0,0.3562066,0.32587144,0.31792206
test-u0001790,1,1,0.33262336,0.3464983,0.3208783
test-u0001791,0,1,0.33110628,0.34639105,0.3225027
test-u0001792,0,1,0.28109962,0.38310674,0.33579358
test-u0001793,1,1,0.28472048,0.380488,0.3347915
test-u0001794,2,1,0.31752816,0.36087462,0.32159722
test-u0001795,2,1,0.29311317,0.37731877,0.32956815
test-u0001796,0,1,0.2868842,0.3771016,0.33601418
test-u0001797,0,0,0.3739187,0.30175313,0.32432818
test-u0001819,2,2,0.30760437,0.34109586,0.35129976
test-u0001820,1,1,0.31479657,0.34496397,0.3402395
test-u0001821,1,1,0.29997584,0.3507083,0.34931588
test-u0001822,2,1,0.32163936,0.34859508,0.32976556
test-u0001823,1,2,0.29831952,0.34003657,0.36164394
test-u0001824,2,1,0.29531312,0.3556525,0.3490344
test-u0001825,0,2,0.31018907,0.33733168,0.35247928
test-u0001826,2,2,0.34774595,0.30444905,0.34780502
test-u0001827,1,1,0.28209984,0.3645494,0.35335076
test-u0001828,0,2,0.29522225,0.34462425,0.3601535
test-u0001829,2,1,0.29887286,0.3581832,0.34294385
test-u0001830,1,1,0.284123,0.3663228,0.3495542
test-u0001846,1,1,0.25454575,0.40230855,0.34314567
test-u0001847,0,1,0.25839517,0.39679033,0.34481445
test-u0001848,1,1,0.27730313,0.3782878,0.34440908
test-u0001849,2,1,0.26870826,0.40621734,0.32507443
test-u0001850,2,2,0.32710207,0.31891593,0.35398203
test-u0001851,0,2,0.31860924,0.31310913,0.3682816
test-u0001852,0,2,0.3141975,0.34032696,0.34547552
test-u0001853,2,2,0.29526445,0.34653458,0.35820103
test-u0001930,1,2,0.3079951,0.34590548,0.34609938
test-u0001931,2,1,0.30445376,0.35271865,0.34282762
test-u0001932,1,1,0.30732262,0.36000568,0.33267176
test-u0001933,1,1,0.30611113,0.36578178,0.32810715
test-u0001934,0,2,0.31774926,0.34086725,0.34138355
test-u0001935,2,1,0.29728612,0.35414666,0.34856725
test-u0001936,1,1,0.3129209,0.35570508,0.33137402
test-u0001937,0,1,0.32789302,0.34206575,0.33004117
test-u0001956,2,1,0.32524145,0.3733975,0.30136108
test-u0001957,2,1,0.32410908,0.35877278,0.3171181
test-u0001958,1,1,0.31721658,0.37828296,0.30450043
test-u0001959,2,1,0.31552798,0.38302335,0.30144867
test-u0001960,2,1,0.31954825,0.37642854,0.3040232
test-u0001961,2,1,0.31092772,0.374885,0.31418735
test-u0001962,2,1,0.31759593,0.3717753,0.31062874
test-u0001963,2,1,0.31309605,0.38752198,0.29938194
test-u0001964,1,1,0.31623697,0.37819278,0.3055702
test-u0001965,1,1,0.31097418,0.38601178,0.303014
test-u0001966,1,1,0.28808427,0.3619691,0.34994662
test-u0001967,2,1,0.31385604,0.37348703,0.3126569
test-u0001968,0,2,0.31961125,0.33851168,0.34187704
test-u0001969,2,1,0.29285672,0.35395992,0.3531834
test-u0001970,1,1,0.31068087,0.34865874,0.34066033
test-u0001971,2,1,0.30048168,0.35124016,0.34827816
test-u0001972,0,1,0.3075131,0.34678194,0.34570494
test-u0001973,2,2,0.2987953,0.35029933,0.35090533
test-u0001974,2,1,0.3024179,0.3523746,0.34520748
test-u0001975,1,1,0.29321945,0.360566,0.3462145
test-u0001976,2,1,0.30621472,0.34884268,0.3449426
test-u0001977,1,1,0.296268,0.35971922,0.34401286
test-u0001978,1,2,0.30699188,0.34555447,0.34745365
test-u0001979,1,1,0.29650435,0.3828603,0.3206353
test-u0002045,0,0,0.36334848,0.29248062,0.3441709
test-u0002046,0,2,0.32093063,0.33191442,0.34715495
test-u0002047,0,1,0.3324925,0.36131588,0.3061916
test-u0002048,0,0,0.33723015,0.32883513,0.33393472
test-u0002049,2,1,0.3177324,0.34778595,0.3344817
test-u0002050,2,1,0.30520782,0.37081343,0.3239788
test-u0002051,0,1,0.29888028,0.36803555,0.3330841
test-u0002052,0,1,0.31197912,0.35258552,0.3354354
test-u0002053,2,1,0.31197912,0.35258552,0.3354354
test-u0002054,1,1,0.31718928,0.36963978,0.313171
test-u0002055,2,1,0.31863874,0.36561215,0.31574914
test-u0002056,1,1,0.31250387,0.37196505,0.31553102
test-u0002057,0,1,0.307302,0.37949207,0.3132059
test-u0002154,0,1,0.31040382,0.36653116,0.32306504
test-u0002155,0,1,0.29059857,0.38283813,0.32656327
test-u0002156,0,0,0.35756004,0.32811037,0.31432962
test-u0002157,0,1,0.33486244,0.35073352,0.31440404
test-u0002158,0,1,0.3113857,0.36653456,0.3220798
test-u0002159,0,1,0.30359283,0.37215057,0.32425663
test-u0002238,1,1,0.30774894,0.3493976,0.34285346
test-u0002239,0,1,0.28241113,0.3797437,0.33784518
test-u0002240,0,1,0.2997693,0.35898742,0.3412432
test-u0002241,0,1,0.28338003,0.38346395,0.33315608
test-u0002242,0,1,0.3121097,0.35931742,0.3285729
test-u0002243,1,1,0.28121182,0.39149877,0.32728946
test-u0002244,0,1,0.29048586,0.370593,0.3389211
test-u0002245,0,1,0.28715008,0.38931856,0.32353133
test-u0002246,1,1,0.29151788,0.3656361,0.34284604
test-u0002247,0,1,0.28767785,0.36592168,0.3464005
test-u0002254,0,2,0.28218368,0.35241887,0.36539742
test-u0002255,0,2,0.32634988,0.3197884,0.35386166
test-u0002256,2,2,0.32256484,0.32147223,0.35596296
test-u0002257,1,2,0.30910486,0.3233023,0.3675929
test-u0002258,0,2,0.29837447,0.33563438,0.3659911
test-u0002259,1,2,0.3031766,0.33780316,0.35902026
test-u0002260,1,2,0.3062305,0.32400024,0.3697693
test-u0002261,1,2,0.29035133,0.3417059,0.3679428
test-u0002262,0,2,0.31012484,0.31081897,0.3790562
test-u0002263,1,2,0.31017226,0.3147619,0.37506586
test-u0002264,0,2,0.30857238,0.3308235,0.3606041
test-u0002265,0,2,0.3039551,0.3217531,0.37429172
test-u0002266,1,2,0.3017874,0.34362456,0.35458806
test-u0002267,0,1,0.31105053,0.34609464,0.34285486
test-u0002268,2,2,0.3265426,0.33060166,0.34285575
test-u0002280,2,2,0.29181713,0.35137782,0.35680506
test-u0002281,1,1,0.26187876,0.39816114,0.33996007
test-u0002282,0,1,0.27289945,0.3833236,0.3437769
test-u0002283,0,1,0.26882866,0.38965777,0.3415135
test-u0002284,2,1,0.26904783,0.3806081,0.35034406
test-u0002285,0,1,0.26386216,0.38734856,0.34878933
test-u0002286,2,2,0.27456254,0.36226153,0.36317593
test-u0002287,0,1,0.25491467,0.3926684,0.3524169
test-u0002288,1,1,0.27681112,0.38109222,0.3420967
test-u0002289,0,2,0.311357,0.33698437,0.3516586
test-u0002290,0,1,0.29368183,0.35856262,0.3477556
test-u0002291,0,1,0.27757,0.3768915,0.3455386
test-u0002292,0,1,0.2725326,0.38485602,0.3426114
test-u0002293,1,1,0.2694283,0.3865552,0.34401646
test-u0002395,0,0,0.345569,0.32384074,0.3305903
test-u0002396,1,1,0.33812946,0.3575944,0.30427623
test-u0002397,0,1,0.3408433,0.35379687,0.3053598
test-u0002398,0,1,0.3162919,0.3488316,0.3348765
test-u0002399,0,1,0.32871935,0.36842763,0.30285305
test-u0002400,0,1,0.2920801,0.3594761,0.3484438
test-u0002401,0,2,0.31658491,0.33894742,0.34446773
test-u0002402,0,1,0.32086027,0.34031707,0.3388227
test-u0002403,2,1,0.28101906,0.3659118,0.3530691
test-u0002404,0,1,0.29183966,0.36223963,0.34592065
test-u0002405,1,1,0.29744425,0.35911968,0.34343597
test-u0002406,0,1,0.32721713,0.37197062,0.30081224
test-u0002407,0,0,0.3944507,0.29265374,0.31289545
test-u0002408,2,2,0.30599147,0.34631532,0.34769326
test-u0002409,2,2,0.32458898,0.31741464,0.3579964
test-u0002410,0,1,0.3066452,0.3477768,0.34557799
test-u0002411,2,2,0.30812114,0.3435173,0.34836158
test-u0002412,2,2,0.31162262,0.33742997,0.35094747
test-u0002479,2,1,0.32687846,0.3615838,0.31153777
test-u0002480,0,1,0.32864156,0.35575828,0.31560013
test-u0002481,2,1,0.32765636,0.35769576,0.31464788
test-u0002482,2,1,0.32687503,0.36135897,0.311766
test-u0002483,1,1,0.32715532,0.35514164,0.31770307
test-u0002484,2,1,0.32599705,0.3566536,0.31734937
test-u0002485,0,1,0.3275545,0.348184,0.32426158
test-u0002486,0,1,0.32668313,0.35421893,0.31909788
test-u0002579,1,1,0.29663667,0.36409843,0.33926493
test-u0002580,1,1,0.29177245,0.40291932,0.30530822
test-u0002581,1,1,0.2853673,0.40353778,0.31109482
test-u0002582,1,1,0.30000812,0.37492135,0.32507056
test-u0002583,1,1,0.28077012,0.38540563,0.3338242
test-u0002584,1,1,0.2884082,0.39743406,0.31415778
test-u0002585,1,1,0.28303528,0.39075053,0.32621416
test-u0002586,1,1,0.30497733,0.3933109,0.3017118
test-u0002587,0,1,0.30463964,0.38709605,0.30826434
test-u0002661,0,2,0.31795716,0.32907546,0.35296735
test-u0002662,1,2,0.32778588,0.32868943,0.3435247
test-u0002663,0,2,0.28897217,0.35500827,0.35601956
test-u0002664,2,2,0.323202,0.33775324,0.33904475
test-u0002665,2,2,0.29637817,0.35020003,0.3534218
test-u0002666,0,2,0.30891338,0.34125903,0.34982762
test-u0002667,2,2,0.3121059,0.33201772,0.35587636
test-u0002668,2,2,0.28574494,0.35334536,0.36090976
test-u0002669,2,2,0.29004312,0.34342083,0.36653605
test-u0002706,2,2,0.30284786,0.33515826,0.36199385
test-u0002707,1,2,0.30443582,0.33263204,0.36293218
test-u0002708,2,1,0.30062032,0.36301547,0.33636418
test-u0002709,1,1,0.30417633,0.353082,0.34274176
test-u0002710,1,1,0.29647526,0.36511442,0.33841035
test-u0002711,1,1,0.31501573,0.35888535,0.32609883
test-u0002712,1,1,0.3146447,0.35848576,0.32686958
test-u0002778,2,1,0.31680986,0.34172565,0.3414645
test-u0002779,2,1,0.32575518,0.36769176,0.30655304
test-u0002780,2,1,0.3319179,0.35611314,0.31196895
test-u0002781,1,0,0.3513749,0.3336308,0.31499434
test-u0002782,1,1,0.31033808,0.35583937,0.33382255
test-u0002783,1,1,0.32145932,0.34685677,0.33168393
test-u0002784,1,1,0.30255547,0.38600016,0.31144443
test-u0002862,1,1,0.3099079,0.37236965,0.3177225
test-u0002863,1,1,0.30677253,0.38424468,0.30898276
test-u0002864,0,1,0.31712034,0.37188664,0.31099305
test-u0002865,2,1,0.31132317,0.3837312,0.30494562
test-u0002866,2,2,0.32093835,0.332595,0.34646666
test-u0002867,1,1,0.30198458,0.37582642,0.322189
test-u0002868,1,1,0.30594456,0.37842977,0.31562567
test-u0002869,1,1,0.31437975,0.3711209,0.3144994
test-u0002870,1,1,0.30945045,0.37036428,0.32018527
test-u0002871,1,1,0.29921004,0.3756492,0.32514077
test-u0002872,0,1,0.30394855,0.3511143,0.34493718
test-u0002873,0,1,0.2993189,0.36168668,0.33899444
test-u0002874,2,1,0.32672954,0.35128105,0.32198945
test-u0002875,1,1,0.2917418,0.3591913,0.34906694
test-u0002876,2,1,0.2934883,0.37869278,0.3278189
test-u0002877,1,1,0.29260698,0.36702433,0.34036878
test-u0002878,1,1,0.2875953,0.36002293,0.35238168
test-u0002879,1,2,0.2929455,0.35163975,0.35541472
test-u0002975,0,1,0.3017741,0.3526345,0.3455914
test-u0002976,0,2,0.3123174,0.33661664,0.35106602
test-u0002977,1,2,0.31617922,0.33007643,0.3537444
test-u0002978,2,1,0.29946157,0.35742438,0.34311402
test-u0002979,2,1,0.30653924,0.35084787,0.3426128
test-u0002980,2,1,0.32018661,0.3449354,0.33487794
test-u0002981,1,1,0.293636,0.36739853,0.33896548
test-u0002982,1,1,0.29842806,0.35454956,0.34702238
test-u0002983,1,2,0.3126289,0.3328299,0.3545412
test-u0002984,1,1,0.2993685,0.3629963,0.33763522
test-u0002985,2,1,0.2976496,0.36365187,0.3386985
test-u0003014,1,1,0.26411387,0.39064237,0.34524375
test-u0003015,1,0,0.36922893,0.30034256,0.33042845
test-u0003016,2,0,0.34927386,0.30936164,0.34136453
test-u0003017,2,1,0.31851462,0.343013,0.33847237
test-u0003018,2,1,0.28677666,0.3603253,0.35289803
test-u0003019,0,1,0.2780046,0.38187057,0.34012488
test-u0003020,1,2,0.32234636,0.33326763,0.344386
test-u0003021,2,0,0.34481993,0.32437447,0.33080563
test-u0003022,1,2,0.33877912,0.30890214,0.3523188
test-u0003032,1,1,0.3052423,0.37843078,0.31632686
test-u0003033,2,2,0.29706863,0.33690053,0.3660308
test-u0003034,1,1,0.30288073,0.3773169,0.31980237
test-u0003035,2,2,0.31185532,0.3315496,0.35659513
test-u0003036,1,1,0.2829162,0.38753167,0.32955214
test-u0003129,1,1,0.3138645,0.37674984,0.30938572
test-u0003130,1,1,0.31687248,0.36457467,0.31855282
test-u0003131,1,1,0.32347077,0.3589214,0.31760776
test-u0003132,1,0,0.33944517,0.33136475,0.32919014
test-u0003133,1,1,0.31704935,0.3708805,0.3120702
test-u0003252,1,1,0.30891547,0.3552659,0.33581856
test-u0003253,2,1,0.33577722,0.34030873,0.32391408
test-u0003254,2,2,0.3254363,0.3348256,0.33973804
test-u0003255,1,1,0.3231395,0.33962044,0.3372401
test-u0003256,2,1,0.30548987,0.35511768,0.33939245
test-u0003257,1,1,0.30228367,0.35437065,0.34334573
test-u0003258,2,1,0.318359,0.34837076,0.3332702
test-u0003259,2,1,0.30572572,0.35263193,0.3416423
test-u0003260,2,2,0.31136975,0.34187454,0.34675568
test-u0003261,1,1,0.30586934,0.36795247,0.3261782
test-u0003262,2,1,0.3036687,0.3678255,0.3285058
test-u0003263,2,0,0.3399487,0.33688354,0.3231677
test-u0003264,1,2,0.2934445,0.3522689,0.35428658
test-u0003265,1,1,0.2971726,0.36473504,0.3380924
test-u0003266,1,1,0.2915487,0.36563656,0.34281477
test-u0003267,2,1,0.3384586,0.3423471,0.3191943
test-u0003275,1,2,0.2924933,0.35230383,0.35520282
test-u0003276,0,2,0.3341864,0.31623173,0.34958184
test-u0003277,0,0,0.3688733,0.29122508,0.33990166
test-u0003278,1,2,0.33964455,0.31347454,0.34688088
test-u0003279,1,2,0.3113893,0.3419572,0.3466535
test-u0003280,2,1,0.30707827,0.35117033,0.3417514
test-u0003281,0,2,0.3395529,0.30206794,0.35837922
test-u0003282,2,0,0.35903504,0.28355727,0.35740766
test-u0003283,1,2,0.31081587,0.34251586,0.34666833
test-u0003305,2,1,0.28642204,0.3686816,0.34489635
test-u0003306,2,1,0.31066072,0.36159158,0.32774767
test-u0003307,2,1,0.29242548,0.3704993,0.3370753
test-u0003308,2,1,0.2917371,0.38194788,0.32631508
test-u0003309,2,1,0.3025861,0.3733886,0.32402527
test-u0003310,2,1,0.28224173,0.37030995,0.34744838
test-u0003411,1,1,0.32580757,0.37944028,0.29475218
test-u0003412,2,1,0.33334664,0.35411927,0.31253415
test-u0003413,1,1,0.3338936,0.3579113,0.30819514
test-u0003414,0,1,0.32917362,0.3605478,0.31027853
test-u0003415,2,1,0.3336594,0.35212892,0.3142117
test-u0003416,1,2,0.36098796,0.2775151,0.36149687
test-u0003417,2,0,0.36840427,0.2844514,0.3471443
test-u0003446,0,2,0.32994777,0.32658193,0.3434703
test-u0003447,1,2,0.33001918,0.32717857,0.3428023
test-u0003448,0,1,0.30684218,0.35552967,0.33762816
test-u0003449,1,1,0.3075648,0.36001343,0.33242175
test-u0003450,1,1,0.30772793,0.3768195,0.3154525
test-u0003451,2,1,0.32143208,0.36983764,0.3087302
test-u0003452,1,1,0.3257075,0.36709553,0.30719694
test-u0003453,2,1,0.30521265,0.3725387,0.32224864
test-u0003454,2,1,0.31278947,0.366946,0.32026452
test-u0003455,2,1,0.32347268,0.34456906,0.33195826
test-u0003456,2,1,0.32127085,0.34588286,0.33284628
test-u0003457,2,1,0.30536327,0.37809104,0.31654572
test-u0003458,2,1,0.31855538,0.35324994,0.3281947
test-u0003459,2,1,0.29775366,0.3647635,0.33748278
test-u0003460,1,1,0.32416245,0.37557474,0.30026287
test-u0003461,1,2,0.32342112,0.32558638,0.35099244
test-u0003462,1,1,0.3083076,0.36588854,0.32580385
test-u0003463,1,1,0.3079232,0.36166918,0.33040756
test-u0003464,1,0,0.3499115,0.32858536,0.32150304
test-u0003465,1,1,0.29684293,0.3738503,0.32930678
test-u0003479,1,0,0.38935608,0.2618124,0.34883153
test-u0003480,2,2,0.3446198,0.30005872,0.3553215
test-u0003481,1,0,0.3894766,0.2665541,0.34396932
test-u0003482,1,2,0.32631004,0.32445845,0.3492315
test-u0003483,1,0,0.36827368,0.29025242,0.34147388
test-u0003484,1,0,0.35580778,0.3061837,0.33800855
test-u0003485,1,0,0.34666654,0.30728653,0.3460469
test-u0003486,1,0,0.35651028,0.3027439,0.34074575
test-u0003487,1,0,0.3424588,0.3219557,0.33558545
test-u0003488,0,0,0.35128754,0.32317784,0.3255346
test-u0003489,2,2,0.3342756,0.31156147,0.35416293
test-u0003490,1,0,0.39051285,0.2756201,0.33386713
test-u0003491,1,0,0.35931537,0.2830309,0.3576537
test-u0003729,2,1,0.32021332,0.34284985,0.33693683
test-u0003730,1,1,0.31184384,0.36402065,0.32413554
test-u0003731,1,1,0.31573486,0.38489646,0.29936868
test-u0003732,1,1,0.30836233,0.36797446,0.32366315
test-u0003733,1,1,0.30589613,0.35533494,0.33876887
test-u0003734,1,1,0.32488737,0.34452248,0.33059022
test-u0003735,2,1,0.31432703,0.35909823,0.32657474
test-u0003736,2,1,0.3079397,0.36244175,0.3296185
test-u0003737,2,1,0.31570712,0.36052483,0.32376805
test-u0003738,0,1,0.30436334,0.36000282,0.3356338
test-u0003739,0,1,0.30693674,0.4134764,0.2795868
test-u0003740,1,1,0.3109453,0.41591826,0.27313647
test-u0003741,2,1,0.3198145,0.40067458,0.2795109
test-u0003742,1,1,0.30835882,0.41004425,0.28159693
test-u0003743,1,1,0.30584708,0.42344588,0.27070698
test-u0003804,0,2,0.31741598,0.33925328,0.34333074
test-u0003805,1,1,0.3232607,0.33848017,0.33825922
test-u0003806,1,1,0.30330637,0.35686305,0.33983055
test-u0003807,1,1,0.2973822,0.35707507,0.34554273
test-u0003808,2,2,0.31765684,0.34111494,0.34122825
test-u0003831,1,1,0.27052078,0.36811066,0.36136857
test-u0003832,1,1,0.27423927,0.37082025,0.35494053
test-u0003833,1,1,0.2948362,0.35343555,0.3517283
test-u0003834,1,1,0.28995073,0.3593364,0.35071284
test-u0003835,1,1,0.31387913,0.35729137,0.32882956
test-u0003836,1,1,0.28724232,0.36466643,0.3480912
test-u0003837,1,2,0.28078353,0.3555146,0.36370185
test-u0003838,2,1,0.29646683,0.37220746,0.33132565
test-u0003839,1,1,0.30517042,0.35154295,0.34328663
test-u0003840,1,1,0.30063057,0.36437452,0.33499488
test-u0003841,1,1,0.280427,0.366867,0.35270596
test-u0003854,2,1,0.29098177,0.36188665,0.34713155
test-u0003855,2,1,0.29521737,0.3535687,0.3512139
test-u0003856,2,1,0.29472888,0.36301816,0.342253
test-u0003857,1,2,0.30159703,0.34327903,0.3551239
test-u0003858,0,2,0.31023937,0.33139652,0.35836408
test-u0003859,2,2,0.31482098,0.3365693,0.34860972
test-u0003860,2,2,0.3258494,0.31597596,0.35817465
test-u0003861,2,0,0.34251505,0.32705903,0.33042592
test-u0003862,0,2,0.34105557,0.31697774,0.34196666
test-u0003918,1,1,0.34214717,0.3672739,0.290579
test-u0003919,1,1,0.33863452,0.36684054,0.29452494
test-u0003920,1,1,0.34107187,0.37014964,0.28877845
test-u0003921,1,1,0.33753368,0.36728016,0.29518616
test-u0003922,1,1,0.34369403,0.3693718,0.28693414
test-u0003923,1,1,0.33669963,0.3624459,0.30085444
test-u0003924,1,1,0.33220127,0.36954442,0.29825428
test-u0003925,1,1,0.33712307,0.3731389,0.28973806
test-u0003926,1,1,0.33852527,0.37273857,0.28873622
test-u0003927,1,1,0.3359401,0.37101015,0.29304975
test-u0003928,1,1,0.3350892,0.3688772,0.29603353
test-u0004048,1,1,0.32778123,0.34168485,0.3305339
test-u0004049,2,2,0.33301938,0.33188954,0.33509108
test-u0004050,0,0,0.35340843,0.32289684,0.3236947
test-u0004051,1,1,0.3168006,0.37197676,0.31122264
test-u0004052,2,0,0.3529907,0.32935157,0.31765777
test-u0004053,1,0,0.3392988,0.33424783,0.32645336
test-u0004126,2,1,0.30770242,0.37280652,0.31949112
test-u0004127,2,1,0.32025796,0.36612058,0.3136215
test-u0004128,2,1,0.3094076,0.3753911,0.31520134
test-u0004129,1,1,0.3094076,0.3753911,0.31520134
test-u0004130,2,1,0.3075898,0.39958495,0.2928253
test-u0004131,2,1,0.3075898,0.39958495,0.2928253
test-u0004132,1,1,0.31510785,0.38744807,0.29744408
test-u0004133,2,1,0.30885032,0.3788656,0.31228408
test-u0004134,2,1,0.3214333,0.3704116,0.3081551
test-u0004135,1,1,0.33935925,0.35114157,0.30949917
test-u0004136,1,1,0.31521106,0.38830325,0.29648566
test-u0004149,1,1,0.32353568,0.38594717,0.29051712
test-u0004150,1,0,0.35183027,0.31505817,0.33311152
test-u0004151,2,1,0.3286256,0.34471154,0.3266628
test-u0004152,1,1,0.3091124,0.3582186,0.33266896
test-u0004153,2,0,0.34954557,0.3242679,0.3261865
test-u0004154,2,2,0.34180912,0.31470582,0.34348506
test-u0004155,0,0,0.34193394,0.3404337,0.31763235
test-u0004156,2,1,0.31654304,0.38069776,0.3027592
test-u0004157,1,1,0.321376,0.34889287,0.32973108
test-u0004158,1,1,0.31462198,0.3858176,0.2995604
test-u0004159,1,0,0.3617215,0.3046665,0.33361197
test-u0004160,1,1,0.30430627,0.35678902,0.3389047
test-u0004161,1,0,0.37749806,0.28626412,0.33623782
test-u0004162,2,0,0.37466472,0.30198655,0.3233488
test-u0004163,1,0,0.37747264,0.28925362,0.33327374
test-u0004164,1,0,0.3702981,0.30373245,0.32596946
test-u0004165,2,0,0.3653295,0.30514222,0.32952824
test-u0004166,2,0,0.37754354,0.29664025,0.3258162
test-u0004167,1,1,0.31325734,0.36300698,0.32373568
test-u0004175,1,1,0.34804145,0.35085154,0.30110708
test-u0004176,1,1,0.3370487,0.34843913,0.3145122
test-u0004177,1,1,0.34328464,0.36287796,0.2938373
test-u0004178,0,1,0.3404445,0.34560555,0.3139499
test-u0004179,2,1,0.32501906,0.36322132,0.31175962
test-u0004180,2,1,0.33680105,0.3527624,0.31043658
test-u0004181,2,1,0.3313414,0.35506734,0.31359127
test-u0004182,2,1,0.34252772,0.35856614,0.29890612
test-u0004183,2,1,0.3237611,0.372592,0.30364686
test-u0004184,0,1,0.34657347,0.35034415,0.30308244
test-u0004185,2,1,0.34135187,0.35354316,0.30510488
test-u0004186,1,1,0.3402094,0.350757,0.3090336
test-u0004187,2,1,0.34148967,0.3562411,0.30226922
test-u0004188,2,1,0.34058213,0.3537774,0.30564046
test-u0004189,0,1,0.33766183,0.35065022,0.31168795
test-u0004190,2,1,0.33308238,0.3586408,0.30827686
test-u0004191,1,1,0.31504735,0.3790001,0.3059525
test-u0004283,2,1,0.324382,0.36870137,0.30691668
test-u0004284,2,1,0.3322262,0.37938052,0.28839326
test-u0004285,1,1,0.32403445,0.3809981,0.29496744
test-u0004286,1,1,0.3183721,0.39260927,0.28901863
test-u0004287,1,1,0.33273283,0.34329882,0.32396835
test-u0004288,1,2,0.32153907,0.33303306,0.34542784
test-u0004289,2,1,0.32280508,0.35847706,0.31871787
test-u0004290,1,1,0.3224416,0.37493476,0.3026236
test-u0004291,1,1,0.3031769,0.3908165,0.3060066
test-u0004292,2,1,0.30811945,0.37529188,0.31658876
test-u0004293,1,1,0.32149664,0.35913268,0.31937075
test-u0004438,1,1,0.33121172,0.33880296,0.32998532
test-u0004439,1,1,0.31744272,0.3732275,0.30932975
test-u0004440,2,1,0.3201675,0.3766378,0.30319473
test-u0004441,2,1,0.32209185,0.3714888,0.30641937
test-u0004442,2,0,0.33697233,0.33350298,0.32952464
test-u0004443,0,2,0.31326073,0.34175697,0.3449823
test-u0004444,1,2,0.34152496,0.31339574,0.3450793
test-u0004445,1,0,0.34126008,0.3178598,0.34088013
test-u0004446,1,2,0.3289623,0.318691,0.35234672
test-u0004447,1,2,0.31797805,0.32883447,0.35318747
test-u0004448,1,2,0.32600507,0.3352785,0.33871642
test-u0004449,2,2,0.32154623,0.33570004,0.34275368
test-u0004486,1,1,0.30733755,0.36520502,0.3274575
test-u0004487,2,2,0.3253656,0.32855195,0.34608245
test-u0004488,2,1,0.31040084,0.3620474,0.3275517
test-u0004489,2,1,0.30729893,0.36604232,0.3266588
test-u0004490,2,0,0.3347488,0.3308619,0.33438933
test-u0004491,2,0,0.33564138,0.3330598,0.33129883
test-u0004640,0,2,0.2967085,0.3381695,0.36512205
test-u0004641,1,2,0.299382,0.32894284,0.37167516
test-u0004642,1,1,0.30496836,0.3629353,0.3320964
test-u0004643,1,1,0.30991232,0.36450508,0.32558256
test-u0004644,1,1,0.2979604,0.36160854,0.3404311
test-u0004645,0,1,0.31493953,0.36439458,0.32066593
test-u0004646,0,1,0.31493953,0.36439458,0.32066593
test-u0004647,2,1,0.30352986,0.3723417,0.32412848
test-u0004648,1,1,0.30352986,0.3723417,0.32412848
test-u0004649,1,1,0.29466256,0.38718298,0.3181545
test-u0004663,2,1,0.31461704,0.3900322,0.29535076
test-u0004664,2,1,0.31202397,0.38780317,0.30017287
test-u0004665,0,1,0.32574975,0.35816017,0.3160901
test-u0004666,2,1,0.31871292,0.39057732,0.29070973
test-u0004667,1,1,0.32216647,0.3835881,0.29424542
test-u0004668,1,1,0.3228166,0.3843319,0.2928515
test-u0004669,1,1,0.31859824,0.3932139,0.28818792
test-u0004670,1,1,0.3186298,0.39547244,0.28589776
test-u0004671,1,1,0.3225137,0.387957,0.28952935
test-u0004672,1,1,0.3342498,0.37882164,0.28692856
test-u0004673,1,1,0.32836974,0.3854254,0.2862048
test-u0004674,1,0,0.3453304,0.33369106,0.3209786
test-u0004735,1,1,0.2931801,0.35445875,0.35236108
test-u0004736,1,1,0.29399958,0.35616478,0.34983566
test-u0004737,1,1,0.28888416,0.35714868,0.35396722
test-u0004738,2,1,0.28532055,0.3680349,0.34664452
test-u0004739,1,1,0.2907592,0.36362216,0.34561864
test-u0004740,2,2,0.3255819,0.32580706,0.3486111
test-u0004741,1,2,0.2918305,0.34413156,0.364038
test-u0004892,0,0,0.39598572,0.264647,0.33936727
test-u0004893,0,0,0.41368407,0.24415323,0.3421626
test-u0004894,0,0,0.46116418,0.20753571,0.33130008
test-u0004895,2,1,0.33804217,0.35281712,0.30914074
test-u0004896,2,2,0.32763475,0.3322987,0.3400665
test-u0004897,2,2,0.3365481,0.3105205,0.35293138
test-u0004898,1,1,0.32953003,0.347485,0.32298493
test-u0004899,2,0,0.42904127,0.2574324,0.31352633
test-u0004900,2,0,0.4037727,0.27716932,0.31905803
test-u0004962,2,2,0.32890192,0.32968765,0.34141043
test-u0004963,0,1,0.3261103,0.33895952,0.33493015
test-u0004964,1,2,0.30407226,0.34653386,0.34939384
test-u0004965,1,1,0.31974003,0.34193942,0.3383206
test-u0004966,2,1,0.31932518,0.34738457,0.33329025
test-u0004967,1,2,0.31176317,0.33900774,0.3492291
test-u0004968,1,2,0.30952013,0.3408674,0.3496125
test-u0004969,1,2,0.31066623,0.3390249,0.3503089
test-u0004970,2,1,0.31823328,0.34356594,0.33820075
test-u0004971,2,2,0.31582195,0.33633798,0.34784007
test-u0004972,2,2,0.32392892,0.3287892,0.34728196
test-u0004973,1,2,0.3148987,0.33946157,0.34563977
test-u0004974,2,2,0.30235767,0.346152,0.35149032
test-u0004975,1,2,0.30902237,0.34417298,0.34680468
test-u0004976,0,2,0.3071327,0.3389623,0.35390502
test-u0004977,1,2,0.31213924,0.33541122,0.3524495
test-u0004978,2,2,0.32383108,0.32422534,0.35194352
test-u0005020,2,2,0.34467012,0.3038547,0.35147524
test-u0005021,1,1,0.3036278,0.34886774,0.34750447
test-u0005022,2,2,0.32119823,0.32494116,0.3538606
test-u0005023,2,2,0.31893072,0.33011553,0.3509538
test-u0005024,2,2,0.3184721,0.3292343,0.35229364
test-u0005025,1,1,0.2778442,0.37608325,0.34607258
test-u0005026,0,2,0.3332473,0.32012153,0.34663114
test-u0005027,1,2,0.31863433,0.337898,0.3434677
test-u0005028,2,2,0.32419327,0.32907704,0.3467297
test-u0005058,2,1,0.3334353,0.33977988,0.32678488
test-u0005059,2,1,0.32068473,0.34523147,0.33408386
test-u0005060,1,1,0.30144778,0.35371923,0.344833
test-u0005061,2,1,0.29399186,0.35953668,0.34647137
test-u0005062,2,1,0.3076782,0.35467625,0.33764562
test-u0005063,2,2,0.3301476,0.31756252,0.3522899
test-u0005064,0,2,0.3350078,0.3137395,0.35125273
test-u0005065,0,1,0.29628938,0.36397448,0.3397361
test-u0005066,0,1,0.29746726,0.3677294,0.33480334
