sample_id,y_true,y_pred,prob_negative,prob_neutral,prob_positive
0,1,1,0.2983357,0.3913958,0.3102685
1,2,2,0.2533775,0.32952777,0.41709477
2,0,0,0.40934488,0.29359275,0.2970624
3,0,0,0.41137296,0.2983547,0.29027233
4,0,2,0.27975488,0.34972537,0.37051976
5,1,2,0.25598848,0.35648704,0.3875245
6,1,1,0.23459223,0.41404974,0.351358
7,1,1,0.22823457,0.4194275,0.35233793
8,1,1,0.2329653,0.397217,0.36981773
9,0,0,0.3421394,0.3208048,0.33705577
10,2,1,0.28452206,0.39261115,0.32286686
11,0,2,0.23935527,0.3540476,0.40659705
12,1,2,0.25599965,0.33832675,0.4056736
13,1,1,0.29156402,0.39504063,0.31339532
14,0,2,0.27015272,0.36433265,0.3655147
15,1,1,0.2838591,0.40645048,0.30969036
16,0,1,0.28487647,0.36143458,0.35368896
17,0,0,0.40099606,0.2991829,0.2998211
18,0,2,0.3171417,0.29707396,0.38578436
19,0,1,0.33850467,0.35267454,0.30882075
20,1,0,0.39313802,0.31186688,0.294995
21,1,2,0.29718658,0.33279857,0.37001482
22,2,1,0.239875,0.41415948,0.3459655
23,0,1,0.3461442,0.36169595,0.2921598
24,1,1,0.22807708,0.4103369,0.36158597
25,2,1,0.24415563,0.38559243,0.37025198
26,2,2,0.25828585,0.3650138,0.37670034
27,1,1,0.25694335,0.41078424,0.33227235
28,0,1,0.22516689,0.42739913,0.34743398
29,2,1,0.25053915,0.43116754,0.31829324
30,0,1,0.24377234,0.4299771,0.32625055
31,1,2,0.3120081,0.32188213,0.36610973
32,1,1,0.25032482,0.43415996,0.31551522
33,1,0,0.358179,0.32172728,0.32009375
34,1,0,0.39155534,0.32289028,0.2855544
35,1,0,0.41633484,0.30108762,0.28257757
36,0,0,0.40938333,0.30615848,0.28445822
37,0,1,0.32787403,0.37345535,0.29867056
38,0,2,0.31081787,0.30854362,0.38063854
39,0,2,0.33391163,0.29260802,0.3734804
40,1,0,0.37439874,0.30275193,0.3228494
41,2,0,0.3564693,0.32165608,0.32187462
42,0,0,0.4253808,0.29854608,0.27607307
43,0,1,0.2782767,0.38801163,0.33371168
44,1,2,0.32784304,0.29461274,0.37754416
45,0,0,0.39981005,0.27385446,0.32633546
46,1,0,0.38032916,0.31538397,0.3042868
47,0,1,0.33542964,0.3555429,0.30902743
48,1,1,0.32892695,0.36242226,0.3086508
49,0,1,0.3191658,0.35691354,0.32392067
50,2,1,0.32053706,0.3727131,0.30674988
51,1,1,0.30075037,0.39180598,0.30744368
52,1,1,0.31636307,0.38316238,0.30047455
53,1,0,0.36357474,0.31964868,0.31677663
54,1,0,0.44223928,0.28851792,0.26924276
55,2,0,0.43282646,0.26799583,0.2991777
56,0,0,0.44148472,0.3270634,0.23145182
57,0,1,0.34975836,0.38289538,0.26734635
58,0,1,0.34975836,0.38289538,0.26734635
59,0,1,0.31045014,0.39199898,0.29755092
60,1,1,0.2765894,0.38469905,0.3387116
61,1,1,0.25245017,0.40916198,0.3383878
62,1,1,0.25245017,0.40916198,0.3383878
63,1,1,0.3014455,0.37056902,0.32798547
64,1,1,0.2667083,0.41498378,0.3183079
65,2,1,0.30904567,0.3606978,0.33025658
66,0,1,0.26151493,0.40319517,0.33528987
67,0,1,0.2344782,0.42748794,0.33803385
68,0,1,0.26035944,0.4000714,0.33956918
69,0,1,0.28146517,0.36861154,0.34992325
70,2,1,0.26189512,0.3998274,0.33827752
71,1,1,0.25441653,0.38531283,0.36027062
72,0,1,0.2856746,0.39857545,0.31574997
73,0,1,0.30222788,0.40140134,0.29637074
74,0,2,0.27170977,0.34712055,0.3811697
75,0,2,0.25200343,0.3574689,0.3905277
76,1,1,0.29218656,0.4149093,0.29290414
77,1,0,0.35086852,0.32799295,0.3211385
78,1,1,0.2756507,0.4300663,0.29428297
79,0,0,0.4315751,0.28935906,0.27906585
80,2,0,0.42736307,0.31107342,0.26156348
81,1,0,0.37313542,0.3248496,0.30201504
82,0,0,0.38403353,0.32746142,0.28850508
83,1,0,0.45143032,0.27899486,0.26957482
84,0,1,0.32442972,0.35553437,0.3200359
85,0,0,0.37329474,0.33618885,0.29051632
86,0,0,0.39348066,0.3255591,0.28096023
87,0,0,0.6036361,0.19454922,0.20181471
88,1,0,0.37872362,0.29726553,0.32401082
89,0,0,0.3476891,0.33101884,0.32129204
90,0,0,0.42708427,0.29392946,0.27898625
91,0,0,0.44541076,0.27349707,0.2810921
92,0,0,0.3849393,0.34272602,0.27233478
93,0,0,0.43776733,0.26718223,0.29505032
94,0,0,0.37399948,0.310288,0.31571248
95,0,0,0.42703274,0.3327013,0.24026598
96,0,1,0.3314694,0.39514983,0.2733808
97,0,0,0.3728803,0.31169224,0.31542742
98,0,0,0.43410012,0.27088222,0.2950177
99,0,0,0.39772546,0.28678426,0.3154903
100,0,0,0.35805508,0.3222004,0.31974462
101,0,0,0.4383276,0.24516638,0.31650597
102,0,0,0.38512972,0.30478126,0.31008902
103,0,0,0.37020642,0.35203552,0.27775803
104,0,1,0.34233013,0.37019742,0.2874725
105,0,1,0.26704788,0.41269156,0.3202606
106,0,1,0.3347046,0.34186134,0.32343403
107,0,2,0.25963432,0.3520822,0.38828355
108,0,2,0.26680964,0.35353124,0.37965906
109,0,1,0.2820079,0.36322755,0.3547645
110,0,1,0.22665851,0.43255776,0.34078377
111,0,1,0.26769704,0.4033583,0.32894468
112,2,1,0.27064598,0.38998845,0.3393655
113,0,1,0.24182604,0.4119475,0.34622642
114,0,1,0.2734374,0.39045107,0.3361115
115,2,1,0.21925181,0.42323652,0.35751164
116,1,1,0.21738103,0.40962893,0.37299004
117,0,1,0.22334951,0.42052546,0.35612503
118,0,1,0.27891096,0.42546442,0.29562455
119,0,1,0.22376639,0.43288955,0.3433441
120,0,2,0.29806393,0.33595434,0.3659817
121,1,1,0.262077,0.39230895,0.34561402
122,0,0,0.39771342,0.35413635,0.24815027
123,2,1,0.33118743,0.3988512,0.26996142
124,0,0,0.3881046,0.35952654,0.2523689
125,0,1,0.33808237,0.38999322,0.27192444
126,0,1,0.3687162,0.37813178,0.25315195
127,0,1,0.31395176,0.40598884,0.28005937
128,1,1,0.352441,0.3706174,0.2769416
129,0,0,0.3929889,0.35973033,0.2472808
130,1,0,0.37205157,0.36020425,0.2677442
131,1,1,0.37094632,0.37419614,0.2548575
132,0,0,0.3714221,0.36274603,0.26583183
133,0,0,0.37345323,0.36932632,0.2572205
134,0,0,0.35565463,0.32486337,0.31948194
135,1,0,0.43790865,0.27792928,0.28416204
136,1,1,0.31451833,0.40339506,0.28208667
137,0,0,0.4362485,0.30027944,0.26347205
138,1,0,0.39203924,0.29766357,0.31029713
139,1,1,0.31677017,0.39252615,0.29070368
140,1,0,0.3914929,0.29820687,0.31030014
141,1,0,0.3477231,0.33792365,0.31435332
142,1,0,0.37368578,0.31178766,0.3145266
143,1,0,0.38932088,0.29931802,0.31136113
144,1,0,0.3457022,0.33326334,0.3210344
145,1,0,0.3457022,0.33326334,0.3210344
146,0,0,0.3792752,0.30726,0.3134648
147,2,0,0.40755635,0.3297593,0.26268432
148,2,0,0.40755635,0.3297593,0.26268432
149,0,0,0.45772386,0.2676928,0.27458334
150,2,0,0.45988017,0.262631,0.2774888
151,0,0,0.41045094,0.27748826,0.31206083
152,0,0,0.3419459,0.33700883,0.32104528
153,0,0,0.3480429,0.33161482,0.32034227
154,0,0,0.4073702,0.30516532,0.28746453
155,1,1,0.3622462,0.37751478,0.2602391
156,0,1,0.2775738,0.3755966,0.34682956
157,0,0,0.40042135,0.32244602,0.27713254
158,0,1,0.3226574,0.37202492,0.30531764
159,0,2,0.30828455,0.32485136,0.3668641
160,0,1,0.23979501,0.43235335,0.32785162
161,1,1,0.28019807,0.36529756,0.35450438
162,1,1,0.27276388,0.40106082,0.3261753
163,0,1,0.31493962,0.38338915,0.3016713
164,1,1,0.25663212,0.4246593,0.31870854
165,1,0,0.40012294,0.29884508,0.301032
166,2,0,0.36738598,0.3014459,0.33116806
167,2,0,0.36000353,0.32262322,0.3173732
168,1,0,0.36196798,0.32087895,0.317153
169,2,0,0.3628202,0.3201998,0.31697994
170,0,1,0.326824,0.34439397,0.328782
171,1,2,0.29828846,0.3500865,0.35162494
172,1,0,0.35698026,0.32329163,0.31972802
173,1,0,0.3684474,0.31505385,0.31649885
174,0,1,0.27567932,0.39421982,0.33010086
175,0,0,0.373378,0.35485786,0.27176416
176,0,0,0.35124257,0.32297963,0.32577777
177,1,0,0.4072089,0.27247792,0.32031316
178,1,0,0.42231807,0.28975824,0.2879236
179,1,0,0.38711163,0.27725798,0.33563036
180,1,1,0.33372498,0.35991296,0.30636203
181,0,0,0.42065594,0.24511218,0.33423182
182,2,0,0.39189145,0.24222437,0.3658842
183,2,0,0.39081165,0.2578342,0.35135412
184,2,0,0.35460126,0.31036106,0.33503765
185,2,0,0.4237247,0.24096127,0.335314
186,1,1,0.2732863,0.4132072,0.31350645
187,0,1,0.28614455,0.39427105,0.31958437
188,2,0,0.47711205,0.28567156,0.23721634
189,1,1,0.32311425,0.3672782,0.3096076
190,1,0,0.34746873,0.3056345,0.34689677
191,2,1,0.298691,0.39346606,0.30784303
192,1,0,0.42747962,0.2583052,0.31421518
193,1,1,0.33780906,0.3418136,0.32037738
194,0,2,0.318217,0.32154948,0.36023352
195,2,1,0.29607666,0.3739358,0.32998756
196,2,1,0.25884202,0.42174134,0.3194166
197,2,0,0.3538418,0.3469707,0.29918742
198,1,0,0.41557032,0.22160959,0.36282006
199,1,0,0.42958492,0.22723961,0.34317553
200,0,0,0.39572668,0.24765152,0.35662183
201,2,1,0.34454244,0.35221675,0.3032408
202,0,1,0.34539273,0.37118644,0.28342083
203,0,0,0.4561383,0.27541277,0.26844895
204,1,0,0.45463166,0.29135272,0.2540156
205,0,0,0.41628346,0.29082572,0.29289085
206,2,0,0.37361023,0.32291323,0.30347645
207,2,1,0.28051212,0.38146168,0.33802617
208,2,0,0.4239981,0.2742122,0.3017897
209,2,0,0.39874056,0.32421574,0.27704376
210,0,0,0.39201367,0.29676834,0.31121796
211,2,0,0.39028308,0.29813567,0.31158122
212,2,0,0.41877326,0.31667942,0.2645473
213,0,0,0.40836346,0.32255012,0.26908645
214,0,0,0.36501926,0.30357975,0.33140093
215,1,0,0.37135264,0.29805046,0.3305969
216,0,0,0.5034424,0.25482786,0.24172975
217,0,0,0.4323034,0.27812248,0.28957412
218,1,0,0.3653645,0.3179737,0.31666183
219,1,0,0.37974185,0.26987988,0.3503783
220,0,0,0.38912565,0.2590156,0.35185876
221,0,2,0.34806627,0.25924098,0.39269277
222,2,0,0.430369,0.27938205,0.29024884
223,0,0,0.37949768,0.32319808,0.2973042
224,0,0,0.4878364,0.27056688,0.24159682
225,2,0,0.37841874,0.30747974,0.3141015
226,0,1,0.30566502,0.3734399,0.32089508
227,2,1,0.31638184,0.35491934,0.32869884
228,0,0,0.36957458,0.31514746,0.31527793
229,0,0,0.37172243,0.31196347,0.31631413
230,0,0,0.45366004,0.26577264,0.2805673
231,1,0,0.43951854,0.26443818,0.2960432
232,1,1,0.3336639,0.34760302,0.31873307
233,2,0,0.47163332,0.25206456,0.27630216
234,2,1,0.3265589,0.35246104,0.32098007
235,2,0,0.4275882,0.2823716,0.29004022
236,2,1,0.34753233,0.3610445,0.2914232
237,2,0,0.46545133,0.2642281,0.27032053
238,1,0,0.48743874,0.25364596,0.2589153
239,2,0,0.42130217,0.27655625,0.30214155
240,0,0,0.39124095,0.35157046,0.25718865
241,2,0,0.4253222,0.28291053,0.29176724
242,1,0,0.46284395,0.2550227,0.28213328
243,2,1,0.34616342,0.37547538,0.2783613
244,2,1,0.34616342,0.37547538,0.2783613
245,1,0,0.5868116,0.1904959,0.2226925
246,0,1,0.29564548,0.3617507,0.34260374
247,0,0,0.4513648,0.30449873,0.24413651
248,2,0,0.3864072,0.32552844,0.28806442
249,1,0,0.5016761,0.2510261,0.24729785
250,1,0,0.4828623,0.2809458,0.23619191
251,1,0,0.47258368,0.2809406,0.24647568
252,1,0,0.42156422,0.31235316,0.26608258
253,1,0,0.37221572,0.34098133,0.28680298
254,1,0,0.5266615,0.23468083,0.2386577
255,1,0,0.37327483,0.3412053,0.28551996
256,0,0,0.36463895,0.3179731,0.31738794
257,2,0,0.44820613,0.316376,0.2354179
258,0,0,0.36233357,0.31943026,0.3182362
259,0,0,0.39386308,0.27855247,0.32758442
260,1,0,0.3457389,0.32390723,0.33035392
261,2,0,0.41609693,0.301422,0.28248107
262,1,0,0.40666357,0.29349205,0.29984444
263,2,0,0.45328352,0.26512665,0.28158984
264,0,0,0.38769153,0.2985929,0.31371558
265,1,0,0.48238596,0.2584196,0.25919446
266,0,0,0.49466538,0.26277524,0.24255934
267,1,0,0.42332432,0.2730598,0.3036159
268,1,0,0.41930956,0.29238948,0.28830102
269,2,0,0.4060203,0.30726853,0.2867112
270,2,0,0.45066416,0.27691483,0.27242097
271,0,2,0.31970805,0.31633738,0.3639546
272,0,0,0.35462558,0.32645276,0.31892166
273,0,0,0.38344133,0.31945914,0.29709953
274,0,0,0.42460072,0.29522976,0.2801695
275,0,0,0.37587148,0.36000538,0.2641231
276,2,0,0.3720496,0.37162536,0.2563251
277,2,0,0.4499292,0.2783732,0.27169758
278,2,0,0.4512304,0.289844,0.25892553
279,2,0,0.38780642,0.3003535,0.31184
280,0,0,0.4290005,0.27769613,0.2933034
281,2,0,0.38572535,0.33326426,0.2810104
282,0,0,0.4091299,0.33702683,0.25384325
283,0,0,0.4061725,0.28205904,0.3117684
284,2,0,0.4389258,0.27870128,0.28237295
285,1,1,0.25271896,0.4043513,0.34292972
286,0,0,0.39701262,0.3537374,0.24924996
287,1,0,0.35954577,0.32276028,0.31769404
288,1,0,0.37228632,0.3222721,0.30544156
289,2,0,0.35409105,0.3393868,0.30652222
290,1,0,0.35686013,0.32515475,0.31798515
291,1,1,0.29947662,0.36900982,0.33151352
292,0,2,0.3359502,0.3278448,0.33620504
293,1,0,0.35235372,0.32849646,0.31914976
294,1,0,0.37818712,0.30827522,0.3135376
295,0,0,0.41176078,0.25892487,0.32931432
296,0,0,0.41416377,0.2270038,0.35883245
297,1,0,0.3730207,0.3113388,0.31564048
298,1,0,0.39152735,0.29779503,0.31067765
299,1,0,0.3683979,0.31565574,0.31594637
300,0,0,0.35382858,0.3077953,0.33837613
301,1,0,0.35180762,0.31650817,0.33168417
302,2,1,0.3469088,0.3560841,0.29700717
303,2,1,0.30866772,0.389175,0.30215725
304,0,2,0.29390275,0.33823434,0.36786294
305,0,2,0.34728357,0.2987668,0.3539496
306,2,2,0.31510383,0.30585212,0.37904403
307,2,1,0.29645234,0.39028955,0.3132581
308,0,2,0.253886,0.3587536,0.38736036
309,0,0,0.39974272,0.25335956,0.34689775
310,0,1,0.33448565,0.3408222,0.32469216
311,1,1,0.237148,0.3997976,0.36305442
312,2,1,0.28432548,0.39140064,0.32427385
313,1,0,0.3695609,0.34070185,0.28973725
314,2,0,0.3745618,0.30209988,0.32333833
315,2,1,0.3077833,0.3865033,0.3057134
316,2,1,0.32324082,0.38445127,0.29230797
317,0,0,0.40413895,0.2980025,0.2978585
318,2,0,0.4198337,0.25549766,0.3246687
319,2,0,0.35406137,0.3468108,0.29912782
320,0,0,0.4251153,0.33080012,0.2440846
321,0,0,0.4947716,0.2485183,0.25671008
322,2,0,0.4658745,0.27340335,0.26072216
323,1,0,0.5033367,0.23379464,0.26286858
324,1,1,0.24036196,0.40368897,0.35594907
325,0,0,0.43745854,0.2841876,0.2783539
326,1,0,0.40071127,0.3129344,0.28635436
327,2,1,0.24138711,0.41749603,0.3411169
328,1,1,0.28836685,0.38062623,0.33100685
329,0,0,0.3572622,0.32293105,0.31980675
330,0,2,0.3274864,0.30024022,0.3722734
331,0,1,0.3388177,0.36312667,0.29805568
332,0,1,0.2541644,0.4230469,0.32278875
333,0,2,0.31382313,0.31903434,0.3671426
334,0,0,0.39167476,0.26595518,0.34237012
335,0,1,0.24884787,0.377363,0.37378916
336,0,1,0.25149202,0.3826873,0.36582074
337,2,1,0.29814988,0.3918332,0.3100169
338,0,1,0.29801822,0.37488925,0.3270926
339,0,1,0.31752333,0.39760724,0.2848694
340,0,1,0.2983426,0.39455482,0.30710253
341,0,0,0.34510595,0.33367804,0.32121602
342,0,1,0.24196632,0.42167675,0.336357
343,0,0,0.36818168,0.35467792,0.2771404
344,1,1,0.29230592,0.4166393,0.2910548
345,0,0,0.3545987,0.3264195,0.31898186
346,0,0,0.46282107,0.26403677,0.27314213
347,0,0,0.45609775,0.249906,0.2939963
348,1,1,0.3416868,0.3772211,0.2810922
349,1,0,0.3889912,0.3325925,0.27841625
350,0,1,0.3523717,0.35635152,0.2912768
351,1,1,0.3334659,0.39073882,0.27579528
352,1,1,0.35947376,0.3723021,0.26822412
353,0,1,0.3148338,0.39122817,0.29393804
354,1,1,0.34843382,0.3757451,0.2758211
355,0,1,0.34605348,0.37847164,0.2754749
356,1,1,0.34018525,0.38206434,0.27775034
357,1,1,0.35760012,0.37765434,0.2647455
358,1,1,0.30150488,0.3848851,0.31361005
359,1,1,0.30150488,0.3848851,0.31361005
360,2,1,0.34465384,0.37194777,0.2833984
361,2,0,0.39246348,0.34486467,0.26267183
362,2,1,0.32148874,0.38468206,0.2938292
363,1,1,0.35586783,0.38544226,0.2586899
364,2,1,0.32328022,0.3882777,0.28844202
365,2,1,0.29386938,0.41069084,0.29543975
366,1,1,0.31738624,0.3490281,0.33358568
367,0,1,0.33711118,0.35829765,0.30459115
368,1,1,0.32361263,0.38061863,0.29576868
369,0,1,0.29054478,0.39861453,0.31084076
370,0,1,0.29958883,0.38204226,0.31836894
371,1,0,0.35659254,0.34011418,0.30329332
372,1,1,0.33301556,0.37893313,0.28805128
373,0,1,0.31682855,0.37844384,0.3047276
374,0,1,0.30851674,0.37435573,0.3171275
375,1,1,0.30256322,0.36262617,0.33481055
376,1,1,0.33890176,0.37499046,0.2861078
377,0,0,0.43511978,0.25095737,0.31392285
378,2,0,0.42590305,0.26376238,0.31033456
379,2,0,0.46975565,0.2626315,0.26761284
380,1,0,0.523929,0.22457695,0.2514941
381,0,0,0.4694808,0.2514173,0.27910194
382,0,0,0.4241159,0.27593485,0.29994923
383,0,0,0.43825284,0.2472297,0.31451744
384,0,0,0.4263436,0.2846233,0.28903306
385,1,0,0.43384695,0.27158013,0.29457292
386,2,0,0.42009178,0.2692194,0.3106888
387,0,0,0.3992278,0.29151046,0.3092617
388,0,0,0.44039515,0.26217908,0.29742578
389,0,0,0.41059852,0.28068104,0.3087205
390,1,0,0.35205948,0.32233134,0.32560918
391,0,0,0.53318495,0.1924393,0.2743758
392,1,0,0.38164642,0.36042196,0.2579317
393,1,0,0.38584515,0.34255368,0.27160114
394,0,0,0.3910881,0.29903573,0.3098762
395,2,1,0.35410184,0.37564903,0.2702491
396,2,1,0.3513943,0.37154236,0.27706334
397,1,1,0.3377397,0.3420495,0.32021078
398,1,0,0.37317523,0.3696149,0.25720987
399,0,0,0.4462403,0.26043496,0.2933248
400,1,0,0.36928365,0.3497263,0.28099012
401,0,0,0.36080444,0.28868547,0.35051003
402,1,2,0.294539,0.31174594,0.39371505
403,0,0,0.4136277,0.23496717,0.35140508
404,0,2,0.31737685,0.30079198,0.38183114
405,2,2,0.30175102,0.31663436,0.38161469
406,0,0,0.35848692,0.34879082,0.29272228
407,0,0,0.3710911,0.36074826,0.26816064
408,0,0,0.36222744,0.35827258,0.27949998
409,2,0,0.41660696,0.2970299,0.2863631
410,0,0,0.36028376,0.31134212,0.32837415
411,1,0,0.36618906,0.30778047,0.3260305
412,1,0,0.38145718,0.30495894,0.31358388
413,2,1,0.2988244,0.3705864,0.33058923
414,2,2,0.30140904,0.33405122,0.36453974
415,2,1,0.31132418,0.36461815,0.32405764
416,2,2,0.28939852,0.3208715,0.38972995
417,2,2,0.2823096,0.3260758,0.39161456
418,2,2,0.29882213,0.31269476,0.38848305
419,2,2,0.29689658,0.34394836,0.35915506
420,2,2,0.2915532,0.3368961,0.3715507
421,2,2,0.32629728,0.306185,0.36751768
422,2,2,0.29543248,0.3383192,0.36624828
423,2,0,0.38512075,0.30342147,0.31145772
424,0,2,0.3324978,0.32639444,0.3411078
425,2,0,0.4276355,0.27504605,0.2973185
426,2,1,0.32725924,0.40260547,0.27013528
427,2,1,0.3338758,0.3630876,0.30303663
428,2,0,0.40432316,0.2535978,0.34207907
429,1,0,0.34989944,0.34798533,0.30211532
430,2,0,0.35957518,0.29687136,0.34355342
431,2,0,0.3717244,0.2801031,0.34817252
432,2,0,0.37130708,0.28619495,0.342498
433,2,0,0.3898276,0.269223,0.34094942
434,2,0,0.41981554,0.2732637,0.30692083
435,2,0,0.39678073,0.2487601,0.35445917
436,0,0,0.37299997,0.29599944,0.3310006
437,2,0,0.34925485,0.3074893,0.3432559
438,2,0,0.46302652,0.273762,0.2632115
439,0,2,0.35989493,0.2776639,0.3624411
440,0,0,0.36816645,0.27208322,0.35975033
441,0,0,0.3693562,0.27192006,0.3587238
442,1,0,0.36714107,0.2804544,0.3524045
443,0,2,0.31467584,0.31202233,0.37330186
444,2,2,0.34602457,0.30280274,0.3511727
445,2,0,0.6002021,0.17327955,0.22651838
446,2,0,0.38012072,0.30548468,0.3143946
447,2,0,0.60154665,0.1735296,0.22492376
448,1,0,0.57127535,0.1924004,0.23632431
449,2,0,0.40107316,0.29033065,0.3085962
450,2,0,0.5928118,0.1720372,0.23515092
451,2,0,0.4008562,0.29016075,0.30898306
452,1,0,0.35726255,0.32232362,0.32041386
453,1,0,0.3705654,0.3121195,0.31731498
454,1,0,0.49892527,0.23679166,0.26428318
455,1,0,0.3733848,0.31019065,0.31642452
456,1,0,0.3891486,0.32084137,0.29001
457,2,0,0.36764392,0.3147246,0.31763148
458,1,0,0.4848016,0.17480642,0.34039202
459,0,0,0.4848016,0.17480642,0.34039202
460,0,0,0.45887944,0.19230165,0.34881893
461,1,0,0.43118033,0.23866032,0.3301593
462,1,0,0.39868316,0.29139876,0.30991802
463,1,0,0.41485137,0.30099666,0.28415194
464,0,0,0.38319767,0.23606817,0.3807341
465,2,0,0.38319767,0.23606817,0.3807341
466,1,1,0.31024048,0.3977171,0.29204246
467,2,0,0.35854188,0.34178323,0.29967484
468,0,1,0.29787672,0.36877793,0.33334532
469,0,1,0.23645955,0.42249388,0.3410466
470,2,1,0.23645955,0.42249388,0.3410466
471,2,1,0.32460815,0.3411812,0.33421066
472,1,0,0.35791287,0.3229261,0.319161
473,0,0,0.3914618,0.33363736,0.27490082
474,2,1,0.2396246,0.42052597,0.3398495
475,1,1,0.2396246,0.42052597,0.3398495
476,1,1,0.2372728,0.425449,0.33727822
477,1,1,0.24061482,0.4353389,0.32404625
478,0,1,0.25719005,0.41321564,0.3295943
479,1,1,0.22559513,0.42127126,0.35313368
480,0,1,0.22760515,0.41874826,0.3536466
481,0,0,0.38176405,0.32520038,0.29303557
482,0,0,0.3848291,0.31566924,0.29950163
483,1,2,0.3505062,0.2961306,0.35336328
484,1,0,0.3967877,0.28021815,0.32299417
485,2,1,0.31526905,0.35108876,0.33364215
486,1,0,0.3489611,0.32529312,0.3257457
487,1,2,0.31459853,0.33758116,0.34782028
488,0,1,0.24357983,0.43458048,0.32183972
489,0,0,0.3425816,0.33361,0.32380843
490,0,1,0.26201698,0.38122082,0.3567622
491,2,2,0.24368146,0.34281406,0.41350448
492,0,0,0.37091318,0.28709403,0.34199277
493,0,2,0.3043676,0.3192136,0.3764188
494,1,2,0.25696844,0.34465116,0.39838046
495,1,1,0.21892159,0.40612623,0.37495217
496,1,1,0.23611078,0.43311045,0.33077872
497,2,1,0.2887052,0.40004385,0.31125095
498,2,1,0.2892804,0.40879607,0.30192348
499,1,1,0.2308623,0.40613288,0.36300477
500,1,2,0.34086856,0.2785036,0.3806279
501,2,2,0.29097545,0.34871966,0.3603048
502,0,1,0.22573186,0.3968607,0.37740737
503,1,1,0.2828169,0.3934315,0.3237516
504,1,1,0.23459573,0.4056281,0.3597762
505,2,1,0.23115979,0.3977652,0.37107497
506,1,1,0.23007542,0.40454328,0.36538127
507,1,0,0.3394152,0.3354744,0.32511035
508,1,1,0.27036142,0.41769555,0.31194308
509,1,1,0.26117265,0.4221147,0.3167126
510,2,0,0.44924536,0.2972541,0.2535005
511,2,1,0.23329176,0.38898516,0.3777231
512,1,1,0.22647095,0.41475388,0.35877517
513,0,0,0.4715986,0.28246838,0.24593307
514,2,1,0.26254296,0.43878683,0.2986702
515,0,2,0.24384335,0.3682836,0.38787296
516,1,1,0.3505914,0.37142745,0.27798113
517,2,0,0.38705522,0.34742135,0.26552343
518,1,0,0.37124476,0.30371967,0.3250355
519,2,0,0.3463736,0.3160308,0.33759558
520,1,0,0.38613436,0.2893342,0.3245315
521,2,1,0.29265147,0.38089302,0.3264555
522,1,0,0.44981602,0.2596208,0.29056326
523,0,1,0.33030602,0.38260254,0.28709143
524,1,1,0.26336184,0.42250156,0.3141366
525,0,1,0.324986,0.38756925,0.2874447
526,0,1,0.3163204,0.39122015,0.2924595
527,1,0,0.34552684,0.33217806,0.32229507
528,1,0,0.34398398,0.33247307,0.32354298
529,0,0,0.4501615,0.23833182,0.31150672
530,1,0,0.38023233,0.2970845,0.32268322
531,2,1,0.22432688,0.41366914,0.36200395
532,2,0,0.40831867,0.323573,0.26810843
533,0,0,0.39449927,0.33588293,0.2696178
534,1,1,0.28247377,0.40044728,0.3170789
535,1,1,0.27688095,0.37249154,0.35062748
536,0,1,0.27688095,0.37249154,0.35062748
537,2,1,0.30974114,0.3537247,0.33653414
538,1,1,0.23563096,0.42525977,0.33910924
539,2,1,0.27179116,0.36497775,0.363231
540,1,2,0.24273796,0.36886933,0.38839275
541,1,2,0.30255863,0.30510852,0.39233288
542,1,2,0.31855685,0.28738558,0.3940575
543,2,1,0.2977759,0.3848683,0.31735584
544,2,0,0.4165998,0.28019503,0.30320516
545,1,0,0.36945218,0.30952272,0.32102507
546,1,0,0.40591842,0.29061753,0.30346397
547,0,0,0.44462582,0.28490525,0.2704689
548,0,0,0.40297046,0.31570923,0.28132027
549,0,0,0.43157697,0.27092123,0.29750177
550,2,0,0.4708103,0.2592752,0.26991448
551,1,0,0.3876968,0.30347738,0.30882576
552,1,0,0.4671608,0.26098484,0.27185446
553,0,0,0.41909647,0.29569107,0.2852124
554,0,0,0.37582615,0.30952176,0.31465206
555,1,0,0.421026,0.2796561,0.2993178
556,0,0,0.46790153,0.26575974,0.26633868
557,0,1,0.31172785,0.38155523,0.30671692
558,1,0,0.37628406,0.33750588,0.2862101
559,0,0,0.40369844,0.31705758,0.27924395
560,0,0,0.46845475,0.2636519,0.26789337
561,0,0,0.4211629,0.29747412,0.28136298
562,1,0,0.40866446,0.31374007,0.27759546
563,1,0,0.38144302,0.34601104,0.2725459
564,1,0,0.42544594,0.29815114,0.27640292
565,1,0,0.3965162,0.32358018,0.27990362
566,1,0,0.36635563,0.348894,0.2847504
567,1,0,0.4418723,0.30078351,0.25734416
568,1,0,0.44129896,0.28452176,0.27417925
569,1,0,0.49027568,0.25450164,0.2552227
570,2,0,0.4491219,0.28354377,0.26733434
571,1,0,0.60921186,0.13663788,0.25415024
572,1,0,0.5250236,0.20820555,0.2667709
573,0,0,0.38609722,0.30177468,0.312128
574,1,0,0.41815382,0.30628005,0.2755661
575,2,0,0.45259565,0.23733363,0.31007072
576,1,0,0.49098298,0.26026365,0.24875332
577,0,1,0.3531813,0.35792994,0.28888872
578,1,0,0.34535334,0.33634737,0.31829923
579,1,0,0.34535334,0.33634737,0.31829923
580,0,0,0.3584101,0.32471207,0.3168779
581,2,0,0.3519292,0.33032507,0.31774583
582,0,0,0.40530774,0.34243485,0.2522574
583,0,1,0.33213076,0.39069736,0.27717194
584,0,1,0.33628502,0.37598827,0.28772673
585,0,1,0.33628502,0.37598827,0.28772673
586,0,0,0.4073713,0.3239798,0.26864886
587,0,0,0.446102,0.2685019,0.28539607
588,0,0,0.42960322,0.28073815,0.28965858
589,0,0,0.37668675,0.30861485,0.3146984
590,0,0,0.3799989,0.3067651,0.31323597
591,0,1,0.3394351,0.34615973,0.31440514
592,2,0,0.5037742,0.27684695,0.21937883
593,2,0,0.5037742,0.27684695,0.21937883
594,0,0,0.48655686,0.24168715,0.27175596
595,2,0,0.43278617,0.27456984,0.29264393
596,0,0,0.34699604,0.33112615,0.3218778
597,0,0,0.5318494,0.18934603,0.27880466
598,1,0,0.44352436,0.2789184,0.27755725
599,0,0,0.35273364,0.32607365,0.32119268
600,0,0,0.40056503,0.2770674,0.32236758
601,0,0,0.37862384,0.29718652,0.3241896
602,0,0,0.38590503,0.3066239,0.30747113
603,0,0,0.4606963,0.28023773,0.25906596
604,0,0,0.44598612,0.22677787,0.32723603
605,2,2,0.2976195,0.3282254,0.37415504
606,0,0,0.41856536,0.22993088,0.3515038
607,1,1,0.32320753,0.37204102,0.3047515
608,1,0,0.4073968,0.32630056,0.2663026
609,0,0,0.4491712,0.28470302,0.2661257
610,0,0,0.37398493,0.35652587,0.26948917
611,1,1,0.3519739,0.35395908,0.29406703
612,0,0,0.44215152,0.23554002,0.32230848
613,0,0,0.3708849,0.35473996,0.27437514
614,0,0,0.3739032,0.3462342,0.2798626
615,0,1,0.3461065,0.35318485,0.30070865
616,1,0,0.36171028,0.34897307,0.2893167
617,0,0,0.4179262,0.34008354,0.2419902
618,0,1,0.35518923,0.36184803,0.28296274
619,0,0,0.3740596,0.33551896,0.29042143
620,0,0,0.40048647,0.29115334,0.30836016
621,0,0,0.40556216,0.29445073,0.29998714
622,1,0,0.37881032,0.3315991,0.2895906
623,1,0,0.37881032,0.3315991,0.2895906
624,2,0,0.3700158,0.31452882,0.3154554
625,0,0,0.40065226,0.25663465,0.3427131
626,0,0,0.38279536,0.2796815,0.33752313
627,0,0,0.4173401,0.2812381,0.30142185
628,0,0,0.37801227,0.30681133,0.31517634
629,0,2,0.34632513,0.28446242,0.36921245
630,0,0,0.37516,0.28500542,0.3398345
631,1,0,0.36209458,0.3387584,0.29914704
632,0,1,0.22508366,0.4387417,0.3361747
633,1,1,0.2997697,0.35195267,0.34827763
634,0,0,0.3568054,0.30494925,0.33824533
635,1,1,0.2514399,0.4022259,0.3463342
636,1,0,0.39062485,0.33941728,0.26995784
637,0,2,0.3336988,0.3130734,0.35322776
638,0,0,0.38367784,0.32634306,0.28997913
639,0,2,0.27252325,0.35973343,0.36774328
640,0,2,0.25401643,0.36148113,0.38450238
641,0,1,0.2938853,0.35355583,0.3525589
642,2,2,0.2500994,0.329775,0.42012563
643,0,1,0.2348388,0.40413868,0.36102256
644,0,1,0.22399996,0.4258481,0.35015196
645,0,1,0.22577381,0.42722592,0.34700027
646,0,1,0.22554442,0.41691598,0.3575396
647,2,1,0.27017766,0.37867826,0.35114405
648,1,1,0.2433667,0.38485512,0.37177816
649,1,1,0.23447247,0.3954047,0.37012285
650,0,1,0.22299287,0.42741424,0.3495929
651,1,1,0.2751768,0.37372965,0.3510936
652,0,1,0.220008,0.44047147,0.3395205
653,0,1,0.22522578,0.43228325,0.34249097
654,0,1,0.2213372,0.44043824,0.33822456
655,1,1,0.31741795,0.36365414,0.31892785
656,0,1,0.22371824,0.43042085,0.34586087
657,2,1,0.23695508,0.4275269,0.3355181
658,0,1,0.29189736,0.38413426,0.32396838
659,2,1,0.23047735,0.41957322,0.34994945
660,1,0,0.34982392,0.33559763,0.31457847
661,1,2,0.25377986,0.36096978,0.38525036
662,1,1,0.23752382,0.42807862,0.33439752
663,2,2,0.36978483,0.2581928,0.37202233
664,0,1,0.26666242,0.41818386,0.31515363
665,2,2,0.2812217,0.33525762,0.38352075
666,0,2,0.2812217,0.33525762,0.38352075
667,2,2,0.26993027,0.32475364,0.4053161
668,0,1,0.23380399,0.41232282,0.35387313
669,0,1,0.23380399,0.41232282,0.35387313
670,0,1,0.23721115,0.40301365,0.35977525
671,0,2,0.2630786,0.33480012,0.40212134
672,0,2,0.2630786,0.33480012,0.40212134
673,2,0,0.3825006,0.25623122,0.36126825
674,0,2,0.25549877,0.3473609,0.39714035
675,0,2,0.28826222,0.34877765,0.3629602
676,0,2,0.28138608,0.3141306,0.4044833
677,1,0,0.3475816,0.3319629,0.32045543
678,0,0,0.3483466,0.33204108,0.31961232
679,1,2,0.357307,0.27501014,0.36768278
680,1,0,0.3543175,0.31234577,0.33333677
681,2,0,0.3943048,0.2766965,0.32899868
682,2,0,0.41625145,0.28235677,0.30139178
683,2,0,0.384547,0.29886612,0.31658685
684,0,2,0.31175792,0.30712205,0.38112
685,0,2,0.27745444,0.33480722,0.3877383
686,0,1,0.2855726,0.37635192,0.33807546
687,2,2,0.3113258,0.33267304,0.3560011
688,0,2,0.32087043,0.28482497,0.3943045
689,0,1,0.2425694,0.40897596,0.34845462
690,0,1,0.2425694,0.40897596,0.34845462
691,0,2,0.31919223,0.31930798,0.3614997
692,0,1,0.30874187,0.3687093,0.3225488
693,2,1,0.25304005,0.4052423,0.34171766
694,2,2,0.3024204,0.32457396,0.37300563
695,0,1,0.3072891,0.3657981,0.32691282
696,0,0,0.38827413,0.26634017,0.34538576
697,0,0,0.4287789,0.23672846,0.33449256
698,0,2,0.27969888,0.3460943,0.37420684
699,0,0,0.34827846,0.31810704,0.33361444
700,0,0,0.35683268,0.30696905,0.33619824
701,1,0,0.36719048,0.30659655,0.326213
702,2,2,0.33946425,0.30125564,0.35928008
703,0,1,0.33249894,0.3523452,0.31515577
704,0,0,0.375069,0.33342797,0.291503
705,2,2,0.35449716,0.2909108,0.354592
706,2,0,0.39987034,0.26523176,0.33489797
707,0,0,0.3670683,0.33066812,0.3022636
708,2,2,0.2921828,0.34428334,0.36353385
709,0,0,0.4207505,0.33025274,0.24899675
710,0,0,0.34431717,0.33309,0.32259288
711,2,1,0.33053735,0.34973723,0.31972545
712,0,0,0.48184887,0.2673936,0.2507576
713,1,0,0.40446243,0.33258846,0.2629491
714,0,0,0.40416127,0.29080236,0.30503634
715,0,1,0.32953948,0.36532676,0.30513382
716,0,1,0.2652061,0.43008965,0.30470422
717,2,1,0.31732816,0.36826834,0.3144034
718,2,1,0.322452,0.34119013,0.33635786
719,0,1,0.3095046,0.3991193,0.29137608
720,0,0,0.41316158,0.29664904,0.29018933
721,1,0,0.41233996,0.33109874,0.25656125
722,2,0,0.4282189,0.31203783,0.25974327
723,2,0,0.40805644,0.33004904,0.26189446
724,2,0,0.40088138,0.3045563,0.29456237
725,0,1,0.30034098,0.38590112,0.31375793
726,0,0,0.3865278,0.29149708,0.32197514
727,1,0,0.35980225,0.29818037,0.34201738
728,0,1,0.29191038,0.37178513,0.3363045
729,2,1,0.2735973,0.36454216,0.3618605
730,1,1,0.2331531,0.41585207,0.35099477
731,0,1,0.26848125,0.39826107,0.33325768
732,0,1,0.3303727,0.36475483,0.30487248
733,0,0,0.40385208,0.29121485,0.30493304
734,0,0,0.40385208,0.29121485,0.30493304
735,0,0,0.3996459,0.30382293,0.2965312
736,0,1,0.3099232,0.38832876,0.30174804
737,1,0,0.3646781,0.35002348,0.2852984
738,1,0,0.35487562,0.32821557,0.3169088
739,1,0,0.42132595,0.2942106,0.28446344
740,1,1,0.3471823,0.37240958,0.28040805
741,1,1,0.33481857,0.35229495,0.31288642
742,1,1,0.34855285,0.37969336,0.2717538
743,1,1,0.33824265,0.342934,0.31882334
744,1,0,0.37722796,0.32724923,0.29552284
745,1,0,0.38174865,0.3145971,0.3036543
746,1,1,0.31751728,0.3616773,0.3208054
747,1,1,0.32802206,0.373101,0.2988769
748,0,0,0.40460053,0.2894179,0.30598158
749,1,0,0.42068934,0.2909165,0.28839415
750,0,0,0.4809284,0.240029,0.2790426
751,2,0,0.45706454,0.28466153,0.2582739
752,1,0,0.35738838,0.32319766,0.31941393
753,1,0,0.4358378,0.3019152,0.26224694
754,1,0,0.45042717,0.2793254,0.27024743
755,0,1,0.3355952,0.3474919,0.31691295
756,2,1,0.312153,0.37282798,0.31501904
757,2,1,0.32902518,0.33676007,0.33421472
758,1,0,0.37149054,0.3070862,0.32142323
759,1,0,0.38168558,0.2909741,0.32734028
760,0,0,0.3707569,0.3081968,0.3210463
761,2,0,0.4413787,0.25687328,0.30174804
762,1,0,0.4314551,0.30492494,0.26361996
763,1,0,0.39494848,0.3318788,0.2731727
764,2,0,0.39494848,0.3318788,0.2731727
765,2,0,0.38348007,0.34894085,0.26757914
766,1,0,0.45294073,0.30591682,0.24114247
767,2,0,0.45294073,0.30591682,0.24114247
768,1,0,0.41975343,0.26536906,0.31487745
769,1,0,0.38868552,0.27541807,0.3358964
770,1,0,0.39531204,0.2997318,0.30495614
771,1,0,0.38119224,0.31193882,0.3068689
772,0,0,0.43708742,0.25828663,0.30462593
773,1,0,0.40975875,0.31520975,0.27503154
774,1,0,0.41417298,0.3215421,0.26428494
775,1,0,0.43476555,0.27128202,0.29395244
776,0,0,0.34882557,0.3219827,0.32919174
777,2,0,0.42177922,0.31073192,0.26748884
778,1,0,0.36793715,0.35512656,0.27693632
779,1,0,0.36646992,0.31611025,0.3174198
780,1,2,0.2874719,0.34354997,0.36897814
781,1,0,0.50672626,0.23791236,0.25536138
782,1,2,0.3209621,0.32313395,0.35590395
783,2,1,0.3071461,0.37740397,0.31544995
784,1,0,0.39005604,0.30538324,0.3045607
785,1,0,0.34236297,0.31738505,0.34025204
786,0,0,0.347608,0.33205503,0.32033694
787,0,0,0.40478277,0.30910656,0.28611073
788,1,0,0.38620532,0.30117157,0.31262317
789,2,0,0.38620532,0.30117157,0.31262317
790,0,0,0.42195785,0.27573827,0.30230388
791,0,0,0.4899363,0.21586509,0.29419863
792,0,0,0.3602359,0.34334996,0.2964142
793,1,1,0.3082371,0.3668092,0.32495373
794,1,1,0.3082371,0.3668092,0.32495373
795,1,2,0.33125725,0.30139005,0.36735272
796,1,0,0.37409216,0.30608335,0.31982455
797,1,0,0.3587062,0.32314715,0.31814662
798,1,0,0.41715288,0.2685605,0.31428665
799,1,0,0.3539702,0.32694685,0.31908295
800,1,0,0.38585308,0.304226,0.30992085
801,1,0,0.35192952,0.32971737,0.31835315
802,0,0,0.34563488,0.33595812,0.31840706
803,0,0,0.35485244,0.32535055,0.31979704
804,1,0,0.35485244,0.32535055,0.31979704
805,2,0,0.38872108,0.29352015,0.31775874
806,0,0,0.3698061,0.30612168,0.32407218
807,2,0,0.36143214,0.32386404,0.31470382
808,1,2,0.27544576,0.30793944,0.41661474
809,1,0,0.35119104,0.32741034,0.32139862
810,1,1,0.2281119,0.41632512,0.355563
811,1,1,0.25866747,0.39681998,0.34451252
812,1,1,0.2642961,0.4228343,0.3128696
813,1,1,0.27417332,0.4186728,0.30715385
814,1,1,0.30253726,0.41206765,0.28539503
815,1,1,0.25085962,0.42160657,0.3275338
816,1,0,0.36439836,0.35017666,0.28542492
817,0,0,0.36439836,0.35017666,0.28542492
818,0,0,0.35979712,0.32209444,0.31810847
819,2,1,0.30690607,0.3924832,0.3006107
820,2,0,0.3390142,0.33850533,0.32248053
821,1,1,0.3335997,0.34237576,0.3240246
822,2,0,0.34602797,0.33151528,0.32245678
823,2,1,0.32146952,0.38161862,0.29691184
824,1,1,0.3286183,0.3785598,0.2928219
825,1,1,0.32532838,0.38002744,0.29464415
826,2,1,0.3296731,0.38096872,0.28935823
827,1,0,0.38190776,0.34867927,0.2694129
828,1,0,0.39302424,0.33091488,0.27606088
829,2,0,0.39302424,0.33091488,0.27606088
830,1,1,0.33852926,0.36941415,0.29205653
831,0,1,0.32766822,0.37129328,0.3010385
832,0,0,0.40321982,0.31207335,0.28470677
833,0,1,0.30533028,0.37874842,0.31592125
834,0,1,0.29853702,0.37585148,0.3256116
835,2,0,0.36155057,0.33355528,0.30489418
836,0,0,0.35875028,0.32886338,0.31238633
837,2,0,0.34582338,0.3307373,0.3234393
838,2,0,0.3573723,0.32313076,0.3194969
839,2,2,0.33766398,0.30728352,0.35505247
840,2,0,0.3637635,0.28483915,0.3513973
841,0,2,0.33000615,0.30952838,0.36046553
842,1,0,0.37535995,0.27471682,0.34992325
843,1,0,0.35335857,0.30574867,0.34089273
844,0,0,0.4029021,0.3494475,0.24765043
845,2,0,0.40928665,0.32660526,0.26410815
846,0,0,0.35323218,0.34216416,0.30460367
847,2,1,0.3386787,0.3389317,0.32238957
848,2,0,0.35521615,0.3435174,0.30126655
849,1,0,0.3934851,0.29180917,0.31470576
850,2,0,0.3627306,0.33508378,0.30218562
851,0,1,0.31451657,0.38334736,0.30213606
852,1,0,0.3618834,0.3422993,0.29581726
853,1,0,0.3632904,0.35886934,0.27784023
854,1,0,0.3589373,0.35150135,0.28956133
855,1,0,0.4484611,0.277888,0.2736509
856,1,0,0.45292708,0.28073618,0.26633677
857,2,0,0.39026642,0.32664818,0.28308538
858,1,0,0.38934472,0.34103116,0.26962408
859,1,0,0.3669091,0.31603193,0.31705898
860,1,0,0.36018273,0.32126912,0.31854817
861,1,1,0.33327624,0.34049064,0.3262331
862,1,0,0.34516498,0.33642706,0.31840795
863,2,0,0.35568678,0.32597604,0.31833726
864,2,0,0.3572595,0.32474235,0.31799805
865,2,0,0.3556414,0.3261884,0.31817028
866,0,0,0.3513834,0.33098698,0.3176297
867,1,1,0.33973935,0.3437287,0.31653196
868,0,0,0.36930296,0.28593975,0.34475735
869,0,1,0.30918077,0.3821605,0.30865872
870,1,0,0.36239973,0.3198046,0.31779563
871,1,1,0.2956867,0.41575047,0.28856283
872,0,1,0.3070653,0.37862775,0.3143069
873,2,1,0.3055579,0.3544377,0.34000432
874,2,1,0.23094514,0.43605304,0.3330018
875,1,0,0.401121,0.35098493,0.24789408
876,2,0,0.4051719,0.26707783,0.3277502
877,1,1,0.24597755,0.39555305,0.35846946
878,1,1,0.26015407,0.44034293,0.29950297
879,1,1,0.30788842,0.35050395,0.34160766
880,1,1,0.33951178,0.36393616,0.29655212
881,1,0,0.46725753,0.28862885,0.2441137
882,1,0,0.35912696,0.32978302,0.31109002
883,2,1,0.31716904,0.3802359,0.30259505
884,1,1,0.23578416,0.44379824,0.32041758
885,0,1,0.24995509,0.43212268,0.31792232
886,1,1,0.24649705,0.44087163,0.3126313
887,1,1,0.3304248,0.36592835,0.3036469
888,0,1,0.2581897,0.4273254,0.31448492
889,1,1,0.25315124,0.43352944,0.31331933
890,1,1,0.2718544,0.42394495,0.30420065
891,2,2,0.33700016,0.2859074,0.37709242
892,2,2,0.3414583,0.2942326,0.36430904
893,2,0,0.34960327,0.3206086,0.32978815
894,1,2,0.34525746,0.30704114,0.34770137
895,2,1,0.29143846,0.36689985,0.34166166
896,1,2,0.3211675,0.31141374,0.36741868
897,2,1,0.24496986,0.4177411,0.33728904
898,1,1,0.27718842,0.3679781,0.35483357
899,2,2,0.30163985,0.31093904,0.38742104
900,1,2,0.30378127,0.31446362,0.3817551
901,2,1,0.29329625,0.37712088,0.3295829
902,2,2,0.31240326,0.33830452,0.34929222
903,0,2,0.3084928,0.31140015,0.38010707
904,2,2,0.33823085,0.314438,0.34733123
905,2,2,0.29929256,0.34813812,0.35256934
906,2,1,0.27488402,0.37722597,0.34789002
907,1,2,0.2991233,0.32438985,0.37648687
908,0,1,0.24766381,0.40765792,0.34467828
909,1,2,0.29733583,0.3111804,0.39148375
910,0,2,0.25239614,0.35922834,0.38837555
911,2,1,0.2514918,0.38251144,0.36599678
912,2,1,0.3022556,0.35863632,0.3391081
913,1,1,0.25441468,0.39400598,0.3515794
914,0,2,0.32585004,0.32790756,0.34624237
915,1,2,0.28295875,0.34507996,0.3719613
916,0,2,0.31942698,0.32043454,0.36013854
917,1,1,0.2426142,0.40858823,0.34879765
918,1,2,0.33006123,0.31141838,0.35852033
919,1,2,0.32949078,0.3200777,0.3504316
920,1,1,0.2832917,0.36786228,0.34884602
921,1,1,0.29018766,0.36524716,0.34456515
922,1,2,0.30885354,0.31802997,0.3731165
923,1,1,0.22229676,0.3976109,0.38009232
924,0,2,0.2763118,0.34381354,0.37987462
925,2,0,0.37364352,0.31012103,0.31623545
926,0,0,0.39039698,0.29794037,0.31166264
927,2,0,0.44282097,0.29047772,0.26670134
928,0,0,0.38310248,0.303388,0.31350955
929,0,0,0.370162,0.31306866,0.31676927
930,2,0,0.39809912,0.29192752,0.30997333
931,1,1,0.33466697,0.33873466,0.3265984
932,1,0,0.5436804,0.21970575,0.23661388
933,0,0,0.55924344,0.2232246,0.21753195
934,2,0,0.41009808,0.28366658,0.30623528
935,2,0,0.39579833,0.29364902,0.31055278
936,2,0,0.632508,0.1802295,0.18726245
937,1,1,0.32240367,0.37037843,0.30721787
938,1,0,0.40886706,0.34105211,0.25008082
939,0,0,0.5331808,0.24273467,0.2240845
940,0,0,0.38733476,0.34354445,0.2691208
941,2,1,0.29004645,0.38723743,0.3227162
942,0,1,0.31319335,0.355316,0.33149067
943,0,1,0.34684482,0.34999713,0.30315804
944,1,1,0.30627847,0.3613019,0.33241963
945,0,1,0.33503535,0.3644492,0.30051547
946,1,1,0.3433491,0.35064074,0.30601016
947,0,0,0.35227552,0.33078858,0.31693587
948,0,0,0.36431032,0.32011238,0.3155773
949,0,0,0.36862972,0.31439754,0.31697273
950,0,0,0.3769466,0.3099414,0.31311202
951,0,1,0.2872719,0.4194205,0.29330763
952,0,0,0.36225843,0.3196943,0.31804723
953,1,0,0.502107,0.17038618,0.3275068
954,1,0,0.48254552,0.17609829,0.34135625
955,1,1,0.31969693,0.3777415,0.30256155
956,0,0,0.36867875,0.3143936,0.31692764
957,0,0,0.3676407,0.3168266,0.31553262
958,1,0,0.35670477,0.32466197,0.31863326
959,0,0,0.34701478,0.33315253,0.31983265
960,0,0,0.34782997,0.3322605,0.3199095
961,0,1,0.35050452,0.3816725,0.267823
962,0,0,0.36312333,0.32087803,0.31599864
963,2,0,0.35981458,0.3218745,0.31831092
964,0,0,0.36751333,0.3437676,0.28871903
965,2,0,0.35548607,0.32667118,0.31784275
966,2,0,0.34441978,0.33624294,0.31933734
967,0,0,0.48269236,0.25868195,0.25862578
968,1,0,0.48269236,0.25868195,0.25862578
969,0,0,0.4397419,0.32175353,0.23850453
970,0,0,0.4483262,0.28311688,0.26855695
971,0,0,0.45271492,0.28192532,0.26535973
972,0,0,0.50100785,0.24862477,0.2503674
973,0,0,0.4942127,0.23679465,0.2689927
974,0,0,0.3769208,0.30283973,0.32023945
975,0,2,0.2571124,0.3557897,0.38709792
976,2,0,0.3577127,0.3182316,0.32405567
977,0,1,0.29166812,0.36732176,0.3410101
978,0,2,0.29493716,0.30811363,0.39694917
979,0,1,0.30656996,0.35768172,0.33574834
980,0,1,0.34349656,0.34803027,0.3084731
981,1,2,0.27547523,0.35465008,0.36987463
982,0,0,0.33748996,0.3354414,0.3270686
983,0,1,0.304367,0.35761055,0.3380224
984,0,0,0.41271266,0.3202197,0.26706767
985,0,0,0.4308107,0.28247324,0.2867161
986,0,1,0.33007386,0.35556,0.31436613
987,0,0,0.4336185,0.2725455,0.293836
988,0,1,0.2643219,0.4084557,0.32722238
989,0,0,0.36826047,0.35720757,0.274532
990,0,1,0.28720665,0.39372337,0.31906992
991,0,1,0.28267905,0.40827128,0.30904973
992,1,1,0.28768647,0.38132176,0.3309918
993,2,1,0.2734225,0.41264528,0.3139322
994,0,0,0.40473366,0.283058,0.31220838
995,0,2,0.2948556,0.34208673,0.36305764
996,0,0,0.4674824,0.28494748,0.24757013
997,0,0,0.37078205,0.2963134,0.33290455
998,0,1,0.25873673,0.41778448,0.32347882
999,0,1,0.28131375,0.39757034,0.3211159
1000,0,0,0.49889037,0.26956767,0.23154196
1001,1,0,0.49889037,0.26956767,0.23154196
1002,0,0,0.37725598,0.30913702,0.31360698
1003,1,0,0.37725598,0.30913702,0.31360698
1004,1,0,0.38904694,0.2994587,0.31149438
1005,0,0,0.3840276,0.3032691,0.3127033
1006,1,1,0.2970668,0.40531054,0.29762265
1007,0,1,0.32935187,0.3612632,0.30938497
1008,0,0,0.38633135,0.3263557,0.287313
1009,0,0,0.40708414,0.32011655,0.2727993
1010,0,2,0.33969074,0.3056956,0.35461372
1011,0,1,0.25771084,0.39652538,0.34576377
1012,0,0,0.4374481,0.28212115,0.2804308
1013,0,2,0.2874787,0.3542998,0.3582215
1014,0,2,0.2874787,0.3542998,0.3582215
1015,0,0,0.38290763,0.30967638,0.307416
1016,2,0,0.40690535,0.24854188,0.3445527
1017,2,0,0.39223614,0.26067626,0.34708753
1018,2,0,0.39607608,0.27160832,0.33231562
1019,2,0,0.3975151,0.25900462,0.3434803
1020,2,2,0.32873604,0.33144704,0.33981693
1021,2,1,0.2594118,0.40506643,0.33552176
1022,0,0,0.38561228,0.2717816,0.34260607
1023,0,0,0.4099423,0.26713496,0.32292283
1024,0,0,0.4099423,0.26713496,0.32292283
1025,0,1,0.3371461,0.36276367,0.3000902
1026,2,0,0.362248,0.29856125,0.33919075
1027,1,2,0.32731935,0.32917863,0.343502
1028,2,0,0.36966723,0.28523383,0.3450989
1029,0,0,0.3626739,0.3152421,0.322084
1030,1,1,0.3117516,0.37723294,0.31101543
1031,0,1,0.27803814,0.38500863,0.33695322
1032,0,1,0.2762399,0.3996193,0.3241408
1033,1,1,0.25487545,0.41708684,0.3280377
1034,0,1,0.29491502,0.38778877,0.31729618
1035,0,1,0.28312925,0.40163708,0.3152337
1036,0,1,0.29848146,0.39924157,0.30227703
1037,0,1,0.2608028,0.4155271,0.32367012
1038,0,1,0.296813,0.37918264,0.32400435
1039,0,1,0.26512334,0.3997411,0.33513558
1040,0,0,0.37744644,0.35890532,0.2636483
1041,2,0,0.37744644,0.35890532,0.2636483
1042,0,2,0.30485883,0.32026577,0.3748754
1043,0,1,0.2924055,0.4260494,0.28154513
1044,0,1,0.34845617,0.38775173,0.26379204
1045,0,0,0.61797315,0.16098988,0.22103699
1046,2,0,0.46147096,0.16798459,0.37054446
1047,0,0,0.53514445,0.21925415,0.24560143
1048,0,0,0.45698974,0.28140712,0.2616031
1049,2,0,0.46482563,0.27501774,0.2601566
1050,2,0,0.4114903,0.28298935,0.3055204
1051,2,1,0.27724776,0.39987963,0.32287264
1052,1,1,0.31953844,0.3798019,0.30065966
1053,1,1,0.2740171,0.43009785,0.29588512
1054,2,1,0.2802579,0.41360605,0.30613604
1055,2,1,0.25212085,0.43954715,0.30833203
1056,0,1,0.25196624,0.41016546,0.3378683
1057,2,1,0.28831887,0.39186344,0.31981766
1058,2,1,0.2869816,0.42327425,0.28974408
1059,2,1,0.32915407,0.34038934,0.33045655
1060,0,1,0.32073978,0.34283894,0.3364213
1061,1,1,0.24602094,0.41128555,0.34269348
1062,2,1,0.28301919,0.3748996,0.34208116
1063,1,1,0.27026784,0.41078132,0.31895083
1064,1,1,0.27923632,0.41641423,0.3043494
1065,2,1,0.25130787,0.43011296,0.3185793
1066,1,0,0.37267905,0.29512563,0.33219534
1067,2,0,0.36128822,0.29062453,0.34808725
1068,2,0,0.36128822,0.29062453,0.34808725
1069,0,1,0.3181045,0.35282403,0.32907146
1070,1,1,0.29257458,0.39105418,0.31637126
1071,1,0,0.47006583,0.25043783,0.27949634
1072,1,0,0.4323167,0.21155225,0.3561311
1073,2,0,0.3576569,0.33914268,0.30320036
1074,1,0,0.38494286,0.3263681,0.28868902
1075,1,0,0.38936898,0.3105906,0.30004042
1076,1,1,0.33740476,0.35955483,0.30304042
1077,1,1,0.33237955,0.3547075,0.3129129
1078,0,0,0.4179765,0.31557614,0.26644734
1079,2,0,0.407394,0.26374167,0.32886434
1080,2,2,0.34214905,0.2810388,0.37681216
1081,1,2,0.35387835,0.2758466,0.37027502
1082,2,0,0.35747,0.31652847,0.3260015
1083,2,0,0.35975257,0.32702136,0.31322604
1084,2,1,0.2231849,0.4112149,0.36560023
1085,2,1,0.28431836,0.40255362,0.313128
1086,1,1,0.29365125,0.40094882,0.30539986
1087,1,1,0.31170857,0.35607988,0.3322116
1088,1,1,0.26532403,0.4139576,0.3207184
1089,1,1,0.30634403,0.39703685,0.29661912
1090,2,0,0.36553776,0.31709895,0.31736332
1091,2,2,0.34420088,0.30542767,0.35037142
1092,1,1,0.28392464,0.36684516,0.3492302
1093,1,0,0.36641952,0.29721704,0.33636343
1094,2,0,0.39251083,0.27624696,0.3312422
1095,0,2,0.32973817,0.30742562,0.3628362
1096,2,1,0.24377933,0.40236977,0.35385084
1097,2,1,0.22369489,0.41411626,0.36218888
1098,2,1,0.30552047,0.35659724,0.3378823
1099,2,1,0.26006725,0.38026378,0.35966906
1100,2,1,0.269736,0.39045656,0.33980742
1101,2,1,0.29452014,0.37209767,0.3333822
1102,1,1,0.25086984,0.42669526,0.32243484
1103,2,0,0.37303588,0.27345568,0.3535084
1104,2,0,0.40484574,0.28608415,0.30907005
1105,0,0,0.37755093,0.2807016,0.3417475
1106,0,0,0.37526655,0.30120504,0.32352835
1107,2,0,0.37526655,0.30120504,0.32352835
1108,0,0,0.40333262,0.28211737,0.31455
1109,1,1,0.3504526,0.38078648,0.26876092
1110,2,0,0.35410872,0.3232879,0.3226034
1111,1,0,0.35988003,0.30489382,0.3352261
1112,1,1,0.3136647,0.4002116,0.28612363
1113,2,1,0.29302153,0.3834873,0.32349116
1114,1,1,0.29173547,0.37190124,0.33636332
1115,1,1,0.33782822,0.35387567,0.30829608
1116,2,1,0.31695017,0.39679018,0.28625965
1117,1,1,0.34791377,0.349055,0.3030312
1118,2,1,0.33609638,0.3611973,0.30270627
1119,2,0,0.37091994,0.3622159,0.26686415
1120,0,0,0.46140233,0.29537302,0.24322473
1121,1,0,0.3583366,0.30019853,0.34146494
1122,1,0,0.38918027,0.29824483,0.31257492
1123,2,0,0.3627549,0.29944333,0.33780172
1124,1,0,0.33925453,0.3381704,0.32257506
1125,0,1,0.29238635,0.36608973,0.3415239
1126,1,1,0.33040357,0.36567682,0.3039196
1127,1,1,0.33395368,0.3697503,0.29629603
1128,0,1,0.3355927,0.37499723,0.28941008
1129,0,1,0.3355927,0.37499723,0.28941008
1130,0,2,0.3398068,0.31797853,0.34221464
1131,1,0,0.45343,0.24868946,0.2978806
1132,1,0,0.34827724,0.31733426,0.33438846
1133,2,1,0.32829022,0.34149894,0.3302108
1134,2,0,0.35114688,0.32523444,0.3236187
1135,1,0,0.35209492,0.35142526,0.2964798
1136,1,1,0.31410077,0.3803966,0.3055026
1137,1,2,0.2630422,0.34945372,0.3875041
1138,1,2,0.3157382,0.30289462,0.3813672
1139,2,1,0.25346264,0.42300913,0.32352826
1140,1,1,0.24427739,0.42065173,0.33507085
1141,0,0,0.3990115,0.34123397,0.25975448
1142,1,1,0.22281519,0.41646454,0.36072022
1143,1,1,0.22692119,0.42838103,0.3446977
1144,1,1,0.24066125,0.4340039,0.32533482
1145,2,2,0.25871316,0.36983413,0.37145275
1146,1,1,0.22106662,0.42544922,0.35348412
1147,2,0,0.3651828,0.3218668,0.3129503
1148,0,0,0.46412846,0.23807488,0.2977966
1149,1,0,0.41210645,0.28113934,0.30675417
1150,0,0,0.4229432,0.2532971,0.32375973
1151,0,0,0.37358955,0.2943774,0.3320331
1152,1,0,0.36599508,0.2967416,0.33726335
1153,1,0,0.41369045,0.28015277,0.3061568
1154,1,0,0.40816242,0.2921285,0.29970908
1155,1,0,0.42132708,0.2836828,0.29499012
1156,1,0,0.5789947,0.19333866,0.22766668
1157,0,2,0.3219157,0.32815534,0.34992892
1158,1,1,0.27952614,0.3890981,0.3313758
1159,2,1,0.27325678,0.37486848,0.35187477
1160,2,0,0.39804357,0.2928526,0.30910382
1161,2,0,0.44677794,0.24477585,0.30844617
1162,0,0,0.3854144,0.27681938,0.33776623
1163,2,0,0.34277236,0.32053927,0.33668828
1164,2,0,0.34081528,0.32583907,0.33334562
1165,0,0,0.41358152,0.26783457,0.31858388
1166,0,0,0.37678453,0.29099348,0.33222198
1167,0,0,0.37877795,0.29939234,0.32182974
1168,2,0,0.4612126,0.24448045,0.29430693
1169,2,0,0.35701367,0.29152215,0.35146418
1170,0,2,0.31267586,0.32061866,0.36670545
1171,0,0,0.38417155,0.29399973,0.3218287
1172,2,1,0.3025915,0.35744607,0.33996245
1173,2,0,0.3813713,0.3058803,0.3127484
1174,0,0,0.40802687,0.2957697,0.29620343
1175,2,0,0.37950414,0.3076093,0.3128866
1176,1,0,0.38309968,0.32073092,0.2961694
1177,1,0,0.37173828,0.3124151,0.31584665
1178,1,0,0.35836917,0.3429834,0.2986474
1179,2,1,0.28219116,0.40508124,0.3127276
1180,1,0,0.4103382,0.3233336,0.2663282
1181,0,0,0.3827299,0.30410564,0.3131644
1182,2,0,0.4615633,0.21090493,0.32753173
1183,2,0,0.40748623,0.3107072,0.28180653
1184,2,0,0.35401142,0.31076193,0.33522666
1185,2,0,0.38902816,0.31758097,0.2933909
1186,0,0,0.39009595,0.33429772,0.27560624
1187,0,0,0.35490337,0.32504407,0.32005262
1188,0,2,0.32502562,0.33026305,0.3447114
1189,0,0,0.39740938,0.2695309,0.33305964
1190,0,0,0.38502643,0.28068048,0.33429304
1191,0,2,0.3269279,0.31972066,0.35335135
1192,2,0,0.35142207,0.3200906,0.3284873
1193,2,2,0.31117782,0.34242746,0.34639475
1194,2,2,0.3203673,0.32377693,0.3558557
1195,2,0,0.34075743,0.33161196,0.32763064
1196,0,0,0.3887029,0.32391742,0.28737965
1197,0,0,0.35072765,0.31407735,0.33519498
1198,0,1,0.32580772,0.34407687,0.33011538
1199,0,0,0.39171356,0.30214122,0.30614522
1200,0,0,0.37379274,0.31152883,0.3146784
1201,0,1,0.32195753,0.35964268,0.3183998
1202,0,0,0.36352718,0.31466445,0.32180834
1203,0,0,0.37545654,0.31242627,0.31211716
1204,2,1,0.22886783,0.42035484,0.35077727
1205,2,1,0.23789197,0.42023396,0.341874
1206,2,1,0.23310286,0.42727324,0.33962393
1207,2,1,0.31537798,0.37159735,0.3130247
1208,1,1,0.2363373,0.399082,0.3645806
1209,2,1,0.23662086,0.4171032,0.34627587
1210,2,1,0.29566166,0.38293117,0.32140717
1211,2,0,0.38188908,0.30383733,0.31427363
1212,2,1,0.28602153,0.41195965,0.30201885
1213,2,2,0.30349484,0.30314466,0.39336044
1214,1,0,0.41422978,0.27493823,0.310832
1215,2,2,0.32617077,0.32959342,0.34423584
1216,1,1,0.32421392,0.35149223,0.32429388
1217,1,1,0.26436943,0.39440337,0.34122723
1218,1,1,0.33701855,0.35186028,0.3111212
1219,1,1,0.28156555,0.3856364,0.33279806
1220,1,1,0.2533569,0.42590734,0.32073575
1221,1,1,0.35331514,0.36846024,0.27822465
1222,0,1,0.27337775,0.4115413,0.31508097
1223,1,1,0.28655562,0.39083752,0.3226069
1224,2,1,0.28990844,0.3849381,0.32515353
1225,1,2,0.33390802,0.3092888,0.3568032
1226,2,2,0.3500927,0.2736771,0.37623015
1227,2,1,0.27608773,0.39408365,0.32982865
1228,1,0,0.3829848,0.27608934,0.3409259
1229,1,1,0.28954414,0.38995895,0.32049698
1230,1,1,0.29904956,0.3815198,0.31943062
1231,1,1,0.31278825,0.3505552,0.3366565
1232,2,2,0.31807455,0.32183483,0.36009064
1233,2,0,0.44640762,0.26549253,0.28809988
1234,1,1,0.29143566,0.36302182,0.34554252
1235,1,1,0.27784762,0.3721944,0.34995797
1236,2,1,0.25141686,0.40561083,0.34297228
1237,1,1,0.2269178,0.40762118,0.36546102
1238,1,1,0.26649264,0.43822005,0.29528725
1239,1,1,0.23936072,0.38139752,0.37924176
1240,1,1,0.25551644,0.4318642,0.31261927
1241,1,2,0.24632466,0.3687919,0.3848834
1242,2,1,0.220291,0.43142638,0.3482827
1243,2,1,0.26579568,0.41054812,0.3236562
1244,1,2,0.25146195,0.3741071,0.37443095
1245,2,1,0.23563749,0.38790992,0.37645257
1246,2,0,0.38445732,0.273444,0.34209862
1247,2,0,0.3592843,0.30194104,0.33877465
1248,2,1,0.25354236,0.3768047,0.36965296
1249,2,2,0.28712562,0.30140123,0.41147316
1250,0,2,0.2864638,0.30815452,0.40538174
1251,2,1,0.2261652,0.43946448,0.33437032
1252,2,1,0.22399598,0.4150554,0.36094862
1253,1,1,0.22508293,0.42037585,0.3545412
1254,1,1,0.22864014,0.43677992,0.33458
1255,0,2,0.22794004,0.38077927,0.39128068
1256,0,1,0.23087993,0.42420173,0.3449183
1257,2,1,0.30945617,0.40373442,0.2868094
1258,2,1,0.2504471,0.3897798,0.35977313
1259,1,1,0.27180052,0.41245544,0.31574395
1260,2,1,0.24003942,0.40110016,0.3588604
1261,1,1,0.2543753,0.44219053,0.30343413
1262,2,1,0.24361075,0.439542,0.3168473
1263,1,1,0.31334907,0.37926283,0.3073882
1264,1,1,0.2962148,0.36065376,0.34313148
1265,1,1,0.23305053,0.4039834,0.36296606
1266,1,1,0.24297945,0.41581663,0.34120396
1267,1,2,0.24273215,0.36557904,0.39168876
1268,0,1,0.285206,0.3689993,0.3457947
1269,2,1,0.23298328,0.41295013,0.35406658
1270,1,0,0.38972178,0.29535395,0.3149242
1271,1,0,0.35679895,0.2904399,0.35276115
1272,1,0,0.38163745,0.2949133,0.32344922
1273,1,1,0.2473024,0.43857333,0.31412426
1274,0,1,0.23346485,0.3969294,0.3696057
1275,1,1,0.24065827,0.4075338,0.3518079
1276,1,1,0.27532685,0.3792124,0.34546068
1277,0,1,0.22994013,0.44338152,0.32667834
1278,1,1,0.2250853,0.41485968,0.36005503
1279,1,1,0.22548132,0.42950267,0.34501597
1280,0,1,0.22524856,0.398617,0.37613446
1281,2,1,0.22039866,0.4203347,0.35926667
1282,1,1,0.22402418,0.4096841,0.3662917
1283,1,2,0.23267698,0.36924058,0.39808244
1284,1,2,0.26062122,0.34345323,0.39592552
1285,0,1,0.22887304,0.3942418,0.37688512
1286,1,0,0.35344163,0.32596016,0.32059824
1287,0,2,0.27125555,0.31477088,0.41397357
1288,1,2,0.2435876,0.3415686,0.41484386
1289,1,1,0.21838708,0.40793318,0.3736798
1290,1,2,0.25274584,0.34568563,0.40156856
1291,0,1,0.22588015,0.40589914,0.36822072
1292,2,2,0.22689526,0.38233513,0.39076957
1293,0,1,0.23454657,0.3853922,0.38006124
1294,1,1,0.22072288,0.4305755,0.34870166
1295,1,1,0.21766993,0.41730663,0.36502337
1296,0,1,0.33707952,0.38076228,0.28215814
1297,2,0,0.458503,0.25217715,0.28931984
1298,2,0,0.43347177,0.25974295,0.30678523
1299,2,2,0.2754968,0.34317154,0.38133162
1300,2,2,0.28512055,0.31813067,0.39674878
1301,2,0,0.3508523,0.32678244,0.3223652
1302,2,0,0.39604452,0.30365247,0.300303
1303,2,1,0.34345356,0.3441254,0.31242105
1304,1,0,0.41378692,0.26919898,0.31701413
1305,1,0,0.3751526,0.28277636,0.34207103
1306,1,0,0.35940772,0.35185793,0.28873438
1307,2,1,0.31022847,0.3922198,0.29755175
1308,0,0,0.42515653,0.29979178,0.2750517
1309,2,0,0.40650263,0.2823785,0.3111189
1310,2,0,0.47446004,0.23706302,0.28847694
1311,2,1,0.3150122,0.3960596,0.28892827
1312,0,0,0.3958561,0.2701905,0.33395335
1313,0,0,0.3994795,0.29179507,0.30872536
1314,1,1,0.35042828,0.35834765,0.2912241
1315,1,0,0.39802796,0.32729557,0.2746765
1316,1,0,0.4400765,0.24769019,0.3122333
1317,0,0,0.47799066,0.18672533,0.33528402
1318,2,2,0.38704762,0.14581785,0.46713445
1319,1,1,0.25773516,0.38300264,0.35926223
1320,2,1,0.28071728,0.3774568,0.3418258
1321,1,0,0.39261937,0.34077752,0.2666031
1322,1,0,0.43233094,0.26717207,0.30049697
1323,1,0,0.44064352,0.26159477,0.29776165
1324,2,0,0.42111942,0.23545152,0.34342903
1325,2,0,0.42267323,0.27721655,0.3001102
1326,1,0,0.4073261,0.26807427,0.32459965
1327,0,0,0.4552486,0.26842386,0.27632755
1328,2,1,0.33351216,0.37576827,0.29071954
1329,1,1,0.28495592,0.4184014,0.29664275
1330,1,1,0.25583062,0.42763308,0.31653628
1331,2,0,0.54132473,0.21061403,0.24806128
1332,0,1,0.23914807,0.43775985,0.32309207
1333,1,0,0.3494956,0.3281472,0.3223572
1334,1,1,0.2459979,0.42982605,0.32417604
1335,2,0,0.4153163,0.3366079,0.24807575
1336,1,1,0.34589076,0.37554446,0.27856475
1337,1,0,0.3999489,0.30120865,0.29884246
1338,2,0,0.40303195,0.29488912,0.3020789
1339,1,0,0.36983213,0.34921813,0.28094974
1340,1,0,0.4069792,0.31746203,0.27555874
1341,0,1,0.33400303,0.33736482,0.32863212
1342,2,0,0.43489626,0.27598643,0.2891173
1343,1,1,0.30405116,0.36608958,0.3298593
1344,1,0,0.4158516,0.29434523,0.28980318
1345,0,0,0.4158516,0.29434523,0.28980318
1346,1,1,0.26564097,0.40963534,0.32472372
1347,1,1,0.28489223,0.3992156,0.31589216
1348,2,1,0.24908076,0.39479476,0.35612443
1349,2,0,0.42681,0.2884582,0.28473184
1350,0,1,0.35019994,0.36908814,0.28071195
1351,0,1,0.33889106,0.33984578,0.3212631
1352,1,1,0.2687174,0.40941265,0.32186994
1353,0,2,0.3278948,0.31460798,0.35749716
1354,1,0,0.39632612,0.30924803,0.29442582
1355,1,0,0.4038666,0.30559826,0.2905351
1356,0,0,0.3875058,0.28550562,0.3269886
1357,1,1,0.2567695,0.3787354,0.3644951
1358,1,1,0.2532156,0.39392927,0.3528551
1359,1,1,0.3477119,0.3567559,0.29553226
1360,1,0,0.375318,0.31059605,0.31408596
1361,1,0,0.40242836,0.3187169,0.27885473
1362,1,0,0.43127528,0.29203263,0.27669203
1363,1,0,0.46517336,0.2787908,0.2560359
1364,0,1,0.31235462,0.400469,0.2871764
1365,0,0,0.34723476,0.33182746,0.32093784
1366,1,1,0.33049774,0.38944298,0.28005937
1367,2,0,0.37986833,0.33943117,0.28070047
1368,1,0,0.38807532,0.26130262,0.35062212
1369,0,2,0.32813054,0.28908142,0.38278806
1370,2,1,0.2534443,0.39085478,0.3557009
1371,1,0,0.3585091,0.33832985,0.30316103
1372,2,0,0.37419102,0.31450108,0.3113079
1373,0,0,0.49153596,0.25548416,0.25297982
1374,1,1,0.34880862,0.3608547,0.29033667
1375,2,0,0.3893933,0.36096188,0.24964482
1376,1,0,0.38989732,0.34086913,0.26923355
1377,1,0,0.42789266,0.31794074,0.25416666
1378,2,0,0.4072723,0.33735365,0.25537404
1379,2,0,0.40420076,0.33085924,0.26494
1380,2,0,0.40454826,0.33234352,0.26310822
1381,1,0,0.44589445,0.2593754,0.29473013
1382,2,0,0.38136935,0.3055587,0.31307197
1383,2,0,0.37294036,0.3126659,0.3143937
1384,2,1,0.2977622,0.37900785,0.32322994
1385,2,1,0.28709695,0.39933506,0.31356803
1386,1,0,0.46386012,0.28766838,0.2484715
1387,2,0,0.38002726,0.3408887,0.27908397
1388,0,0,0.38271955,0.3038803,0.31340012
1389,2,0,0.38245174,0.31737527,0.30017298
1390,2,0,0.358424,0.3228633,0.31871268
1391,2,1,0.36799863,0.3724207,0.25958064
1392,2,2,0.3345821,0.30336693,0.36205104
1393,2,0,0.36644977,0.34623158,0.28731862
1394,2,0,0.3558406,0.32431027,0.31984916
1395,2,0,0.47580475,0.26055312,0.26364216
1396,1,1,0.24227174,0.41695452,0.34077367
1397,1,1,0.2599776,0.4156845,0.32433784
1398,1,1,0.27885324,0.376061,0.3450858
1399,2,1,0.23464811,0.44421032,0.32114157
1400,1,1,0.22983335,0.4466806,0.3234861
1401,0,0,0.36296442,0.3197981,0.3172375
1402,0,0,0.37023968,0.32844946,0.3013108
1403,0,0,0.4137761,0.27034694,0.31587696
1404,1,0,0.3812719,0.3299238,0.2888043
1405,0,0,0.40280646,0.32554442,0.27164918
1406,1,0,0.3686352,0.3140964,0.31726852
1407,2,1,0.3136285,0.36175624,0.3246153
1408,0,0,0.39818186,0.29221502,0.30960312
1409,0,0,0.46182874,0.2745903,0.26358098
1410,2,0,0.37981874,0.28729203,0.33288926
1411,1,0,0.39642975,0.2943148,0.30925548
1412,1,0,0.37172025,0.3035487,0.324731
1413,2,0,0.42364755,0.27406183,0.30229056
1414,0,0,0.39019486,0.29938832,0.31041688
1415,1,0,0.48679295,0.2718776,0.24132942
1416,0,0,0.46448436,0.29803684,0.23747888
1417,0,0,0.46102646,0.24854128,0.2904322
1418,1,0,0.45571977,0.25223622,0.29204398
1419,0,0,0.44442853,0.2595612,0.29601026
1420,0,0,0.46256205,0.24734534,0.29009262
1421,0,0,0.45165685,0.27949432,0.2688489
1422,0,0,0.49781495,0.2079758,0.2942092
1423,0,0,0.5780962,0.20872767,0.21317615
1424,0,0,0.4526779,0.30442345,0.24289863
1425,2,0,0.3886105,0.29951054,0.31187895
1426,0,0,0.54274255,0.20471084,0.2525466
1427,0,0,0.44184804,0.2822828,0.27586913
1428,0,0,0.5217098,0.24594437,0.23234592
1429,0,0,0.39888194,0.29205033,0.3090677
1430,0,0,0.38893062,0.2996577,0.3114117
1431,1,0,0.4643959,0.2546622,0.28094193
1432,2,0,0.37871024,0.3318548,0.289435
1433,2,0,0.42907673,0.27104956,0.2998738
1434,2,0,0.4492541,0.25703692,0.293709
1435,0,0,0.51582044,0.20268247,0.28149712
1436,2,0,0.4242934,0.27425957,0.301447
1437,0,0,0.3760483,0.308752,0.31519967
1438,0,0,0.3509387,0.34071976,0.30834153
1439,0,0,0.4253827,0.2734527,0.3011646
1440,2,0,0.43491206,0.2667687,0.2983192
1441,2,0,0.43829408,0.2645118,0.29719412
1442,0,0,0.44947955,0.25694376,0.2935767
1443,2,0,0.45202747,0.2551437,0.29282883
1444,0,0,0.40277374,0.2891696,0.30805665
1445,0,0,0.4486533,0.2574126,0.29393414
1446,2,0,0.428867,0.27059662,0.3005364
1447,0,0,0.46047372,0.24908598,0.29044032
1448,0,0,0.4581733,0.22320183,0.31862488
1449,1,0,0.46240982,0.24753879,0.29005143
1450,0,0,0.39813367,0.29277727,0.30908906
1451,0,0,0.39285782,0.29645693,0.31068525
1452,0,0,0.41193035,0.28271055,0.3053591
1453,0,0,0.44954026,0.25679734,0.29366243
1454,2,0,0.44564563,0.25911182,0.2952425
1455,2,0,0.40448242,0.2875681,0.30794942
1456,0,0,0.45907778,0.2500907,0.2908315
1457,0,0,0.4009187,0.2902088,0.30887252
1458,0,0,0.3983318,0.2921192,0.30954897
1459,2,0,0.43314087,0.28307727,0.2837819
1460,2,0,0.42897734,0.27024093,0.30078176
1461,2,0,0.44410166,0.26002395,0.29587433
1462,2,0,0.41098723,0.28337193,0.3056408
1463,2,0,0.43676564,0.26550004,0.29773438
1464,0,0,0.44729337,0.25802836,0.2946783
1465,2,2,0.23737027,0.37173977,0.39088988
1466,1,2,0.27312452,0.31260782,0.41426763
1467,1,2,0.35502082,0.28616297,0.35881618
1468,1,0,0.3453907,0.3332231,0.32138613
1469,2,1,0.2617779,0.39615905,0.34206298
1470,1,1,0.26063293,0.41724154,0.32212552
1471,0,1,0.26467022,0.3984472,0.33688262
1472,0,0,0.3532863,0.32786754,0.31884614
1473,1,0,0.3532863,0.32786754,0.31884614
1474,1,0,0.3538689,0.32737553,0.3187556
1475,1,0,0.41691872,0.28600672,0.29707456
1476,0,0,0.44337627,0.25290945,0.30371436
1477,1,0,0.35992655,0.3105972,0.3294763
1478,1,1,0.31182262,0.38727447,0.30090287
1479,1,1,0.32601282,0.37809625,0.29589093
1480,2,0,0.35320717,0.3282524,0.31854048
1481,1,1,0.33422637,0.3373086,0.328465
1482,0,0,0.35295457,0.32801032,0.31903508
1483,1,0,0.34623957,0.33352593,0.32023445
1484,0,0,0.34623957,0.33352593,0.32023445
1485,1,1,0.24248205,0.42404717,0.33347082
1486,0,1,0.26637858,0.39469925,0.33892208
1487,0,0,0.39075565,0.3240279,0.28521636
1488,1,1,0.2251251,0.4319483,0.34292656
1489,1,1,0.25514302,0.4186314,0.3262256
1490,1,1,0.36927748,0.37239504,0.25832742
1491,1,0,0.46011654,0.25644708,0.28343645
1492,1,1,0.22828318,0.42936614,0.3423507
1493,1,1,0.34929898,0.34977895,0.30092204
1494,0,0,0.3478124,0.33303484,0.3191527
1495,0,0,0.3478124,0.33303484,0.3191527
1496,2,1,0.2817516,0.37995958,0.33828875
1497,0,1,0.32236642,0.37768173,0.29995185
1498,2,0,0.3846567,0.34162363,0.27371967
1499,2,0,0.42094344,0.26796818,0.31108832
1500,0,0,0.3656241,0.3175947,0.3167812
1501,1,0,0.35222524,0.32667118,0.3211035
1502,1,0,0.41635787,0.24056976,0.34307232
1503,1,2,0.31354123,0.31107575,0.37538302
1504,2,0,0.35455284,0.32567528,0.31977186
1505,2,0,0.36887375,0.27373955,0.3573867
1506,1,0,0.3704491,0.3134936,0.3160573
1507,0,2,0.2914429,0.30699947,0.40155768
1508,0,2,0.30500063,0.3154612,0.37953812
1509,0,0,0.37564695,0.30855244,0.31580064
1510,2,0,0.369723,0.31289446,0.3173825
1511,2,2,0.3016441,0.3473065,0.35104945
1512,2,0,0.40022328,0.26967514,0.33010164
1513,1,0,0.35506374,0.3259811,0.31895515
1514,2,0,0.40405694,0.26655516,0.32938787
1515,1,0,0.44469857,0.25912476,0.2961767
1516,2,0,0.36227342,0.3220472,0.31567934
1517,2,0,0.3570234,0.29321086,0.3497657
1518,2,0,0.41980457,0.26089805,0.3192974
1519,2,2,0.34768623,0.25327012,0.39904362
1520,2,0,0.4093099,0.28471348,0.30597663
1521,0,0,0.46902248,0.2439497,0.2870278
1522,0,0,0.41609606,0.28014627,0.30375773
1523,0,0,0.3840907,0.30279642,0.31311288
1524,2,0,0.3902005,0.29823324,0.31156623
1525,2,0,0.40155917,0.2901615,0.3082793
1526,0,1,0.30724502,0.3769003,0.31585467
1527,0,1,0.3393493,0.35133493,0.3093157
1528,1,1,0.23114385,0.39837897,0.37047717
1529,1,1,0.25467214,0.40736857,0.3379593
1530,1,0,0.3438686,0.3222808,0.3338506
1531,2,0,0.35141423,0.34987018,0.29871553
1532,0,1,0.35062826,0.36688957,0.28248212
1533,1,1,0.33618686,0.3958091,0.268004
1534,1,1,0.31966314,0.38202843,0.29830846
1535,1,1,0.31508103,0.40689215,0.27802682
1536,0,1,0.35075977,0.36699897,0.28224123
1537,1,0,0.35705024,0.32351863,0.3194312
1538,2,0,0.36146367,0.32001364,0.31852266
1539,0,0,0.34722197,0.33211342,0.32066455
1540,1,0,0.3480239,0.33113462,0.32084146
1541,1,0,0.35705036,0.32365257,0.31929708
1542,0,0,0.35931304,0.32161307,0.31907386
1543,0,0,0.35919315,0.3216727,0.31913424
1544,1,1,0.28469145,0.42266247,0.29264614
1545,1,1,0.2999206,0.4074302,0.29264918
1546,1,0,0.42095205,0.3183964,0.26065156
1547,1,0,0.34650636,0.33178523,0.32170838
1548,2,1,0.28494802,0.42171535,0.2933367
1549,0,1,0.29175422,0.41898292,0.28926283
1550,2,1,0.29175422,0.41898292,0.28926283
1551,0,1,0.3579597,0.3678199,0.27422044
1552,1,1,0.35297364,0.3569374,0.29008895
1553,2,0,0.36121088,0.31418258,0.32460654
1554,2,0,0.39274576,0.3168213,0.290433
1555,1,0,0.39274576,0.3168213,0.290433
1556,2,0,0.38586813,0.35455132,0.2595805
1557,1,1,0.29772788,0.40651163,0.29576054
1558,1,1,0.31348825,0.4006706,0.2858411
1559,1,1,0.25919533,0.37893325,0.36187148
1560,1,0,0.44220135,0.30901992,0.24877875
1561,0,0,0.41646412,0.33105394,0.25248188
1562,1,1,0.32646325,0.38812932,0.28540748
1563,1,0,0.3788567,0.27083564,0.35030767
1564,2,0,0.3788567,0.27083564,0.35030767
1565,2,1,0.25336486,0.3834805,0.3631547
1566,2,1,0.24429336,0.4101899,0.3455168
1567,1,0,0.40425804,0.2883211,0.3074209
1568,1,0,0.34667906,0.33429492,0.31902602
1569,1,0,0.33993107,0.3387862,0.32128274
1570,2,0,0.34886384,0.3293891,0.32174712
1571,2,0,0.36232808,0.32021716,0.3174547
1572,2,0,0.35426846,0.32651648,0.31921503
1573,2,0,0.34736034,0.33096477,0.32167488
1574,2,0,0.3490916,0.33036545,0.320543
1575,2,0,0.35166356,0.32733464,0.32100183
1576,2,0,0.3453019,0.33196625,0.32273188
1577,1,1,0.2476921,0.42379302,0.32851484
1578,2,1,0.2476921,0.42379302,0.32851484
1579,2,0,0.34002224,0.33766705,0.32231078
1580,2,1,0.25607792,0.41485536,0.3290667
1581,2,1,0.23608354,0.42426953,0.33964688
1582,2,1,0.33140534,0.34421465,0.32438
1583,0,1,0.2240453,0.38966903,0.3862857
1584,0,0,0.36676154,0.34941044,0.283828
1585,1,1,0.33725977,0.33794466,0.3247956
1586,2,1,0.23091242,0.4340711,0.33501652
1587,1,1,0.26264906,0.42651585,0.31083512
1588,2,1,0.22368976,0.41798276,0.3583275
1589,1,0,0.4046614,0.31456426,0.28077433
1590,0,1,0.28459674,0.3900021,0.32540122
1591,1,1,0.21735534,0.42986202,0.35278267
1592,2,1,0.2195594,0.4141495,0.36629105
1593,2,1,0.22059588,0.42926234,0.3501417
1594,0,1,0.24170539,0.43280175,0.32549286
1595,1,1,0.22061995,0.4212907,0.35808936
1596,2,1,0.30925193,0.37454537,0.31620267
1597,2,1,0.30925193,0.37454537,0.31620267
1598,0,0,0.36154824,0.31138077,0.3270709
1599,0,0,0.34792045,0.33149073,0.3205889
1600,1,0,0.3692916,0.3153042,0.3154042
1601,1,1,0.2969339,0.35299176,0.3500743
1602,1,0,0.370996,0.31343353,0.31557053
1603,1,0,0.5743438,0.21403998,0.21161626
1604,1,1,0.3209237,0.36331573,0.31576058
1605,1,0,0.35936865,0.32211176,0.3185196
1606,0,0,0.35671622,0.32426968,0.31901407
1607,2,1,0.29551795,0.383437,0.321045
1608,1,0,0.3490329,0.33044705,0.3205201
1609,0,0,0.3817153,0.30620423,0.3120805
1610,2,0,0.38288212,0.3050176,0.31210026
1611,0,0,0.38168937,0.30595464,0.31235597
1612,0,0,0.38794416,0.29963258,0.31242326
1613,1,0,0.3901054,0.29818508,0.31170955
1614,1,0,0.39547166,0.2943928,0.31013557
1615,1,0,0.39389312,0.29601458,0.31009224
1616,1,0,0.37571302,0.30897877,0.31530812
1617,0,0,0.546852,0.25010014,0.20304783
1618,0,0,0.36150774,0.32023272,0.31825945
1619,0,0,0.41419855,0.28105196,0.30474952
1620,1,0,0.38176376,0.3049623,0.3132739
1621,0,1,0.3183598,0.383206,0.29843414
1622,1,0,0.3629938,0.31814867,0.31885752
1623,2,0,0.36301616,0.31975764,0.3172262
1624,2,0,0.42185155,0.27157655,0.30657193
1625,2,1,0.27479792,0.40812883,0.31707326
1626,1,0,0.37685606,0.30833966,0.31480435
1627,1,0,0.49154195,0.27322745,0.2352305
1628,0,1,0.25466993,0.41772574,0.3276043
1629,2,0,0.40050417,0.27843663,0.3210592
1630,1,0,0.465982,0.2912191,0.24279885
1631,1,0,0.44763392,0.30565873,0.24670729
1632,1,0,0.5635624,0.16205442,0.27438316
1633,2,1,0.3614167,0.36552146,0.27306187
1634,0,1,0.2719479,0.40925685,0.31879523
1635,0,0,0.34431997,0.32947138,0.32620868
1636,1,2,0.31135362,0.3348687,0.35377765
1637,1,1,0.2784977,0.3706956,0.35080668
1638,0,0,0.463914,0.26354152,0.27254447
1639,0,0,0.3598177,0.3212576,0.3189247
1640,0,0,0.44832945,0.31448233,0.23718819
1641,0,1,0.3320732,0.36830476,0.29962203
1642,2,0,0.34052476,0.33091956,0.32855573
1643,1,0,0.45785156,0.25672603,0.28542238
1644,0,0,0.5595273,0.21393386,0.2265389
1645,0,0,0.43836296,0.21147561,0.3501614
1646,2,0,0.40527198,0.26242694,0.33230108
1647,0,0,0.3725381,0.28769472,0.33976716
1648,1,2,0.36244327,0.27358177,0.36397496
1649,2,2,0.2861841,0.34140852,0.3724074
1650,0,2,0.3490774,0.29464018,0.35628247
1651,0,0,0.3599572,0.30203554,0.33800724
1652,0,2,0.33563212,0.31307226,0.35129556
1653,2,0,0.50316966,0.16868512,0.32814524
1654,0,0,0.44935814,0.17275073,0.37789112
1655,1,0,0.42072922,0.25164413,0.32762662
1656,1,0,0.504562,0.15081608,0.344622
1657,1,0,0.37420008,0.27163824,0.35416165
1658,2,0,0.44522128,0.27574724,0.27903146
1659,2,0,0.41792992,0.17209192,0.40997815
1660,2,1,0.31181136,0.37814125,0.31004733
1661,0,1,0.2873304,0.38249695,0.33017266
1662,1,1,0.3286448,0.37053442,0.3008208
1663,1,1,0.3108223,0.40529191,0.2838858
1664,0,1,0.30727986,0.40003917,0.292681
1665,0,1,0.24873205,0.4256846,0.32558334
1666,1,1,0.30368507,0.38413155,0.3121834
1667,1,0,0.36871356,0.31422395,0.31706247
1668,2,1,0.25745347,0.40448985,0.33805665
1669,0,0,0.3767186,0.30792356,0.31535783
1670,0,0,0.37150675,0.31185967,0.31663364
1671,1,0,0.37284738,0.31059292,0.31655967
1672,1,0,0.3766934,0.3078421,0.3154645
1673,1,2,0.33611628,0.31211275,0.3517709
1674,1,1,0.2751297,0.37891752,0.34595278
1675,1,2,0.3362681,0.32716686,0.336565
1676,2,0,0.35716054,0.31408995,0.32874948
1677,1,0,0.37521243,0.29080138,0.3339862
1678,0,1,0.32073542,0.36882526,0.31043932
1679,0,1,0.25864184,0.39408684,0.34727132
1680,0,1,0.31817237,0.36090302,0.32092467
1681,0,0,0.39522278,0.29457134,0.31020588
1682,0,0,0.40643188,0.286521,0.30704713
1683,1,0,0.36238134,0.29416734,0.34345132
1684,1,0,0.37140355,0.31231296,0.31628355
1685,1,0,0.37140355,0.31231296,0.31628355
1686,0,0,0.35749274,0.34524304,0.2972642
1687,0,1,0.2845418,0.39194494,0.32351327
1688,1,1,0.33642015,0.3806993,0.28288057
1689,0,1,0.23628953,0.42814937,0.33556113
1690,0,0,0.3504774,0.34535748,0.30416512
1691,1,1,0.2580073,0.41989696,0.32209578
1692,0,0,0.35917082,0.32530475,0.31552434
1693,0,1,0.30847487,0.34686673,0.3446584
1694,0,1,0.34906647,0.37692842,0.27400512
1695,0,0,0.39241645,0.2987283,0.3088553
1696,0,0,0.3822707,0.3142738,0.30345544
1697,0,0,0.39849767,0.28718337,0.31431893
1698,0,0,0.44425878,0.2580813,0.29766
1699,2,0,0.4564916,0.23934637,0.30416203
1700,2,0,0.38865817,0.30881274,0.30252913
1701,0,0,0.37929925,0.29572636,0.32497442
1702,0,0,0.35962486,0.3156293,0.32474586
1703,0,0,0.42055762,0.28143054,0.29801187
1704,0,0,0.38221303,0.29738083,0.32040614
1705,0,0,0.37382725,0.33796284,0.28820992
1706,2,2,0.3229856,0.32526252,0.35175192
1707,2,2,0.24473785,0.37628993,0.3789722
1708,1,2,0.32662416,0.32570797,0.3476679
1709,2,2,0.35621148,0.28718436,0.35660413
1710,1,1,0.24979508,0.4048613,0.3453436
1711,0,1,0.22768915,0.4184018,0.35390905
1712,2,2,0.2972437,0.35085315,0.35190314
1713,0,0,0.38533023,0.26017994,0.35448983
1714,1,0,0.38358936,0.2730014,0.34340933
1715,2,0,0.37188905,0.27594277,0.3521681
1716,2,0,0.370904,0.2784956,0.35060033
1717,1,0,0.36511502,0.31709072,0.31779432
1718,1,0,0.38468993,0.27416208,0.341148
1719,0,0,0.391531,0.26624513,0.34222388
1720,0,0,0.36582395,0.26929837,0.3648777
1721,0,0,0.38951892,0.31189343,0.29858756
1722,1,1,0.28885192,0.3607433,0.3504048
1723,1,0,0.40809578,0.26582396,0.32608026
1724,0,2,0.30705687,0.32621077,0.36673236
1725,2,0,0.39307943,0.2658388,0.3410818
1726,2,2,0.29690123,0.30666867,0.39643016
1727,0,0,0.44620624,0.28884807,0.26494566
1728,0,2,0.31779978,0.2602944,0.42190582
1729,2,0,0.5210834,0.22574632,0.25317028
1730,0,1,0.25570932,0.420122,0.32416868
1731,0,1,0.30163622,0.37101498,0.32734877
1732,0,0,0.41950956,0.29776314,0.28272733
1733,0,1,0.23112841,0.41039398,0.35847762
1734,0,0,0.35537252,0.35396132,0.29066616
1735,0,0,0.38966173,0.28200787,0.3283304
1736,1,1,0.3249077,0.38029376,0.29479846
1737,2,1,0.24363646,0.43020648,0.32615712
1738,2,2,0.29917556,0.34523833,0.35558605
1739,0,1,0.30368516,0.39241228,0.30390254
1740,1,0,0.36593452,0.34407565,0.2899898
1741,1,0,0.38241032,0.35329407,0.26429564
1742,1,1,0.24561496,0.44761923,0.3067658
1743,1,2,0.25692293,0.36220664,0.38087046
1744,1,2,0.2541377,0.3482598,0.3976026
1745,1,1,0.22660966,0.40278125,0.37060907
1746,1,1,0.2250279,0.41597712,0.35899496
1747,2,1,0.21790823,0.42889845,0.35319328
1748,0,2,0.24508287,0.37666434,0.37825274
1749,0,0,0.41701505,0.2974108,0.28557414
1750,2,0,0.38654464,0.3051425,0.3083128
1751,0,0,0.41985765,0.29450524,0.2856371
1752,0,0,0.37454996,0.3157192,0.30973086
1753,1,1,0.32502016,0.34688827,0.3280915
1754,0,0,0.3487617,0.3291164,0.32212186
1755,0,1,0.31948707,0.34887064,0.33164227
1756,1,0,0.38218498,0.25537387,0.36244118
1757,2,1,0.3266729,0.3682434,0.30508366
1758,2,1,0.25769222,0.40221414,0.34009364
1759,1,1,0.305212,0.35484955,0.3399384
1760,1,1,0.23699759,0.42890832,0.33409402
1761,0,2,0.2932368,0.33075473,0.37600842
1762,0,1,0.33485714,0.35646477,0.30867806
1763,0,1,0.31253165,0.37098408,0.31648427
1764,2,1,0.2651201,0.37604475,0.35883516
1765,1,1,0.27394894,0.3917858,0.3342653
1766,0,1,0.25444877,0.37984353,0.3657077
1767,0,1,0.27614847,0.42131025,0.30254132
1768,0,1,0.28133175,0.3917935,0.32687476
1769,0,1,0.25246233,0.38688663,0.36065108
1770,2,2,0.34432557,0.30868852,0.34698585
1771,0,0,0.46264216,0.22952007,0.30783784
1772,0,0,0.37873802,0.30628434,0.31497756
1773,0,0,0.3452016,0.31188607,0.34291235
1774,2,1,0.29545453,0.37101236,0.3335331
1775,1,2,0.31305695,0.29741612,0.38952696
1776,1,1,0.31508958,0.3438224,0.3410881
1777,2,0,0.37605798,0.33927676,0.28466532
1778,1,1,0.23404577,0.4022996,0.36365467
1779,1,1,0.28442645,0.38147634,0.33409727
1780,0,2,0.3150316,0.32875213,0.35621625
1781,1,0,0.37410137,0.29179874,0.33409986
1782,1,1,0.29773608,0.39367005,0.3085939
1783,0,1,0.27462113,0.38125315,0.34412572
1784,0,1,0.26962242,0.36706844,0.36330912
1785,2,1,0.2790106,0.36312097,0.35786843
1786,2,2,0.31260782,0.31787214,0.36952007
1787,2,0,0.3791238,0.27914697,0.3417292
1788,1,1,0.2632769,0.3737332,0.3629899
1789,0,1,0.2604933,0.3793608,0.36014587
1790,0,1,0.2817781,0.41713354,0.30108836
1791,1,1,0.2836061,0.38835856,0.32803532
1792,0,1,0.3142685,0.36156848,0.324163
1793,0,1,0.28492102,0.40498742,0.31009158
1794,2,0,0.378415,0.25704938,0.36453563
1795,1,2,0.36267114,0.24953504,0.3877938
1796,0,0,0.36160678,0.31937036,0.31902283
1797,1,0,0.34794757,0.33150646,0.320546
1798,0,0,0.3505132,0.3282489,0.32123792
1799,0,0,0.3924473,0.2626274,0.34492525
1800,2,0,0.36631367,0.3262614,0.30742493
1801,0,0,0.35547322,0.32427955,0.32024723
1802,0,0,0.39336511,0.2633976,0.34323728
1803,1,0,0.3603813,0.32058868,0.31903
1804,0,0,0.34434155,0.3343867,0.32127172
1805,0,0,0.3386836,0.327488,0.33382833
1806,0,0,0.3814322,0.30518627,0.31338155
1807,0,0,0.3752366,0.30970037,0.31506294
1808,2,0,0.42639557,0.23967092,0.3339335
1809,0,0,0.36947626,0.31378382,0.3167399
1810,2,1,0.30091658,0.35224733,0.34683615
1811,2,0,0.38983843,0.23405507,0.3761065
1812,0,0,0.40250054,0.33640778,0.26109165
1813,0,0,0.41560122,0.32011485,0.26428398
1814,1,1,0.3137975,0.36962187,0.31658068
1815,1,1,0.3136492,0.3940194,0.2923315
1816,2,1,0.31485817,0.40199646,0.28314534
1817,0,0,0.453802,0.29180175,0.2543962
1818,0,1,0.23835681,0.4231679,0.33847526
1819,1,1,0.29180363,0.41554862,0.2926477
1820,1,1,0.25398445,0.4371984,0.3088171
1821,1,1,0.29539472,0.38610014,0.3185051
1822,2,1,0.23172393,0.40897906,0.35929698
1823,0,1,0.2707285,0.38701904,0.34225252
1824,0,1,0.3398928,0.37039897,0.2897082
1825,2,2,0.23175552,0.37304324,0.3952013
1826,0,1,0.22373052,0.42182264,0.35444686
1827,0,2,0.27364525,0.3482937,0.37806106
1828,0,1,0.24070519,0.43979466,0.3195001
1829,1,0,0.39652982,0.28138715,0.32208306
1830,0,1,0.31443894,0.3979766,0.28758454
1831,1,0,0.38276565,0.28748217,0.3297522
1832,1,1,0.317127,0.36049604,0.322377
1833,1,0,0.37064752,0.3125472,0.31680527
1834,0,1,0.33162296,0.34718025,0.32119676
1835,0,0,0.38737822,0.32089868,0.29172313
1836,0,0,0.33964935,0.32408932,0.3362614
1837,0,1,0.35845524,0.38103205,0.26051277
1838,0,1,0.3278081,0.40043876,0.2717531
1839,0,1,0.3088715,0.38156486,0.30956364
1840,0,0,0.39484346,0.29763564,0.30752087
1841,2,0,0.40166342,0.3233261,0.27501047
1842,0,0,0.45152876,0.2520206,0.29645067
1843,2,0,0.44937378,0.240858,0.30976814
1844,0,0,0.40340516,0.2668155,0.3297793
1845,0,0,0.4135206,0.25362357,0.33285576
1846,0,0,0.4475618,0.28187034,0.2705679
1847,1,1,0.32392302,0.39887995,0.27719694
1848,0,0,0.35511112,0.29873875,0.34615016
1849,0,1,0.31301808,0.40813446,0.2788475
1850,2,1,0.30157816,0.3971634,0.3012584
1851,2,1,0.27987766,0.42325228,0.29687005
1852,0,0,0.35645348,0.32644928,0.31709728
1853,2,0,0.50528693,0.21510585,0.27960727
1854,1,0,0.53696704,0.20109361,0.26193935
1855,1,0,0.5579355,0.20736094,0.23470357
1856,0,0,0.60260254,0.14886518,0.2485323
1857,0,0,0.5071983,0.21694306,0.2758587
1858,0,0,0.5367258,0.21459793,0.24867623
1859,0,0,0.49659482,0.23802572,0.26537943
1860,0,0,0.43687025,0.25856015,0.30456966
1861,1,0,0.48790112,0.24294081,0.26915807
1862,2,1,0.31001928,0.3986111,0.29136953
1863,2,1,0.32729468,0.39190888,0.28079647
1864,1,0,0.40603986,0.31905532,0.27490488
1865,1,1,0.34434828,0.37673962,0.27891213
1866,0,1,0.2951248,0.35637456,0.3485007
1867,1,0,0.38532048,0.3206034,0.2940761
1868,1,0,0.39892313,0.2924572,0.30861977
1869,2,0,0.39892313,0.2924572,0.30861977
1870,2,0,0.3850439,0.28751633,0.3274397
1871,2,1,0.2626817,0.4138558,0.32346246
1872,0,1,0.27669826,0.40196556,0.32133615
1873,2,2,0.27675235,0.3579776,0.36527005
1874,1,2,0.25481224,0.3654276,0.3797602
1875,2,0,0.34790227,0.33107933,0.32101837
1876,1,1,0.26374492,0.4142787,0.32197636
1877,2,1,0.2526114,0.43242788,0.31496066
1878,2,1,0.30950984,0.36021316,0.33027703
1879,1,1,0.29894125,0.38329327,0.31776547
1880,2,0,0.35546854,0.3251729,0.3193586
1881,2,1,0.31894132,0.34625503,0.33480364
1882,1,1,0.26641145,0.4049868,0.32860175
1883,1,1,0.28545174,0.4029293,0.31161886
1884,2,1,0.31400952,0.3895615,0.29642898
1885,2,1,0.2548303,0.4059002,0.33926955
1886,2,1,0.33385697,0.34648287,0.31966013
1887,1,1,0.25981227,0.41113126,0.32905644
1888,1,1,0.24268557,0.413443,0.34387138
1889,0,1,0.27222815,0.40363947,0.32413235
1890,0,2,0.33890334,0.31158248,0.34951422
1891,1,1,0.32090414,0.34634578,0.33275008
1892,0,1,0.22970311,0.4125066,0.35779032
1893,1,1,0.30565915,0.38964427,0.30469656
1894,0,1,0.2719792,0.41707543,0.31094533
1895,0,0,0.3500432,0.3049603,0.34499642
1896,0,0,0.35434642,0.30760527,0.33804834
1897,0,1,0.290399,0.36223632,0.3473647
1898,2,1,0.25728244,0.37347618,0.36924142
1899,0,1,0.2695821,0.37281668,0.35760117
1900,1,1,0.28372997,0.36937186,0.34689814
1901,1,0,0.40799266,0.24264775,0.3493596
1902,0,1,0.25048324,0.4033298,0.34618694
1903,2,2,0.22699937,0.38001204,0.39298856
1904,0,1,0.2426821,0.41202673,0.3452912
1905,0,1,0.28042963,0.3670234,0.3525469
1906,0,1,0.2624849,0.37991413,0.357601
1907,0,1,0.3273421,0.3450556,0.3276024
1908,0,1,0.2574442,0.40482396,0.3377318
1909,2,1,0.22742625,0.40240377,0.37016994
1910,0,1,0.22978427,0.40029854,0.36991718
1911,0,1,0.2238135,0.44083256,0.33535388
1912,0,1,0.34308332,0.34464946,0.3122672
1913,1,1,0.26639062,0.4302638,0.30334562
1914,0,1,0.23482119,0.44567913,0.31949967
1915,1,1,0.22966342,0.43004027,0.34029633
1916,1,1,0.24140368,0.43186918,0.32672715
1917,1,1,0.23525651,0.42290252,0.34184098
1918,2,1,0.2406104,0.43928573,0.3201039
1919,1,0,0.40347967,0.31409943,0.28242084
1920,1,0,0.49651283,0.2572945,0.24619268
1921,1,0,0.4079913,0.28746778,0.30454084
1922,0,0,0.51079726,0.24009664,0.2491061
1923,1,0,0.3492784,0.3318599,0.31886172
1924,2,0,0.42134953,0.30551735,0.27313313
1925,0,0,0.34638932,0.33030033,0.32331032
1926,0,0,0.48809138,0.27200544,0.23990317
1927,1,0,0.37808648,0.3067541,0.31515938
1928,2,0,0.43504575,0.3024983,0.2624559
1929,1,0,0.4152567,0.31448197,0.27026138
1930,0,0,0.58118325,0.20213787,0.21667881
1931,0,0,0.51317227,0.25403053,0.23279731
1932,2,0,0.46718767,0.25962013,0.27319223
1933,2,0,0.4542884,0.26803163,0.2776799
1934,2,0,0.49192783,0.24215762,0.2659146
1935,2,1,0.2735515,0.41873178,0.30771676
1936,2,1,0.29959288,0.39890876,0.3014983
1937,0,1,0.23539025,0.42958528,0.33502454
1938,0,2,0.33451402,0.31914225,0.3463437
1939,2,2,0.26732463,0.35844803,0.37422734
1940,0,1,0.2504445,0.37574062,0.37381485
1941,1,1,0.23264733,0.4468173,0.32053536
1942,1,2,0.30286318,0.3405995,0.35653725
1943,1,1,0.30002165,0.39538613,0.3045922
1944,1,1,0.2538203,0.41908324,0.32709643
1945,0,1,0.30839396,0.38380003,0.30780607
1946,1,1,0.24032389,0.4306477,0.32902846
1947,0,2,0.33404973,0.31330302,0.35264722
1948,1,1,0.28631344,0.4030465,0.31064007
1949,0,0,0.37199008,0.2843268,0.3436831
1950,1,0,0.36027473,0.33223224,0.30749306
1951,2,1,0.2887699,0.4012808,0.30994934
1952,1,1,0.2659601,0.41621014,0.31782976
1953,2,0,0.38499236,0.3227097,0.29229787
1954,0,0,0.35063073,0.328268,0.32110128
1955,2,1,0.31197992,0.36768094,0.32033914
1956,2,1,0.31384778,0.35145712,0.33469507
1957,0,1,0.24092157,0.432593,0.32648543
1958,1,1,0.3422246,0.36502552,0.29274988
1959,1,1,0.33932886,0.36121717,0.2994539
1960,2,0,0.35580456,0.3502741,0.29392135
1961,1,0,0.4002704,0.34510815,0.2546214
1962,1,1,0.36709172,0.36728656,0.26562163
1963,2,1,0.3501176,0.37672544,0.27315694
1964,1,1,0.34138143,0.38118353,0.27743497
1965,0,0,0.361129,0.34835806,0.29051298
1966,0,0,0.37423864,0.3097801,0.31598118
1967,2,0,0.3593679,0.3219675,0.3186646
1968,2,0,0.35973567,0.32203534,0.31822896
1969,1,0,0.34958538,0.3313565,0.31905812
1970,0,0,0.3600719,0.32201555,0.31791258
1971,2,0,0.53039813,0.16245241,0.3071495
1972,1,1,0.35412857,0.37917212,0.2666993
1973,0,0,0.3897652,0.31625006,0.29398465
1974,0,0,0.35113245,0.33034387,0.3185236
1975,2,0,0.40578875,0.328257,0.26595426
1976,1,0,0.42089477,0.23060055,0.34850472
1977,1,2,0.34313455,0.2693164,0.38754907
1978,1,0,0.40174502,0.26855832,0.32969666
1979,2,2,0.36783028,0.25141767,0.380752
1980,1,0,0.38560426,0.30136907,0.3130266
1981,2,0,0.4070198,0.25039652,0.34258366
1982,1,0,0.36314252,0.28087002,0.3559875
1983,0,0,0.37854135,0.26669276,0.35476586
1984,0,2,0.3391071,0.27765128,0.38324165
1985,2,0,0.3917644,0.29684216,0.3113934
1986,1,0,0.3453609,0.33385733,0.32078174
1987,1,1,0.29095742,0.38240024,0.32664233
1988,1,0,0.46052504,0.258047,0.28142792
1989,2,0,0.35965502,0.32074013,0.31960487
1990,1,0,0.33966118,0.33710077,0.32323802
1991,0,0,0.4268885,0.25486922,0.31824237
1992,1,0,0.3810049,0.30484316,0.3141519
1993,1,0,0.4340594,0.27242777,0.29351276
1994,1,0,0.40996674,0.2792432,0.3107901
1995,2,1,0.2870812,0.4096641,0.30325463
1996,1,1,0.3117148,0.387568,0.30071718
1997,1,1,0.27161643,0.37351474,0.35486886
1998,1,0,0.49072015,0.26721266,0.24206725
1999,1,0,0.43795988,0.2589265,0.30311364
2000,1,1,0.30467373,0.37204888,0.32327735
2001,2,0,0.43095738,0.3109951,0.25804743
2002,2,0,0.40895215,0.2940708,0.29697704
2003,2,1,0.2683604,0.40405738,0.32758224
2004,1,0,0.43996054,0.29408607,0.2659534
2005,2,0,0.3732568,0.35795733,0.26878583
2006,1,0,0.43133393,0.29874596,0.2699201
2007,1,0,0.5018482,0.24825096,0.24990088
2008,1,0,0.35474834,0.32494697,0.32030466
2009,0,0,0.37032893,0.347089,0.28258204
2010,1,0,0.3901616,0.29279903,0.3170394
2011,0,1,0.3445267,0.37368214,0.28179115
2012,1,1,0.2463459,0.41402137,0.33963275
2013,1,0,0.3762324,0.30465397,0.31911367
2014,1,0,0.3602846,0.32119226,0.3185231
2015,0,1,0.33994058,0.38949752,0.27056187
2016,1,0,0.58201617,0.19782946,0.22015442
2017,2,0,0.5696954,0.20801823,0.22228637
2018,1,1,0.2629684,0.39489084,0.3421408
2019,1,0,0.4234211,0.19515692,0.381422
2020,1,0,0.43788734,0.26286787,0.2992447
2021,1,0,0.4023036,0.28513473,0.31256172
2022,1,0,0.40339538,0.3076166,0.288988
2023,2,0,0.41591612,0.2958878,0.2881961
2024,1,0,0.40814337,0.29872328,0.2931334
2025,0,1,0.34311688,0.3505696,0.30631354
2026,1,0,0.35543707,0.336827,0.30773592
2027,1,0,0.37345323,0.29220226,0.3343445
2028,2,1,0.34586713,0.35735077,0.2967821
2029,1,2,0.30239058,0.30923265,0.3883768
2030,2,2,0.3038434,0.32467976,0.37147683
2031,0,1,0.2556259,0.37298626,0.3713878
2032,0,0,0.3584579,0.32359096,0.31795117
2033,2,0,0.36254102,0.31941015,0.3180489
2034,1,0,0.34725997,0.33081007,0.32192993
2035,2,2,0.30082121,0.32378396,0.37539482
2036,2,1,0.34542644,0.35171387,0.30285963
2037,1,1,0.2944709,0.38663515,0.31889388
2038,1,0,0.35829276,0.34517422,0.29653296
2039,1,1,0.29070637,0.3890655,0.32022813
2040,1,1,0.28013992,0.39936408,0.320496
2041,2,0,0.37182924,0.35541078,0.27275994
2042,2,0,0.34626782,0.345522,0.3082102
2043,2,1,0.22643255,0.41912988,0.3544376
2044,0,1,0.27292994,0.40920433,0.3178657
2045,0,0,0.45523965,0.293289,0.25147146
2046,0,1,0.26144704,0.39596832,0.34258464
2047,2,0,0.3787968,0.33357662,0.2876266
2048,2,0,0.45465803,0.27356136,0.27178055
2049,2,1,0.31458262,0.36794207,0.31747532
2050,1,1,0.31458262,0.36794207,0.31747532
2051,1,1,0.32098204,0.38624397,0.29277396
2052,1,1,0.34577227,0.36763176,0.28659597
2053,0,0,0.35547352,0.30841076,0.33611572
2054,0,1,0.32916427,0.34124908,0.32958668
2055,2,0,0.39280462,0.28921458,0.3179808
2056,1,0,0.3587958,0.3096429,0.3315613
2057,2,0,0.38986173,0.29744583,0.3126924
2058,1,0,0.37275153,0.3419398,0.28530866
2059,1,0,0.38042542,0.31857514,0.3009995
2060,1,0,0.37821397,0.35379475,0.26799124
2061,1,0,0.37377658,0.31208226,0.31414115
2062,1,0,0.36570817,0.35578623,0.27850565
2063,1,1,0.31098688,0.38234437,0.3066687
2064,1,1,0.2778541,0.4013826,0.3207633
2065,1,1,0.29410458,0.4005805,0.30531493
2066,1,0,0.34897852,0.3287559,0.32226562
2067,1,1,0.26171863,0.3926184,0.345663
2068,1,1,0.29840758,0.41290104,0.28869137
2069,1,1,0.2393695,0.42090252,0.339728
2070,2,0,0.38842303,0.34924167,0.26233533
2071,1,1,0.26367083,0.41133216,0.32499698
2072,0,1,0.34231842,0.35837296,0.29930854
2073,1,0,0.38995034,0.29815277,0.31189683
2074,2,0,0.3653424,0.35960317,0.27505437
2075,0,0,0.37076926,0.35112146,0.27810928
2076,0,0,0.40679756,0.33030897,0.26289356
2077,1,1,0.2843809,0.39590847,0.31971055
2078,1,0,0.37956858,0.30622405,0.31420738
2079,0,0,0.3903447,0.351673,0.25798222
2080,0,0,0.39217496,0.33672425,0.27110076
2081,1,0,0.37623706,0.3557581,0.2680048
2082,1,0,0.40685633,0.28525996,0.30788368
2083,2,0,0.3602491,0.3201617,0.3195892
2084,1,1,0.25797147,0.41045377,0.33157474
2085,1,0,0.407281,0.28545192,0.30726707
2086,2,0,0.36112526,0.3583705,0.28050423
2087,1,0,0.40792298,0.29083744,0.3012396
2088,1,0,0.36225095,0.3192182,0.3185308
2089,2,0,0.37126878,0.31241873,0.3163125
2090,0,0,0.37481055,0.3237639,0.30142555
2091,2,1,0.31278616,0.3803055,0.30690834
2092,2,1,0.321932,0.3410894,0.3369786
2093,2,0,0.409352,0.27324876,0.31739926
2094,2,1,0.32183802,0.3615141,0.3166479
2095,0,2,0.2971619,0.32674104,0.37609702
2096,2,0,0.41720435,0.3368974,0.2458982
2097,1,0,0.38579807,0.28438178,0.32982016
2098,0,2,0.355767,0.27223313,0.37199986
2099,0,2,0.2705331,0.3604924,0.36897448
2100,1,0,0.4429572,0.28891537,0.2681274
2101,2,0,0.4208648,0.27648473,0.30265045
2102,2,0,0.39095178,0.32561067,0.28343752
2103,1,0,0.37220317,0.302621,0.32517585
2104,0,0,0.3945194,0.3193094,0.28617117
2105,1,0,0.55506134,0.20369917,0.24123952
2106,1,0,0.44387087,0.27835512,0.27777404
2107,0,1,0.30143562,0.39853543,0.30002895
2108,1,1,0.29081604,0.40802866,0.30115533
2109,1,1,0.25191784,0.40257645,0.34550568
2110,0,0,0.39390594,0.31137553,0.29471856
2111,1,1,0.24126907,0.39770368,0.36102724
2112,1,1,0.3166128,0.40078646,0.28260073
2113,1,0,0.349406,0.34455097,0.30604297
2114,1,1,0.33367768,0.36321345,0.30310878
2115,1,0,0.40030897,0.31647217,0.2832189
2116,1,1,0.2967127,0.391111,0.31217635
2117,2,0,0.34606963,0.31915104,0.33477932
2118,2,1,0.3365902,0.33795384,0.325456
2119,2,1,0.26554847,0.418628,0.31582353
2120,2,1,0.30403295,0.3762073,0.31975973
2121,2,1,0.26832095,0.39549056,0.33618844
2122,0,1,0.24421287,0.3889973,0.36678982
2123,2,2,0.2465742,0.35744166,0.39598417
2124,0,1,0.33459273,0.33943546,0.32597184
2125,2,1,0.22933778,0.40892527,0.36173695
2126,2,1,0.24047111,0.40282854,0.3567003
2127,1,1,0.25345546,0.3941649,0.35237968
2128,2,1,0.3167414,0.34584078,0.33741784
2129,2,2,0.2526501,0.36682308,0.38052678
2130,1,1,0.22646368,0.38800082,0.38553554
2131,2,2,0.27517596,0.3592828,0.36554128
2132,0,0,0.37161896,0.31155732,0.31682372
2133,0,1,0.34188792,0.3619076,0.2962045
2134,1,0,0.40743527,0.304553,0.28801173
2135,1,0,0.356423,0.30767804,0.335899
2136,1,0,0.48686996,0.25143826,0.2616918
2137,1,0,0.4638597,0.29094604,0.24519421
2138,1,0,0.350855,0.31750882,0.33163625
2139,1,0,0.4281158,0.3173015,0.25458264
2140,1,0,0.4042031,0.30541652,0.29038033
2141,0,1,0.31155175,0.40450653,0.28394166
2142,0,0,0.40006506,0.32320026,0.2767347
2143,2,0,0.44535682,0.26908413,0.28555912
2144,1,1,0.33824745,0.35200638,0.3097462
2145,1,1,0.2698122,0.38520324,0.34498453
2146,1,1,0.3272621,0.36568826,0.30704963
2147,0,0,0.35619053,0.3244899,0.31931964
2148,0,0,0.34910315,0.33606118,0.31483573
2149,2,1,0.2797322,0.40080363,0.31946424
2150,0,1,0.3315911,0.3447745,0.3236344
2151,0,2,0.26515713,0.3592405,0.37560233
2152,0,2,0.31879508,0.32013667,0.3610682
2153,1,1,0.33486193,0.34116834,0.32396978
2154,1,1,0.33392313,0.34210503,0.32397193
2155,0,1,0.33967113,0.3473943,0.31293458
2156,2,0,0.35301924,0.31413916,0.3328416
2157,2,0,0.41309026,0.26852128,0.31838843
2158,2,0,0.41881394,0.2861467,0.29503933
2159,1,0,0.38585255,0.31375906,0.30038843
2160,2,0,0.38918334,0.30106083,0.30975586
2161,2,0,0.4023277,0.30207404,0.2955982
2162,2,0,0.36721227,0.30057347,0.33221427
2163,2,0,0.4083783,0.3132805,0.27834123
2164,1,0,0.3850325,0.32643318,0.2885343
2165,1,1,0.33307207,0.37215635,0.2947716
2166,1,0,0.39329132,0.33131066,0.27539802
2167,2,0,0.48548782,0.24394134,0.27057087
2168,0,0,0.48057756,0.21571362,0.3037089
2169,1,0,0.42800096,0.25588214,0.3161169
2170,2,0,0.4498986,0.26682875,0.28327265
2171,2,0,0.43618178,0.27050635,0.29331183
2172,1,0,0.47655705,0.2459865,0.27745646
2173,1,0,0.4593943,0.24955803,0.29104766
2174,2,2,0.34783778,0.27477008,0.37739208
2175,0,2,0.3635862,0.25390404,0.3825098
2176,2,2,0.33748537,0.26842022,0.39409438
2177,2,0,0.34672612,0.33389625,0.31937763
2178,2,2,0.31076923,0.29667193,0.39255887
2179,1,2,0.27799335,0.32291025,0.39909643
2180,2,2,0.3154898,0.30894744,0.3755628
2181,2,2,0.24532537,0.35473937,0.39993528
2182,1,2,0.29166457,0.31510997,0.39322546
2183,1,1,0.2970002,0.37803918,0.32496065
2184,0,2,0.30244786,0.29630777,0.40124437
2185,0,2,0.2861694,0.33814332,0.37568733
2186,1,2,0.28490096,0.35096228,0.36413682
2187,1,2,0.33542487,0.2976598,0.36691535
2188,1,2,0.27788383,0.34369895,0.3784173
2189,2,2,0.2927139,0.3424811,0.364805
2190,2,0,0.3700883,0.35318384,0.2767279
2191,2,0,0.38452086,0.31664768,0.29883146
2192,0,2,0.29806206,0.3283291,0.37360886
2193,0,2,0.33805686,0.27656388,0.38537928
2194,0,2,0.31520706,0.33111185,0.3536811
2195,0,2,0.32442904,0.33165535,0.34391567
2196,2,2,0.29819694,0.3061844,0.3956186
2197,2,1,0.26854253,0.40452075,0.32693675
2198,2,1,0.3028598,0.37077937,0.32636082
2199,0,0,0.4226353,0.2655634,0.31180134
2200,0,1,0.31455722,0.36601153,0.31943128
2201,1,2,0.3221477,0.29303375,0.38481858
2202,1,0,0.34064427,0.33950487,0.31985077
2203,0,1,0.30799854,0.37192637,0.3200751
2204,1,0,0.40271237,0.27162507,0.32566252
2205,2,0,0.38056305,0.31198028,0.3074567
2206,2,0,0.36302227,0.3143043,0.3226735
2207,2,0,0.40339765,0.29828063,0.29832175
2208,0,0,0.39501172,0.30522308,0.2997652
2209,0,1,0.34285668,0.35409346,0.30304986
2210,0,0,0.41652066,0.27687556,0.30660373
2211,0,0,0.38765267,0.32908115,0.28326628
2212,0,0,0.38464454,0.31826317,0.29709235
2213,0,0,0.3697328,0.3632357,0.2670315
2214,0,1,0.3444895,0.37433803,0.28117254
2215,0,1,0.35145503,0.38192758,0.26661733
2216,2,0,0.4148133,0.30140197,0.2837847
2217,2,0,0.4064768,0.287282,0.3062412
2218,0,0,0.39333883,0.29640377,0.3102574
2219,2,1,0.3252515,0.38852233,0.28622618
2220,2,1,0.33539847,0.39309353,0.27150798
2221,2,1,0.318606,0.40194148,0.2794525
2222,0,1,0.35466895,0.36217037,0.2831607
2223,0,1,0.3349805,0.38291937,0.2821001
2224,2,0,0.40802154,0.28539166,0.30658677
2225,0,1,0.32227275,0.40371063,0.27401653
2226,0,0,0.4051,0.31675547,0.2781446
2227,0,0,0.4168143,0.32146645,0.26171926
2228,0,0,0.40179986,0.33965808,0.25854206
2229,2,0,0.46217504,0.26339507,0.2744299
2230,2,1,0.32562572,0.36718708,0.3071872
2231,2,0,0.38300934,0.3034944,0.3134963
2232,2,0,0.4276497,0.27334574,0.29900458
2233,0,0,0.49265394,0.25521404,0.25213197
2234,0,1,0.30963358,0.35233763,0.33802876
2235,2,1,0.35268268,0.38489607,0.2624213
2236,1,1,0.3666538,0.3709437,0.2624025
2237,2,1,0.35494408,0.37452674,0.2705292
2238,0,0,0.41145968,0.33277768,0.25576264
2239,0,0,0.42570534,0.3040363,0.2702584
2240,1,0,0.4622056,0.29767135,0.24012308
2241,1,0,0.41804862,0.32899874,0.25295264
2242,2,0,0.37463668,0.36977932,0.25558406
2243,2,0,0.40265203,0.34737426,0.24997376
2244,1,0,0.4447735,0.31623456,0.23899189
2245,1,0,0.42020047,0.30840033,0.27139917
2246,0,0,0.38713577,0.35801744,0.2548468
2247,1,1,0.3668451,0.37091756,0.26223734
2248,1,0,0.38528726,0.31171477,0.30299798
2249,2,0,0.37101132,0.31339067,0.31559804
2250,2,0,0.37454775,0.3349204,0.29053187
2251,1,1,0.29748765,0.38154116,0.32097116
2252,1,1,0.3371919,0.356809,0.30599904
2253,2,1,0.27761576,0.39852777,0.32385647
2254,2,1,0.25029778,0.41600576,0.33369648
2255,1,0,0.34355932,0.33292773,0.32351288
2256,2,0,0.37519687,0.32228628,0.3025169
2257,2,0,0.44421968,0.29390094,0.26187938
2258,1,1,0.22677806,0.4161899,0.357032
2259,1,0,0.3488336,0.31801885,0.33314753
2260,1,0,0.35751703,0.29902512,0.34345782
2261,1,1,0.3311043,0.38177636,0.28711933
2262,1,1,0.30437016,0.40974694,0.2858829
2263,0,0,0.3464701,0.31872842,0.33480147
2264,2,1,0.29013965,0.37714314,0.33271724
2265,2,0,0.37739855,0.3410591,0.2815424
2266,2,1,0.26070896,0.37907538,0.36021572
2267,2,1,0.33014405,0.3932931,0.2765628
2268,1,1,0.291089,0.39561847,0.3132925
2269,2,1,0.3545926,0.37749043,0.26791698
2270,2,0,0.3853745,0.3014947,0.31313083
2271,2,0,0.34865072,0.31825352,0.33309576
2272,2,2,0.3210879,0.32826534,0.35064682
2273,2,1,0.24549681,0.3791176,0.37538552
2274,1,2,0.25615093,0.36477712,0.3790719
2275,2,1,0.3356496,0.33567035,0.32868004
2276,1,1,0.29450226,0.35570922,0.34978852
2277,1,0,0.38947445,0.32894444,0.28158107
2278,0,0,0.39560437,0.3261015,0.2782941
2279,1,0,0.4243756,0.3126443,0.26298004
2280,0,0,0.39606225,0.22099519,0.3829426
2281,1,0,0.4192772,0.31476083,0.265962
2282,1,0,0.37349728,0.31183648,0.31466618
2283,1,0,0.3421833,0.33851776,0.31929898
2284,1,0,0.3678391,0.31582183,0.31633908
2285,1,0,0.36604026,0.31768373,0.31627604
2286,2,0,0.38912204,0.3389789,0.2718991
2287,1,0,0.36418763,0.3194209,0.31639153
2288,1,1,0.23651694,0.4244592,0.3390239
2289,2,1,0.27039143,0.4227151,0.3068934
2290,1,1,0.28338385,0.41933715,0.297279
2291,1,1,0.25422677,0.42081547,0.32495782
2292,1,0,0.36183944,0.32152355,0.31663698
2293,1,0,0.3567549,0.32574758,0.31749752
2294,0,0,0.3639713,0.3197424,0.3162863
2295,1,0,0.34135017,0.3404392,0.31821066
2296,1,0,0.35936794,0.32504895,0.31558308
2297,2,0,0.35050467,0.33031487,0.31918046
2298,1,0,0.34968963,0.33231175,0.31799862
2299,1,0,0.34122044,0.34022564,0.3185539
2300,0,0,0.34924018,0.3330029,0.31775692
2301,0,0,0.35089558,0.33151054,0.31759387
2302,1,0,0.40508738,0.2875194,0.3073932
2303,1,0,0.39186108,0.29737416,0.31076476
2304,0,0,0.40405777,0.29259753,0.3033446
2305,1,0,0.36161575,0.31908643,0.31929785
2306,1,0,0.3806771,0.3054688,0.3138542
2307,1,1,0.25246543,0.43324396,0.3142906
2308,0,1,0.27172372,0.40117025,0.327106
2309,0,1,0.31107262,0.3780841,0.3108433
2310,1,1,0.2754587,0.37744194,0.3470994
2311,1,0,0.35356283,0.32683358,0.3196035
2312,1,1,0.26053432,0.4144918,0.3249739
2313,0,0,0.34857112,0.33250102,0.31892788
2314,1,1,0.3078674,0.3528665,0.33926606
2315,1,0,0.38420704,0.3032005,0.31259245
2316,2,0,0.36501223,0.3166957,0.31829208
2317,1,2,0.31210133,0.32014507,0.3677536
2318,1,1,0.26608217,0.41028813,0.3236298
2319,1,0,0.48710614,0.25597867,0.25691518
2320,1,0,0.3634963,0.3187983,0.31770533
2321,2,0,0.35850903,0.32325277,0.31823823
2322,1,0,0.36416382,0.31537205,0.3204641
2323,0,0,0.36410844,0.34508538,0.29080617
2324,1,0,0.38478032,0.34285358,0.27236605
2325,2,0,0.34180608,0.32176122,0.33643275
2326,1,0,0.34287375,0.33488062,0.32224563
2327,2,0,0.41753978,0.27976245,0.30269784
2328,1,2,0.308464,0.32038352,0.37115252
2329,1,2,0.3279455,0.31834862,0.35370597
2330,1,0,0.38268098,0.30478454,0.31253448
2331,2,0,0.358252,0.32388043,0.31786752
2332,0,0,0.37864584,0.30737653,0.31397757
2333,1,1,0.3384782,0.34597382,0.31554797
2334,1,1,0.28462988,0.4098914,0.30547863
2335,1,0,0.39370036,0.25237635,0.35392326
2336,2,0,0.4340092,0.31096983,0.25502092
2337,2,0,0.4013955,0.3176625,0.28094196
2338,2,0,0.36526048,0.2707388,0.3640007
2339,2,0,0.34789556,0.33008724,0.3220172
2340,1,2,0.3375722,0.2884034,0.37402448
2341,2,2,0.3155152,0.31463543,0.36984935
2342,2,2,0.31273082,0.321338,0.36593118
2343,0,2,0.33143565,0.31481695,0.35374737
2344,1,2,0.32310507,0.3091427,0.36775228
2345,2,0,0.35041872,0.30259645,0.3469848
2346,1,2,0.30365756,0.34086993,0.35547245
2347,1,0,0.35431594,0.33294624,0.31273776
2348,0,2,0.29718444,0.3123332,0.3904823
2349,1,2,0.30729845,0.28977692,0.40292466
2350,1,0,0.38834146,0.29925287,0.31240568
2351,1,0,0.41144654,0.26445937,0.32409415
2352,1,0,0.3782288,0.29103956,0.33073166
2353,2,2,0.30884942,0.29203388,0.39911672
2354,1,0,0.458294,0.22068983,0.32101613
2355,2,0,0.49000114,0.21529217,0.29470664
2356,2,2,0.3236622,0.28670144,0.38963634
2357,2,1,0.32801825,0.39470497,0.2772768
2358,1,1,0.25800577,0.423009,0.31898516
2359,2,1,0.29509625,0.38664272,0.318261
2360,1,0,0.41484562,0.2979385,0.28721595
2361,2,0,0.4046473,0.28412798,0.31122473
2362,1,1,0.30647397,0.36847672,0.32504934
2363,1,1,0.2836462,0.3793785,0.3369753
2364,1,0,0.34596625,0.31991836,0.33411533
2365,0,1,0.32077506,0.3516175,0.32760745
2366,1,2,0.2612483,0.347724,0.39102772
2367,1,1,0.25918707,0.41804188,0.32277104
2368,0,1,0.30070946,0.38078183,0.31850868
2369,2,1,0.24900962,0.43220758,0.3187828
2370,0,1,0.23961212,0.43548617,0.3249018
2371,1,1,0.28027597,0.41355306,0.306171
2372,1,1,0.2933806,0.39188105,0.3147384
2373,0,1,0.29685444,0.41840017,0.28474534
2374,2,1,0.33825052,0.35243127,0.3093182
2375,1,1,0.27409565,0.41989607,0.3060083
2376,1,1,0.27215922,0.41368464,0.31415612
2377,1,1,0.28283346,0.4073226,0.30984393
2378,2,1,0.33375221,0.36145857,0.30478927
2379,0,1,0.24213444,0.42678183,0.33108371
2380,1,1,0.28902614,0.38526064,0.32571328
2381,2,1,0.24152593,0.42584342,0.33263057
2382,1,1,0.2739043,0.40525377,0.32084194
2383,1,1,0.28349495,0.40911645,0.30738857
2384,1,2,0.33649176,0.3098686,0.35363963
2385,2,2,0.31686985,0.34071806,0.34241202
2386,0,1,0.3274122,0.35371122,0.31887662
2387,1,1,0.32874545,0.34798107,0.32327357
2388,0,1,0.31596002,0.3741139,0.30992612
2389,0,1,0.29721788,0.3662343,0.33654782
2390,0,1,0.31617293,0.3427202,0.34110686
2391,0,1,0.3583999,0.35903236,0.28256777
2392,2,1,0.25159335,0.42228165,0.326125
2393,1,1,0.28080472,0.42323726,0.29595798
2394,1,1,0.26937884,0.4177503,0.31287086
2395,2,1,0.27476946,0.3988421,0.32638842
2396,2,1,0.27246243,0.41627693,0.31126067
2397,0,1,0.32061532,0.36650836,0.3128763
2398,2,0,0.35269308,0.3388863,0.3084206
2399,1,1,0.25432473,0.4255923,0.320083
2400,1,1,0.31323743,0.40693653,0.27982613
2401,1,1,0.3091451,0.3978793,0.2929756
2402,2,1,0.2720083,0.42124495,0.30674678
2403,1,1,0.32136375,0.39950264,0.2791336
2404,1,1,0.25388908,0.4194411,0.32666984
2405,0,1,0.26812002,0.41714168,0.31473836
2406,1,0,0.35737178,0.32091346,0.32171476
2407,1,0,0.3579196,0.32745257,0.3146279
2408,0,0,0.3435103,0.31487256,0.34161717
2409,1,1,0.2574326,0.3951802,0.34738716
2410,1,1,0.31091848,0.36602998,0.32305148
2411,2,1,0.2977406,0.40184164,0.3004178
2412,1,1,0.30442864,0.40056837,0.29500306
2413,2,1,0.32587755,0.36610267,0.30801976
2414,2,1,0.30649745,0.3648261,0.3286764
2415,0,0,0.34735805,0.328871,0.323771
2416,0,1,0.32271916,0.36604992,0.31123093
2417,0,1,0.27855363,0.3989619,0.32248446
2418,1,1,0.33680606,0.36010462,0.30308932
2419,0,1,0.2834192,0.4039754,0.3126054
2420,0,1,0.33386713,0.37477258,0.29136026
2421,2,1,0.2828097,0.40712726,0.31006297
2422,1,1,0.25960198,0.41373125,0.32666677
2423,1,1,0.29438356,0.41866308,0.2869534
2424,1,1,0.29078323,0.40921497,0.3000018
2425,1,1,0.31530407,0.39359286,0.29110304
2426,0,1,0.2926058,0.4135587,0.2938355
2427,1,1,0.2926058,0.4135587,0.2938355
2428,1,1,0.3353254,0.36139804,0.30327654
2429,2,2,0.24501093,0.34683636,0.40815273
2430,0,0,0.4442457,0.2792815,0.27647284
2431,2,0,0.3545508,0.30957267,0.33587658
2432,2,2,0.2800157,0.35141182,0.36857256
2433,2,2,0.30359584,0.29952675,0.39687738
2434,2,2,0.2502051,0.36441126,0.38538364
2435,1,1,0.22937967,0.39153066,0.37908968
2436,1,1,0.22103101,0.41494262,0.3640263
2437,0,0,0.3485315,0.34384078,0.30762762
2438,2,0,0.37633327,0.30755776,0.31610894
2439,1,1,0.2953109,0.41257945,0.29210967
2440,0,1,0.22146712,0.423059,0.35547388
2441,1,1,0.22706345,0.43823105,0.3347055
2442,2,1,0.35442582,0.38416487,0.26140934
2443,2,1,0.29604217,0.4124988,0.29145896
2444,1,1,0.2239661,0.4195688,0.3564651
2445,2,1,0.25804183,0.4263363,0.31562188
2446,2,1,0.24772917,0.43211043,0.32016048
2447,0,1,0.2911682,0.40858757,0.30024418
2448,0,1,0.22483473,0.42559135,0.34957397
2449,1,1,0.2301073,0.41683286,0.35305977
2450,1,1,0.22439384,0.40701187,0.36859438
2451,1,1,0.29652098,0.3828375,0.32064152
2452,1,1,0.27886173,0.39028218,0.33085617
2453,0,2,0.3409889,0.30414036,0.3548707
2454,0,1,0.25943062,0.38677198,0.35379735
2455,0,1,0.2237994,0.42766467,0.34853598
2456,1,1,0.23384538,0.4193502,0.3468044
2457,0,1,0.2514061,0.38749546,0.3610984
2458,1,1,0.28355122,0.40837306,0.30807576
2459,2,1,0.22436763,0.41889492,0.35673743
2460,2,1,0.29954946,0.3838374,0.3166131
2461,2,2,0.3042279,0.33840907,0.35736305
2462,2,0,0.36918694,0.3577601,0.27305293
2463,2,1,0.23249364,0.4152008,0.3523056
2464,1,1,0.33247465,0.36013162,0.3073937
2465,2,1,0.3489347,0.36334324,0.28772202
2466,0,2,0.33520958,0.322858,0.34193248
2467,2,1,0.28293523,0.40921113,0.30785367
2468,0,0,0.39103657,0.32333407,0.28562936
2469,1,0,0.41298795,0.3252252,0.26178682
2470,2,1,0.23892426,0.42842343,0.33265227
2471,1,1,0.22317761,0.42936102,0.3474613
2472,2,1,0.26819834,0.42103243,0.3107693
2473,2,1,0.27727064,0.41065016,0.31207922
2474,2,1,0.3004838,0.3787942,0.32072204
2475,1,1,0.29840052,0.39650148,0.30509803
2476,1,1,0.2461368,0.4156636,0.33819962
2477,2,1,0.23133674,0.44228628,0.32637694
2478,2,1,0.2237424,0.43774322,0.33851448
2479,2,1,0.2585622,0.43421018,0.30722764
2480,1,1,0.24575943,0.42255464,0.33168596
2481,1,1,0.3258245,0.34268698,0.33148852
2482,2,1,0.22017899,0.42746133,0.35235965
2483,2,1,0.23002234,0.44336286,0.3266147
2484,2,1,0.2371616,0.44194266,0.32089573
2485,0,1,0.30154246,0.41258466,0.28587285
2486,2,0,0.51219815,0.24862844,0.23917346
2487,1,1,0.25457963,0.42372844,0.321692
2488,1,1,0.24918605,0.4166825,0.33413145
2489,0,0,0.39859474,0.33602232,0.26538292
2490,2,1,0.257892,0.4132239,0.32888407
2491,0,0,0.443735,0.3077354,0.24852955
2492,2,0,0.40668008,0.345813,0.24750693
2493,2,1,0.31516716,0.3707133,0.31411952
2494,2,1,0.30137664,0.37835032,0.32027307
2495,0,1,0.3317808,0.34242103,0.32579815
2496,2,1,0.30024436,0.3711823,0.32857332
2497,1,1,0.22883499,0.4186658,0.35249922
2498,1,1,0.24367176,0.41561076,0.3407174
2499,0,1,0.2891242,0.40094423,0.30993164
2500,0,1,0.26393333,0.4084562,0.3276105
2501,1,1,0.26393333,0.4084562,0.3276105
2502,1,1,0.24699834,0.40471622,0.34828544
2503,2,0,0.4286998,0.2598492,0.31145102
2504,2,0,0.4101304,0.26268077,0.3271888
2505,0,0,0.4095449,0.27187213,0.318583
2506,2,1,0.23494913,0.4032502,0.36180064
2507,2,1,0.22992636,0.40566787,0.36440578
2508,2,1,0.35935536,0.36473152,0.27591315
2509,2,1,0.34282663,0.35653013,0.30064324
2510,0,1,0.32239592,0.37499607,0.30260807
2511,1,0,0.361971,0.3175452,0.3204838
2512,2,0,0.34397185,0.33326912,0.3227591
2513,2,1,0.29258296,0.35946575,0.34795126
2514,2,1,0.2640496,0.3969298,0.33902058
2515,0,1,0.23387924,0.38893768,0.377183
2516,2,1,0.24111399,0.3883389,0.37054715
2517,2,1,0.2649086,0.41556716,0.3195242
2518,2,1,0.21976784,0.42226452,0.35796767
2519,2,1,0.2677225,0.421093,0.31118453
2520,1,1,0.27458864,0.3904409,0.33497047
2521,1,1,0.29125705,0.38619772,0.32254526
2522,2,0,0.39069182,0.33961838,0.26968977
2523,2,1,0.2231559,0.43468976,0.34215438
2524,2,1,0.25376868,0.42961806,0.31661326
2525,2,2,0.34008384,0.31607088,0.34384534
2526,2,1,0.32522014,0.34945607,0.32532376
2527,2,1,0.32480675,0.35856187,0.31663138
2528,0,0,0.34720618,0.33268782,0.32010603
2529,1,0,0.33808053,0.33214667,0.3297729
2530,1,2,0.32059187,0.3230207,0.35638747
2531,2,0,0.35618305,0.32525387,0.31856307
2532,2,0,0.3826064,0.3030848,0.31430888
2533,2,0,0.36681393,0.29850766,0.33467844
2534,2,0,0.36339408,0.29497576,0.3416302
2535,2,2,0.34096587,0.29872593,0.36030814
2536,1,1,0.26294267,0.3938098,0.3432475
2537,0,1,0.23717926,0.3966874,0.3661333
2538,1,2,0.23679635,0.3720517,0.39115196
2539,2,1,0.25191343,0.40400338,0.34408322
2540,1,2,0.36105254,0.25777414,0.38117325
2541,0,0,0.37815937,0.24756926,0.3742714
2542,2,2,0.34292483,0.29802954,0.35904557
2543,1,2,0.32372186,0.31545085,0.36082733
2544,2,1,0.24963729,0.39944893,0.3509138
2545,1,1,0.2689922,0.3945103,0.33649755
2546,1,2,0.30991977,0.33056286,0.3595174
2547,0,1,0.23340385,0.4439971,0.3225991
2548,1,1,0.23129182,0.44265622,0.32605204
2549,1,1,0.23880406,0.44012985,0.32106614
2550,0,1,0.22823077,0.44070894,0.33106035
2551,2,1,0.22410825,0.4331856,0.34270617
2552,0,2,0.3417526,0.2360137,0.4222338
2553,0,1,0.31962228,0.36173713,0.3186406
2554,2,1,0.26764566,0.37046945,0.36188483
2555,1,1,0.2372057,0.4118665,0.35092786
2556,1,1,0.26601756,0.4250711,0.30891135
2557,0,0,0.34444657,0.33338946,0.32216397
2558,0,1,0.25076762,0.42283702,0.3263954
2559,1,0,0.41288194,0.2733671,0.31375104
2560,2,1,0.3236457,0.3907232,0.28563112
2561,2,1,0.26463133,0.41346917,0.32189947
2562,2,1,0.2961635,0.4194224,0.28441408
2563,1,1,0.2447402,0.4343468,0.32091308
2564,2,1,0.23700838,0.42574072,0.3372509
2565,0,2,0.28044653,0.3465666,0.37298685
2566,0,0,0.34656125,0.3272653,0.32617342
2567,0,1,0.27769393,0.42482516,0.29748088
2568,2,1,0.24206936,0.4341279,0.3238027
2569,2,1,0.2819822,0.42935076,0.28866702
2570,2,1,0.2778856,0.42543796,0.29667646
2571,2,1,0.26821247,0.4010377,0.3307499
2572,1,1,0.26491743,0.4116328,0.32344973
2573,1,1,0.30811962,0.4092372,0.28264317
2574,2,1,0.2326793,0.40007994,0.36724073
2575,2,1,0.22646658,0.41760185,0.3559316
2576,2,1,0.25195423,0.42574963,0.3222961
2577,2,1,0.25188944,0.39071286,0.35739768
2578,0,0,0.36065593,0.3205404,0.31880373
2579,1,1,0.27089027,0.42101866,0.30809116
2580,1,1,0.22341625,0.432122,0.34446174
2581,1,2,0.24668477,0.36578342,0.38753182
2582,1,1,0.27263048,0.4317984,0.2955711
2583,2,0,0.40171206,0.27651697,0.32177106
2584,2,0,0.41686645,0.28293553,0.30019805
2585,2,2,0.3009594,0.32321933,0.37582123
2586,1,1,0.25658578,0.4262858,0.31712842
2587,1,1,0.29868665,0.41396287,0.2873505
2588,0,2,0.2856967,0.32920635,0.38509697
2589,1,1,0.2501096,0.43978846,0.31010193
2590,1,1,0.28526673,0.3780106,0.33672267
2591,2,1,0.28526673,0.3780106,0.33672267
2592,1,2,0.32245976,0.33015174,0.34738845
2593,1,1,0.2559331,0.39878562,0.3452812
2594,1,0,0.37677795,0.30100408,0.32221806
2595,1,0,0.41009495,0.28371188,0.30619317
2596,1,1,0.23127249,0.42021194,0.34851557
2597,1,1,0.23204719,0.42083976,0.34711307
2598,1,1,0.3029376,0.37826893,0.31879348
2599,2,1,0.28834885,0.3813523,0.33029884
2600,1,1,0.3203321,0.3772636,0.30240428
2601,1,1,0.27080765,0.40443805,0.32475427
2602,1,2,0.28177008,0.31099302,0.4072369
2603,1,0,0.42842737,0.23105824,0.3405144
2604,1,0,0.42489222,0.2246431,0.35046467
2605,1,0,0.41873983,0.23577847,0.34548175
2606,0,2,0.27028733,0.3583646,0.37134805
2607,0,0,0.35337022,0.3290494,0.31758037
2608,1,0,0.44151804,0.26588017,0.2926017
2609,1,0,0.45198414,0.2559116,0.2921042
2610,0,0,0.3905071,0.30386567,0.30562723
2611,1,0,0.3691798,0.35484552,0.27597475
2612,1,0,0.3794626,0.3479795,0.27255788
2613,0,0,0.36213446,0.35716647,0.280699
2614,1,0,0.35695007,0.32623133,0.31681862
2615,0,0,0.40140614,0.3375272,0.26106668
2616,0,0,0.3660707,0.3410655,0.29286382
2617,2,0,0.39909437,0.33769566,0.26320988
2618,0,0,0.38770592,0.33304894,0.27924514
2619,0,0,0.3952143,0.32368192,0.28110388
2620,1,0,0.38872516,0.3221939,0.289081
2621,0,0,0.38179156,0.33408424,0.28412423
2622,0,2,0.3378568,0.31495333,0.34718984
2623,2,0,0.36216813,0.31978667,0.31804523
2624,0,0,0.4684881,0.22091883,0.31059307
2625,0,1,0.32794625,0.34099323,0.3310605
2626,1,2,0.3314921,0.32522756,0.34328032
2627,2,1,0.28805554,0.40360084,0.30834362
2628,1,0,0.37197816,0.32022062,0.30780125
2629,0,2,0.29364863,0.3261483,0.3802031
2630,0,1,0.30875024,0.37596098,0.3152888
2631,1,1,0.29271415,0.36394224,0.3433436
2632,2,2,0.27338052,0.34606475,0.3805547
2633,0,2,0.3153912,0.32042953,0.3641793
2634,2,1,0.3132605,0.3483698,0.33836964
2635,1,2,0.25002494,0.34581771,0.40415737
2636,2,0,0.396592,0.2995872,0.30382088
2637,0,2,0.25874594,0.35312918,0.3881249
2638,2,0,0.34658456,0.3453306,0.3080848
2639,0,1,0.22480775,0.42452353,0.3506687
2640,1,1,0.23105304,0.39786682,0.37108016
2641,1,0,0.35262296,0.3495377,0.29783937
2642,1,0,0.3593317,0.344734,0.2959343
2643,0,1,0.24303336,0.42769086,0.32927573
2644,0,1,0.27041516,0.39600736,0.33357742
2645,0,1,0.27978668,0.40159678,0.31861654
2646,1,1,0.2651904,0.37056947,0.3642401
2647,0,0,0.3706279,0.32479876,0.3045733
2648,1,1,0.23110068,0.43396977,0.3349295
2649,0,1,0.22764991,0.43930843,0.33304164
2650,1,1,0.2479546,0.4197203,0.33232507
2651,0,1,0.22419009,0.412004,0.36380595
2652,0,1,0.29965317,0.3674903,0.33285657
2653,2,2,0.30881384,0.3439899,0.34719628
2654,2,1,0.23264945,0.4122581,0.3550925
2655,0,0,0.4052665,0.28719366,0.3075399
2656,0,1,0.31064957,0.39719355,0.29215688
2657,1,1,0.2954988,0.39291146,0.31158978
2658,1,1,0.3213745,0.38607106,0.2925545
2659,1,0,0.39798877,0.3574667,0.24454457
2660,1,0,0.40798745,0.3083615,0.28365102
2661,0,0,0.40418437,0.2753929,0.32042274
2662,0,0,0.40058723,0.28350943,0.31590337
2663,1,0,0.40828106,0.27609122,0.31562778
2664,1,0,0.42476296,0.25688052,0.31835645
2665,1,0,0.42521197,0.2548118,0.31997627
2666,1,0,0.38838303,0.29910144,0.31251553
2667,1,0,0.38730204,0.31341848,0.29927945
2668,0,0,0.42276722,0.26679838,0.31043434
2669,1,0,0.397377,0.2934717,0.30915135
2670,2,2,0.32369497,0.33773297,0.33857208
2671,2,2,0.3549614,0.25081444,0.3942241
2672,2,0,0.39339054,0.24411897,0.36249042
2673,1,2,0.35409436,0.2730856,0.3728201
2674,2,2,0.344953,0.29392254,0.3611244
2675,1,2,0.36057186,0.2655821,0.37384608
2676,2,0,0.39613062,0.31695357,0.28691572
2677,1,0,0.35302442,0.30736715,0.33960846
2678,2,0,0.41250846,0.23004201,0.35744947
2679,1,0,0.40907902,0.24416222,0.3467588
2680,2,0,0.35970432,0.28760475,0.3526909
2681,1,0,0.42274678,0.23362221,0.3436311
2682,1,2,0.27418706,0.33878046,0.38703248
2683,1,1,0.2672488,0.3699373,0.3628139
2684,2,0,0.3707392,0.35497513,0.2742857
2685,1,1,0.23161754,0.425169,0.3432134
2686,1,0,0.34170204,0.3242059,0.33409208
2687,1,0,0.44647434,0.2502988,0.3032269
2688,0,2,0.3598731,0.2659096,0.37421727
2689,1,1,0.24646556,0.41546497,0.33806944
2690,1,1,0.2852157,0.40860984,0.30617452
2691,2,0,0.48818746,0.28233117,0.22948141
2692,1,0,0.36832646,0.2934465,0.33822706
2693,2,0,0.47614616,0.29015148,0.23370233
2694,0,0,0.40414783,0.3388406,0.2570116
2695,0,0,0.4504031,0.29885167,0.2507452
2696,1,0,0.44418472,0.27836022,0.27745494
2697,2,1,0.31645358,0.35144228,0.3321041
2698,1,0,0.35614344,0.3226965,0.32116002
2699,1,1,0.23462343,0.43092737,0.33444914
2700,1,2,0.30471003,0.28903988,0.4062501
2701,0,1,0.2215387,0.4081182,0.37034312
2702,2,2,0.24823716,0.37195745,0.3798054
2703,2,1,0.220524,0.4230397,0.35643634
2704,2,1,0.2477869,0.38655725,0.36565578
2705,1,1,0.2200972,0.4283521,0.35155076
2706,1,2,0.24272473,0.37724817,0.3800271
2707,1,1,0.22814241,0.39043868,0.38141882
2708,2,1,0.24425451,0.391253,0.36449257
2709,0,2,0.2399243,0.37001583,0.39005983
2710,2,1,0.21661764,0.41463974,0.36874264
2711,2,1,0.22846884,0.41343904,0.3580921
2712,1,1,0.26754785,0.38976404,0.34268805
2713,1,1,0.23592632,0.42250723,0.3415665
2714,1,1,0.24479409,0.393904,0.3613019
2715,0,1,0.22133724,0.41353396,0.36512884
2716,0,1,0.249222,0.4076349,0.34314314
2717,2,1,0.2390142,0.4084689,0.35251692
2718,2,1,0.23766756,0.4056346,0.35669786
2719,2,1,0.24401762,0.39970303,0.35627937
2720,0,1,0.23369694,0.41410175,0.35220134
2721,1,1,0.25025275,0.42605534,0.3236919
2722,2,0,0.34053543,0.3361283,0.32333636
2723,2,1,0.24362175,0.39272064,0.36365756
2724,1,1,0.22739977,0.44082153,0.33177865
2725,1,1,0.25217152,0.41737774,0.33045077
2726,2,1,0.23542346,0.43223253,0.33234403
2727,1,1,0.25708786,0.4260406,0.31687158
2728,0,1,0.26912007,0.41832897,0.31255093
2729,1,1,0.26148376,0.43574852,0.30276772
2730,1,1,0.24003714,0.4390341,0.32092878
2731,1,1,0.28265595,0.4216971,0.295647
2732,1,0,0.40194675,0.34872314,0.24933013
2733,1,1,0.3133118,0.40289244,0.28379586
2734,1,1,0.3333406,0.37749422,0.2891652
2735,1,1,0.24575599,0.4333204,0.3209236
2736,2,0,0.37409753,0.32278425,0.30311823
2737,0,0,0.3709133,0.33172658,0.29736003
2738,0,0,0.35018134,0.33091962,0.31889898
2739,2,1,0.3302394,0.3734725,0.2962881
2740,0,1,0.31130528,0.3781877,0.31050706
2741,0,1,0.3228325,0.3822048,0.2949627
2742,0,1,0.28307015,0.38941363,0.32751626
2743,1,1,0.30538553,0.38530737,0.30930704
2744,1,0,0.40419006,0.34582245,0.24998748
2745,1,0,0.40419006,0.34582245,0.24998748
2746,1,0,0.35649166,0.3528688,0.29063952
2747,1,1,0.27612182,0.37797698,0.34590125
2748,0,1,0.2692633,0.38574225,0.34499443
2749,0,0,0.38376468,0.33093774,0.2852975
2750,1,0,0.35615098,0.33470696,0.30914208
2751,1,1,0.3229901,0.37023315,0.30677673
2752,1,1,0.25892183,0.4141396,0.3269385
2753,1,1,0.31279168,0.34688523,0.34032306
2754,1,2,0.30796453,0.3418955,0.35013998
2755,0,0,0.38882083,0.2996563,0.3115228
2756,2,0,0.38653907,0.30125815,0.3122028
2757,2,0,0.37750617,0.3084325,0.31406134
2758,0,0,0.40177724,0.29043055,0.3077922
2759,1,0,0.39458114,0.2954784,0.3099405
2760,2,0,0.36791328,0.316384,0.3157028
2761,0,0,0.34873092,0.3319667,0.3193024
2762,1,0,0.34974033,0.32987896,0.32038072
2763,0,0,0.36081052,0.32236975,0.31681964
2764,2,0,0.3483763,0.34195393,0.30966982
2765,0,0,0.38896027,0.31694138,0.29409838
2766,0,0,0.35015076,0.33026746,0.31958178
2767,1,0,0.40603134,0.29523116,0.29873756
2768,1,2,0.30589885,0.32798895,0.36611223
2769,0,2,0.28944695,0.34344563,0.3671074
2770,0,2,0.28601265,0.34912392,0.3648634
2771,2,2,0.32207978,0.31518126,0.36273894
2772,1,2,0.30265653,0.3264524,0.37089106
2773,2,2,0.30265653,0.3264524,0.37089106
2774,1,1,0.28784773,0.4190761,0.2930761
2775,1,0,0.42468932,0.2933929,0.28191775
2776,1,1,0.25849956,0.41767994,0.3238205
2777,0,0,0.35361406,0.32554185,0.32084402
2778,0,1,0.31519303,0.39433092,0.29047602
2779,1,1,0.26122603,0.41350755,0.3252664
2780,1,1,0.30739933,0.40111634,0.2914843
2781,1,1,0.2934993,0.42192787,0.2845729
2782,1,1,0.26296905,0.4314768,0.30555412
2783,1,1,0.24139279,0.39647815,0.36212903
2784,1,0,0.38928148,0.28704143,0.32367712
2785,1,0,0.38708255,0.26886782,0.3440497
2786,1,2,0.33374956,0.30153003,0.3647204
2787,1,2,0.34785974,0.28305727,0.369083
2788,1,2,0.3294695,0.33028525,0.34024525
2789,1,0,0.34381387,0.33343622,0.32274994
2790,0,1,0.3477573,0.3791775,0.27306515
2791,0,0,0.38435107,0.33217347,0.28347543
2792,1,0,0.40850797,0.28518638,0.3063057
2793,0,1,0.2751379,0.37819347,0.34666863
2794,0,1,0.32640126,0.3549479,0.3186508
2795,1,1,0.29738107,0.36660588,0.3360131
2796,2,2,0.29786986,0.33792874,0.36420137
2797,0,1,0.26581353,0.39350796,0.3406785
2798,0,0,0.3623949,0.29008263,0.3475224
2799,1,0,0.38436708,0.30254284,0.31309006
2800,0,1,0.3305411,0.34930772,0.32015115
2801,1,1,0.29412112,0.3971156,0.30876327
2802,1,2,0.32678303,0.32622972,0.34698725
2803,1,0,0.45326063,0.2576642,0.2890751
2804,1,0,0.44725645,0.25349125,0.29925224
2805,1,0,0.3681918,0.3287342,0.30307397
2806,1,0,0.35513192,0.32445168,0.3204164
2807,1,0,0.44343913,0.27174953,0.2848114
2808,1,1,0.247102,0.3808302,0.37206778
2809,0,1,0.28064018,0.37324914,0.3461107
2810,1,0,0.38734785,0.3001545,0.31249765
2811,2,1,0.32099813,0.34086505,0.3381368
2812,1,0,0.374121,0.31748453,0.3083945
2813,2,0,0.44858626,0.27087894,0.2805348
2814,0,0,0.39024293,0.2848548,0.32490233
2815,2,1,0.31468484,0.35890293,0.32641226
2816,0,0,0.5749135,0.22356187,0.20152456
2817,0,0,0.41927817,0.3235244,0.25719747
2818,1,0,0.37256643,0.35266954,0.2747641
2819,1,0,0.4480474,0.29123133,0.2607212
2820,2,0,0.41120493,0.320127,0.26866806
2821,1,0,0.3739626,0.3586064,0.267431
2822,1,0,0.42008469,0.27654836,0.30336696
2823,1,0,0.38121876,0.30426776,0.31451347
2824,2,0,0.37395912,0.31003925,0.31600162
2825,1,0,0.4354217,0.32421777,0.24036059
2826,0,0,0.49206355,0.2885242,0.21941227
2827,2,0,0.4520903,0.28705534,0.26085427
2828,2,0,0.46861053,0.27543283,0.25595662
2829,1,0,0.42945498,0.27002323,0.3005218
2830,1,0,0.40162665,0.28991288,0.30846038
2831,2,0,0.3852108,0.30029273,0.31449643
2832,2,0,0.36762032,0.3061551,0.32622463
2833,2,0,0.37641883,0.33004984,0.2935313
2834,1,0,0.38745236,0.32969955,0.2828481
2835,2,0,0.3917646,0.29821694,0.31001845
2836,1,0,0.38513005,0.31907618,0.2957937
2837,0,0,0.35556424,0.33871225,0.3057235
2838,1,1,0.22460222,0.43632933,0.33906844
2839,1,1,0.27249923,0.42484334,0.3026575
2840,1,1,0.22538038,0.4218897,0.35272998
2841,2,1,0.22028083,0.41687834,0.36284086
2842,2,1,0.22528838,0.42616484,0.34854683
2843,0,1,0.24543652,0.41910112,0.3354624
2844,2,0,0.355388,0.32426426,0.32034773
2845,1,1,0.26824272,0.4249288,0.3068285
2846,1,1,0.25542092,0.41023016,0.3343489
2847,1,1,0.21891437,0.42955238,0.35153323
2848,1,1,0.22842781,0.43434957,0.3372226
2849,0,1,0.2587557,0.4274162,0.3138281
2850,0,0,0.40073943,0.25871933,0.3405412
2851,1,2,0.3239224,0.33522502,0.3408526
2852,1,1,0.28488684,0.36734176,0.34777144
2853,1,1,0.23633796,0.43122825,0.33243385
2854,0,1,0.2573029,0.4337498,0.30894724
2855,1,1,0.31443313,0.35105202,0.33451486
2856,0,1,0.30162802,0.37739208,0.32097983
2857,0,1,0.26775974,0.42271712,0.30952317
2858,2,2,0.29786524,0.3390084,0.36312634
2859,2,1,0.274107,0.36983326,0.35605973
2860,0,1,0.2766993,0.42490625,0.29839444
2861,0,1,0.22873825,0.40262938,0.36863238
2862,0,1,0.27187437,0.4015944,0.32653132
2863,2,1,0.32630745,0.3431413,0.33055124
2864,2,1,0.31319416,0.36506695,0.3217389
2865,2,0,0.33950797,0.3378264,0.32266566
2866,1,0,0.47950685,0.2807268,0.23976634
2867,1,0,0.46701097,0.28914568,0.24384329
2868,2,1,0.3127036,0.35034028,0.33695602
2869,0,1,0.2846669,0.37014773,0.34518528
2870,1,0,0.34103116,0.32758963,0.33137926
2871,2,1,0.25789967,0.37716237,0.36493793
2872,1,0,0.44625762,0.25448194,0.29926038
2873,1,0,0.45187882,0.2612969,0.2868242
2874,2,0,0.37239406,0.31115565,0.31645036
2875,1,0,0.43934175,0.22059123,0.34006697
2876,2,2,0.34650365,0.30106878,0.35242754
2877,2,0,0.35231975,0.32621387,0.32146636
2878,2,0,0.35928318,0.34591305,0.29480377
2879,2,0,0.3746327,0.30994254,0.3154248
2880,1,0,0.45031792,0.2651872,0.28449485
2881,0,0,0.3814469,0.30512032,0.3134328
2882,2,0,0.34834033,0.32992938,0.32173026
2883,0,2,0.32358292,0.3061341,0.37028292
2884,1,1,0.29714635,0.3680439,0.33480975
2885,0,0,0.34112778,0.33530116,0.3235711
2886,0,1,0.31860504,0.34388882,0.33750618
2887,2,0,0.37011337,0.31273156,0.317155
2888,0,0,0.40935886,0.2777059,0.31293523
2889,0,0,0.35506916,0.32451996,0.32041094
2890,1,0,0.3764259,0.30879056,0.31478357
2891,1,0,0.36161286,0.31486574,0.3235214
2892,1,0,0.38887784,0.2965626,0.3145596
2893,1,0,0.41118225,0.2706851,0.31813264
2894,0,0,0.3696536,0.30644307,0.32390332
2895,1,1,0.2979807,0.357054,0.34496528
2896,1,1,0.24745402,0.40951777,0.3430282
2897,1,1,0.23527855,0.43004495,0.3346765
2898,1,1,0.25338227,0.44345033,0.3031674
2899,1,1,0.23815739,0.42608795,0.3357547
2900,1,1,0.2266306,0.40799293,0.36537644
2901,0,1,0.2720176,0.41595668,0.31202576
2902,2,1,0.33218113,0.34470513,0.32311374
2903,1,1,0.2467694,0.42268443,0.33054614
2904,1,1,0.27474535,0.41942453,0.30583018
2905,0,1,0.27072117,0.39182767,0.33745116
2906,1,1,0.2412988,0.43431187,0.3243893
2907,1,1,0.2717701,0.42380422,0.30442575
2908,1,1,0.22714949,0.44500577,0.32784468
2909,2,2,0.32502234,0.33587182,0.33910584
2910,0,1,0.23273373,0.4291429,0.3381234
2911,2,0,0.40024015,0.2708688,0.32889107
2912,1,0,0.3703683,0.31425807,0.31537363
2913,0,0,0.35877988,0.32368603,0.31753412
2914,1,0,0.35856083,0.32383707,0.31760207
2915,2,0,0.35562292,0.3278726,0.3165045
2916,1,0,0.35810673,0.3253564,0.31653684
2917,2,0,0.35044834,0.33108643,0.31846526
2918,0,0,0.3535724,0.32829234,0.31813523
2919,2,1,0.24074386,0.42744488,0.33181128
2920,2,1,0.26367903,0.42099288,0.31532815
2921,1,0,0.35521358,0.3262345,0.318552
2922,1,1,0.33627352,0.35891828,0.3048082
2923,0,1,0.3508059,0.35696718,0.29222694
2924,2,0,0.357081,0.3250789,0.31784007
2925,2,1,0.32469684,0.36969543,0.3056077
2926,2,2,0.28912848,0.3541214,0.3567502
2927,2,0,0.35039136,0.30258578,0.3470229
2928,2,1,0.23399709,0.42049548,0.34550744
2929,1,0,0.38314503,0.30364755,0.31320736
2930,1,0,0.3906856,0.29789507,0.31141934
2931,1,1,0.33482787,0.34967422,0.3154978
2932,1,1,0.24725103,0.42212328,0.33062574
2933,2,0,0.37845203,0.30747953,0.3140684
2934,2,2,0.2878548,0.3442037,0.3679415
2935,2,1,0.25955755,0.3999313,0.34051114
2936,2,2,0.2950587,0.32567745,0.37926382
2937,1,0,0.37256962,0.27473927,0.3526911
2938,2,0,0.38602823,0.331336,0.2826358
2939,2,2,0.30837822,0.3199654,0.3716564
2940,2,2,0.312685,0.3233178,0.36399713
2941,1,2,0.3060543,0.32400376,0.369942
2942,0,1,0.2860635,0.41950092,0.2944356
2943,1,0,0.3577412,0.32309505,0.31916377
2944,1,0,0.35638022,0.32408175,0.3195381
2945,2,0,0.37190503,0.27414912,0.35394585
2946,2,0,0.41642532,0.27930924,0.30426547
2947,1,0,0.34973297,0.33966437,0.31060264
2948,0,0,0.41501868,0.31336164,0.2716198
2949,0,0,0.42241544,0.29704028,0.28054428
2950,0,0,0.43358853,0.3141081,0.25230342
2951,0,0,0.42857888,0.3195608,0.25186035
2952,0,1,0.33801612,0.34492746,0.31705642
2953,0,0,0.43140325,0.29481322,0.27378348
2954,0,0,0.40040302,0.30607376,0.29352322
2955,0,0,0.40487182,0.30437937,0.2907488
2956,2,0,0.44071665,0.2757277,0.28355566
2957,2,0,0.3877262,0.35614035,0.25613347
2958,2,1,0.34805506,0.37674376,0.27520117
2959,0,0,0.34995246,0.34914154,0.30090606
2960,2,0,0.3629414,0.35159823,0.28546038
2961,2,0,0.34928703,0.34758216,0.3031308
2962,0,1,0.36805764,0.37802383,0.25391853
2963,0,0,0.3533029,0.35313243,0.29356468
2964,2,0,0.42314318,0.32685944,0.24999735
2965,2,1,0.30393517,0.3558614,0.3402035
2966,0,1,0.3204241,0.34069046,0.33888543
2967,0,0,0.41220456,0.3016164,0.286179
2968,0,0,0.35064766,0.34924135,0.30011097
2969,0,1,0.3098971,0.36717427,0.32292867
2970,0,1,0.3101454,0.34796542,0.34188923
2971,0,0,0.43284872,0.31331822,0.25383314
2972,1,0,0.36884657,0.32198638,0.30916706
2973,0,1,0.29621962,0.36722013,0.33656022
2974,0,1,0.2753566,0.39652535,0.32811812
2975,2,0,0.3514006,0.3387346,0.3098648
2976,2,0,0.3514006,0.3387346,0.3098648
2977,2,0,0.501609,0.23829734,0.26009366
2978,0,0,0.38944498,0.29248574,0.3180693
2979,0,1,0.3225244,0.354841,0.32263458
2980,0,0,0.37452945,0.33190835,0.29356223
2981,0,1,0.23245625,0.39473408,0.3728096
2982,0,1,0.24490127,0.4448456,0.31025323
2983,0,1,0.22020501,0.43675497,0.34304
2984,0,1,0.27636322,0.4098533,0.31378347
2985,0,1,0.22294976,0.44447887,0.3325714
2986,2,1,0.2617765,0.4124645,0.325759
2987,2,1,0.26951647,0.41345796,0.3170256
2988,0,0,0.3501509,0.31714347,0.33270568
2989,0,1,0.24080025,0.4092241,0.34997565
2990,0,0,0.37574953,0.30354822,0.32070222
2991,0,1,0.29357317,0.39875305,0.30767375
2992,0,2,0.2868791,0.35180545,0.3613155
2993,0,1,0.22706006,0.41308707,0.35985285
2994,1,0,0.41737953,0.2792204,0.3034001
2995,0,0,0.49199665,0.23740551,0.27059776
2996,0,0,0.3529223,0.34176517,0.30531254
2997,0,0,0.47502828,0.23343356,0.29153812
2998,0,0,0.36279207,0.31822002,0.31898797
2999,2,1,0.33528766,0.3564157,0.30829665
3000,2,1,0.30363217,0.36775526,0.32861257
3001,2,0,0.36323565,0.3014221,0.3353422
3002,2,2,0.32821646,0.3016575,0.37012607
3003,2,2,0.26228043,0.35890132,0.37881824
3004,0,0,0.38326883,0.26705772,0.3496735
3005,0,0,0.4479221,0.1412983,0.41077963
3006,2,0,0.4353944,0.26622486,0.2983807
3007,0,0,0.43703768,0.21016091,0.35280132
3008,0,0,0.4599356,0.2198442,0.3202202
3009,0,0,0.45382413,0.2060988,0.34007704
3010,2,0,0.47029275,0.22907601,0.30063128
3011,2,0,0.40289742,0.25388065,0.3432219
3012,2,0,0.3684708,0.29493105,0.33659816
3013,2,0,0.41896108,0.2499816,0.3310574
3014,0,0,0.39957747,0.2372592,0.36316332
3015,0,0,0.40344316,0.2494518,0.34710506
3016,0,0,0.3905694,0.25831276,0.35111785
3017,0,0,0.39029878,0.24382363,0.3658776
3018,2,0,0.3976162,0.23351695,0.36886683
3019,1,2,0.37121797,0.24539833,0.38338366
3020,0,2,0.3613946,0.2698058,0.36879954
3021,1,0,0.43899032,0.23706868,0.32394102
3022,0,2,0.34377304,0.2989415,0.35728538
3023,0,0,0.34637836,0.31466767,0.338954
3024,0,2,0.3199361,0.2746649,0.40539902
3025,0,2,0.33535424,0.29899073,0.36565503
3026,0,0,0.3830534,0.2846415,0.33230513
3027,0,2,0.34502888,0.2788112,0.37615997
3028,2,0,0.577398,0.15606938,0.26653257
3029,0,0,0.577398,0.15606938,0.26653257
3030,0,0,0.44018435,0.20880313,0.3510126
3031,0,1,0.31114343,0.37133121,0.31752542
3032,0,0,0.3668581,0.34211648,0.2910255
3033,0,0,0.41705072,0.29354632,0.28940293
3034,0,0,0.4078043,0.22560444,0.3665913
3035,0,1,0.3036575,0.38703415,0.3093084
3036,0,1,0.2940706,0.3604537,0.34547573
3037,0,1,0.28158706,0.39623848,0.3221745
3038,0,1,0.26568797,0.42155758,0.31275442
3039,1,1,0.3098128,0.37336314,0.316824
3040,0,1,0.3098128,0.37336314,0.316824
3041,0,1,0.33160466,0.35406452,0.31433082
3042,0,2,0.3090222,0.32481483,0.366163
3043,0,1,0.28253517,0.3615895,0.3558753
3044,0,1,0.27214,0.40025973,0.32760036
3045,0,1,0.26924697,0.38695878,0.34379426
3046,0,0,0.36294255,0.31937867,0.31767884
3047,0,0,0.35627133,0.32500967,0.31871897
3048,0,1,0.26634318,0.3754096,0.35824722
3049,0,1,0.28353244,0.37892577,0.33754173
3050,0,1,0.25597072,0.40796423,0.33606496
3051,0,1,0.27732372,0.4093445,0.31333178
3052,0,1,0.29445913,0.39689055,0.3086503
3053,0,1,0.26643798,0.4140194,0.31954256
3054,0,1,0.24058437,0.4344818,0.32493383
3055,0,1,0.23281454,0.43377972,0.33340576
3056,2,1,0.2437077,0.4114787,0.3448136
3057,2,1,0.24546903,0.42502096,0.3295101
3058,0,1,0.25115302,0.42879283,0.3200542
3059,0,0,0.38152176,0.3041406,0.31433767
3060,1,2,0.2805347,0.3488142,0.3706511
3061,1,0,0.43304566,0.27893108,0.28802326
3062,1,0,0.37961954,0.3387228,0.28165764
3063,1,0,0.37416166,0.36357468,0.26226363
3064,1,1,0.2960024,0.35872465,0.34527293
3065,0,0,0.41040206,0.28261808,0.30697995
3066,1,0,0.39375362,0.29488507,0.3113613
3067,2,0,0.34348917,0.33614004,0.3203708
3068,2,0,0.35125265,0.32762748,0.32111987
3069,2,0,0.36041683,0.3209522,0.31863102
3070,2,1,0.3144595,0.39666715,0.28887337
3071,2,0,0.36602962,0.31653616,0.31743428
3072,2,0,0.3478486,0.33063632,0.3215151
3073,0,0,0.36550048,0.31857207,0.31592742
3074,0,0,0.35240585,0.32678464,0.32080954
3075,0,1,0.31441888,0.34497356,0.34060755
3076,0,0,0.36043203,0.31420928,0.3253587
3077,0,0,0.36005354,0.2953383,0.34460816
3078,0,0,0.35771146,0.32290125,0.31938723
3079,1,0,0.4435245,0.26041347,0.29606205
3080,0,0,0.36458448,0.31661057,0.31880498
3081,0,0,0.45050997,0.30190036,0.24758969
3082,0,0,0.42383605,0.30258423,0.27357975
3083,0,0,0.3584705,0.30876487,0.33276471
3084,0,0,0.35689297,0.3365828,0.30652422
3085,0,1,0.3599638,0.36163297,0.2784031
3086,0,0,0.54024106,0.19133137,0.26842752
3087,1,0,0.38722017,0.2970228,0.31575707
3088,1,0,0.5242692,0.24746814,0.22826263
3089,0,0,0.35839003,0.35381806,0.2877919
3090,0,0,0.40977043,0.34287816,0.2473514
3091,0,0,0.43109772,0.30238205,0.2665202
3092,2,0,0.4280218,0.3093993,0.2625789
3093,0,1,0.33002537,0.33620936,0.33376524
3094,0,0,0.37357602,0.35896435,0.26745972
3095,1,1,0.32641456,0.34675023,0.3268352
3096,0,1,0.25465283,0.38331008,0.36203703
3097,0,1,0.28525415,0.38819206,0.32655376
3098,2,1,0.35249248,0.36206743,0.28544003
3099,2,1,0.3003832,0.37534368,0.32427308
3100,2,0,0.45537654,0.2754253,0.26919818
3101,2,1,0.34495813,0.35164505,0.30339676
3102,0,2,0.35236168,0.27316302,0.37447536
3103,2,1,0.3444603,0.35503438,0.3005053
3104,1,1,0.30678338,0.39552242,0.29769424
3105,1,0,0.36363348,0.34152082,0.2948457
3106,0,1,0.30067447,0.371534,0.32779157
3107,0,1,0.3492126,0.35860005,0.29218742
3108,0,1,0.2527649,0.40362632,0.34360877
3109,0,0,0.4272701,0.23834321,0.33438668
3110,0,0,0.4348226,0.25972572,0.30545172
3111,0,1,0.28887686,0.3629243,0.3481988
3112,0,2,0.26423517,0.3640728,0.37169203
3113,2,0,0.42404795,0.29244217,0.2835099
3114,2,0,0.35300863,0.3333895,0.31360188
3115,2,0,0.43391505,0.27285552,0.29322943
3116,2,1,0.32302585,0.37336215,0.30361202
3117,0,0,0.35969427,0.31709474,0.32321098
3118,0,0,0.42439955,0.2741926,0.30140778
3119,0,0,0.44883406,0.26198184,0.28918412
3120,0,0,0.3593506,0.340915,0.2997344
3121,0,0,0.37516856,0.2921109,0.33272052
3122,0,0,0.41831166,0.31550527,0.26618305
3123,0,0,0.3693389,0.31644884,0.31421235
3124,0,1,0.30196515,0.38557324,0.31246156
3125,2,0,0.3928969,0.34708154,0.2600216
3126,2,1,0.32090145,0.34250417,0.33659443
3127,2,0,0.44958127,0.2905859,0.25983283
3128,0,0,0.48522082,0.2651004,0.24967878
3129,0,1,0.28574377,0.395908,0.31834823
3130,0,0,0.36173153,0.32920635,0.30906212
3131,0,0,0.37729523,0.32331038,0.29939437
3132,0,0,0.41009986,0.3287468,0.26115334
3133,0,0,0.43337765,0.2907972,0.27582505
3134,0,0,0.36225173,0.34451273,0.29323563
3135,0,0,0.42830983,0.3081408,0.2635494
3136,2,0,0.38876244,0.31791794,0.29331964
3137,2,0,0.41616848,0.30153087,0.28230062
3138,0,0,0.41378888,0.31381342,0.27239773
3139,0,0,0.42935872,0.2684034,0.30223787
3140,0,0,0.52286965,0.2359822,0.24114822
3141,2,0,0.3535275,0.3266088,0.31986365
3142,0,0,0.37345397,0.31070417,0.3158419
3143,0,0,0.47345418,0.21469489,0.31185094
3144,0,1,0.33483535,0.35045293,0.31471172
3145,0,0,0.46111324,0.2249823,0.3139044
3146,2,0,0.3589457,0.3545257,0.28652868
3147,0,0,0.38462442,0.33468547,0.28069004
3148,0,0,0.4434666,0.25953758,0.29699582
3149,0,0,0.45695177,0.29017493,0.25287327
3150,0,0,0.39802635,0.28118262,0.32079107
3151,0,0,0.39680037,0.30748564,0.295714
3152,0,0,0.39429802,0.32649633,0.2792057
3153,0,0,0.44205755,0.26117754,0.29676497
3154,0,0,0.40930232,0.3157156,0.27498206
3155,1,2,0.33894408,0.31648108,0.34457487
3156,2,0,0.51097244,0.2233691,0.26565844
3157,2,0,0.40556666,0.31881753,0.27561578
3158,0,0,0.4360966,0.29013732,0.273766
3159,0,0,0.41338393,0.32409906,0.262517
3160,2,0,0.38564318,0.35003498,0.26432174
3161,0,0,0.39148346,0.2979824,0.31053418
3162,2,0,0.3831241,0.30372706,0.31314883
3163,0,0,0.3525915,0.32725036,0.32015806
3164,0,0,0.34638146,0.3338549,0.31976366
3165,1,0,0.4732083,0.26876873,0.258023
3166,1,0,0.4962109,0.22577451,0.27801454
3167,1,0,0.54623973,0.20352076,0.2502395
3168,1,0,0.39638206,0.35380462,0.24981332
3169,1,0,0.37035185,0.36336908,0.26627904
3170,1,1,0.35640892,0.37993625,0.2636549
3171,1,0,0.35118303,0.32855025,0.32026675
3172,0,0,0.41087854,0.33597103,0.25315046
3173,1,0,0.41830853,0.30883133,0.2728601
3174,1,0,0.37538284,0.30893078,0.31568635
3175,0,0,0.35740006,0.32317752,0.31942245
3176,1,1,0.3375662,0.33992368,0.32251018
3177,1,0,0.36083767,0.31990302,0.31925938
3178,1,0,0.35865408,0.32163423,0.3197116
3179,1,0,0.35020328,0.32817307,0.32162365
3180,2,1,0.33442983,0.343533,0.32203722
3181,0,1,0.33295062,0.34396437,0.32308498
3182,0,1,0.33740094,0.38368773,0.2789113
3183,2,0,0.34462592,0.33310318,0.32227087
3184,2,0,0.34209073,0.3353198,0.32258946
3185,0,0,0.36826274,0.31507656,0.3166608
3186,1,0,0.35435718,0.32517475,0.3204681
3187,2,0,0.37230864,0.36105233,0.26663902
3188,2,0,0.388188,0.3129819,0.29883006
3189,0,0,0.5121462,0.2413455,0.24650836
3190,1,0,0.34118125,0.3325743,0.32624438
3191,2,0,0.35173547,0.32754934,0.32071528
3192,2,0,0.4058761,0.2872465,0.3068774
3193,1,0,0.3667337,0.31615114,0.31711513
3194,1,1,0.26173517,0.39345184,0.34481302
3195,2,1,0.32155207,0.3835737,0.2948742
3196,2,1,0.27335474,0.416511,0.31013435
3197,1,1,0.2623308,0.3974837,0.3401855
3198,1,1,0.27212012,0.38288394,0.34499595
3199,1,1,0.2727067,0.3796694,0.34762388
3200,0,1,0.27317435,0.3798065,0.34701914
3201,1,0,0.36629024,0.31570473,0.31800497
3202,0,2,0.35260117,0.25624412,0.39115474
3203,2,1,0.26893857,0.3799245,0.35113686
3204,2,1,0.24729969,0.43393683,0.31876346
3205,2,1,0.24166954,0.43486065,0.32346985
3206,1,1,0.22978356,0.42685,0.34336647
3207,2,1,0.24946804,0.42769256,0.32283938
3208,1,1,0.2943636,0.3692762,0.33636016
3209,2,2,0.29174793,0.3254057,0.38284642
3210,2,0,0.37267324,0.35384274,0.273484
3211,1,0,0.40073377,0.29500243,0.30426383
3212,1,0,0.45005175,0.2559777,0.2939706
3213,2,2,0.256278,0.35732678,0.38639522
3214,1,0,0.43144596,0.2589703,0.30958375
3215,2,2,0.23787367,0.38067007,0.3814562
3216,2,2,0.23343897,0.37469998,0.39186105
3217,1,1,0.23026255,0.39447612,0.3752613
3218,1,2,0.3212733,0.33363518,0.3450916
3219,2,1,0.27459025,0.3698504,0.35555932
3220,0,1,0.23603287,0.40142727,0.3625399
3221,2,2,0.31339303,0.3361549,0.35045207
3222,0,2,0.27039826,0.3549062,0.37469557
3223,1,1,0.24299437,0.3794019,0.37760374
3224,1,2,0.28113303,0.3494794,0.36938763
3225,1,1,0.26274717,0.3702896,0.36696327
3226,2,1,0.22634107,0.40586492,0.367794
3227,1,1,0.32168677,0.4006681,0.27764514
3228,2,1,0.25239763,0.44423,0.30337238
3229,2,1,0.2251132,0.4221119,0.3527749
3230,2,1,0.2545761,0.4426312,0.3027927
3231,2,1,0.22827418,0.44795012,0.3237757
3232,2,1,0.22881597,0.4071053,0.36407867
3233,0,1,0.29178864,0.35686475,0.3513466
3234,0,1,0.26539543,0.4089093,0.32569528
3235,1,1,0.2731652,0.40315205,0.32368273
3236,1,0,0.36202955,0.31820843,0.31976202
3237,2,1,0.31745258,0.35740116,0.3251462
3238,1,2,0.3084266,0.33571506,0.35585836
3239,2,2,0.31648895,0.30741873,0.3760923
3240,2,0,0.36146143,0.28050864,0.35802993
3241,1,1,0.3225168,0.39805758,0.27942562
3242,2,1,0.36334231,0.37996495,0.25669274
3243,1,1,0.32775924,0.39957955,0.2726612
3244,1,1,0.22229098,0.4154552,0.36225384
3245,0,0,0.36085302,0.32204947,0.31709749
3246,0,0,0.39194825,0.26696724,0.3410845
3247,0,1,0.24127491,0.43649426,0.32223082
3248,0,1,0.24533163,0.44631195,0.3083564
3249,2,1,0.2653183,0.41902494,0.31565675
3250,1,1,0.29830962,0.37964427,0.32204604
3251,0,1,0.27217522,0.42980903,0.29801574
3252,1,1,0.33909336,0.3422771,0.31862956
3253,2,0,0.35199103,0.31222984,0.33577916
3254,0,1,0.28309807,0.37885043,0.33805144
3255,1,0,0.3648327,0.3171248,0.31804246
3256,2,0,0.36138776,0.31954974,0.31906244
3257,1,1,0.25391802,0.44254744,0.3035345
3258,1,0,0.44522864,0.25310802,0.30166337
3259,2,0,0.35264543,0.29563898,0.3517156
3260,2,0,0.4469083,0.26379436,0.28929737
3261,2,2,0.31740052,0.33948687,0.3431126
3262,2,0,0.39233732,0.29664722,0.31101543
3263,2,0,0.5308892,0.22854027,0.24057047
3264,2,0,0.5339407,0.21950847,0.24655098
3265,1,0,0.5339407,0.21950847,0.24655098
3266,0,0,0.3901561,0.29957375,0.31027016
3267,2,0,0.42137927,0.27952227,0.29909846
3268,0,0,0.39302656,0.31120378,0.29576963
3269,1,0,0.34051186,0.32955196,0.32993615
3270,1,0,0.3663963,0.3238241,0.30977955
3271,1,0,0.44683644,0.25448817,0.29867542
3272,1,0,0.480904,0.2836585,0.23543742
3273,0,0,0.46352097,0.29544064,0.24103832
3274,0,0,0.42342782,0.32977855,0.24679363
3275,0,0,0.40913716,0.33839008,0.2524728
3276,0,0,0.3392428,0.33719897,0.32355818
3277,0,0,0.3791891,0.34806532,0.27274555
3278,0,0,0.40472615,0.32814118,0.26713267
3279,0,0,0.3737995,0.36123008,0.26497045
3280,2,1,0.3066072,0.37048438,0.32290846
3281,0,0,0.36584836,0.2898693,0.34428233
3282,1,0,0.4194058,0.26395923,0.31663504
3283,2,0,0.43390292,0.24060959,0.32548752
3284,2,0,0.34979764,0.3443176,0.30588475
3285,1,0,0.43588242,0.29692623,0.2671913
3286,2,1,0.23761235,0.44888517,0.31350252
3287,1,2,0.34630126,0.30509353,0.34860522
3288,1,1,0.26665464,0.4020938,0.33125147
3289,1,2,0.30808133,0.34182662,0.35009205
3290,1,1,0.30221567,0.40236238,0.29542193
3291,1,1,0.2592216,0.40932563,0.33145282
3292,2,1,0.22237422,0.4146173,0.36300847
3293,0,1,0.34081742,0.346037,0.3131456
3294,0,0,0.34768745,0.3274988,0.3248137
3295,2,1,0.2661693,0.36895972,0.36487094
3296,0,1,0.2654053,0.3881222,0.3464725
3297,1,1,0.24208723,0.44175154,0.31616122
3298,2,2,0.3250341,0.2915336,0.38343227
3299,1,2,0.28970063,0.3422965,0.3680028
3300,1,0,0.38176292,0.3028052,0.3154319
3301,2,0,0.42471486,0.27281007,0.30247498
3302,2,0,0.3968003,0.2918383,0.3113613
3303,1,0,0.4316813,0.24638432,0.3219344
3304,1,0,0.4357728,0.26513666,0.29909056
3305,2,0,0.37684366,0.30727085,0.3158854
3306,2,0,0.43784803,0.25709006,0.30506194
3307,2,0,0.41741055,0.27898222,0.30360729
3308,2,1,0.3171091,0.3785499,0.30434096
3309,1,0,0.37971476,0.3054532,0.314832
3310,1,0,0.39891598,0.2908448,0.31023917
3311,2,0,0.37491366,0.30900094,0.31608537
3312,1,0,0.3887761,0.2982445,0.31297937
3313,1,0,0.39986563,0.2901508,0.3099836
3314,1,0,0.39013308,0.2971635,0.31270343
3315,1,0,0.39577094,0.29316705,0.311062
3316,2,0,0.3919185,0.29578808,0.31229344
3317,0,0,0.34207356,0.33788028,0.3200462
3318,1,0,0.34260407,0.33618066,0.32121524
3319,1,0,0.34587544,0.33207214,0.32205236
3320,1,0,0.3848617,0.30184314,0.31329522
3321,2,0,0.37947997,0.30593705,0.31458297
3322,2,0,0.36479113,0.31544915,0.3197598
3323,1,0,0.39578307,0.2941673,0.31004956
3324,2,0,0.37839887,0.28276092,0.3388402
3325,1,0,0.4190566,0.309878,0.27106535
3326,2,0,0.46718502,0.25944552,0.27336937
3327,0,0,0.4161788,0.3347485,0.24907267
3328,1,0,0.39673996,0.31158176,0.29167825
3329,1,1,0.37209487,0.37320322,0.25470194
3330,1,1,0.37209487,0.37320322,0.25470194
3331,0,0,0.48193717,0.25826314,0.25979963
3332,0,0,0.40844703,0.33266377,0.25888923
3333,1,0,0.39165705,0.33775258,0.27059034
3334,1,0,0.39951056,0.33039564,0.27009383
3335,1,0,0.38979027,0.35815084,0.25205886
3336,2,0,0.38594595,0.30129653,0.31275752
3337,1,0,0.424719,0.32684842,0.24843259
3338,0,0,0.36011323,0.32030085,0.31958592
3339,2,0,0.3789334,0.306233,0.31483364
3340,0,0,0.35598823,0.32393834,0.32007334
3341,2,0,0.39197552,0.29635882,0.31166562
3342,1,0,0.3857048,0.3018964,0.3123988
3343,0,0,0.3884991,0.24591851,0.36558235
3344,2,0,0.37747464,0.307634,0.3148914
3345,1,0,0.45123324,0.24575916,0.30300763
3346,1,0,0.41843402,0.26432198,0.31724402
3347,2,0,0.39782414,0.27801937,0.3241565
3348,1,1,0.3134013,0.34780937,0.33878928
3349,1,0,0.35981026,0.28808773,0.35210204
3350,1,0,0.41502073,0.24692859,0.33805075
3351,1,0,0.44155946,0.27211115,0.2863294
3352,1,0,0.40392905,0.32719713,0.26887375
3353,1,0,0.4034177,0.31978473,0.27679753
3354,2,0,0.35908967,0.32370302,0.31720728
3355,2,1,0.31548813,0.36092338,0.3235885
3356,2,0,0.43727735,0.27581614,0.28690645
3357,0,1,0.2962853,0.37306985,0.33064482
3358,1,0,0.37488094,0.29589424,0.32922485
3359,2,0,0.40016115,0.2818187,0.31802014
3360,1,1,0.33662045,0.34522378,0.31815577
3361,0,0,0.34020492,0.33247504,0.32732007
3362,1,0,0.3450304,0.33127603,0.32369354
3363,1,0,0.40298963,0.28763494,0.3093754
3364,1,2,0.3476954,0.2880478,0.36425683
3365,2,1,0.26623026,0.40528092,0.32848886
3366,2,1,0.25494018,0.41433176,0.33072805
3367,1,1,0.2659039,0.4029572,0.33113888
3368,2,1,0.24539702,0.4153027,0.33930027
3369,1,1,0.2515323,0.41689718,0.3315706
3370,1,2,0.28612545,0.33525956,0.37861496
3371,1,1,0.21838935,0.43120292,0.35040763
3372,1,1,0.32251534,0.34193215,0.33555248
3373,1,1,0.23142344,0.39193052,0.376646
3374,1,2,0.28025094,0.3283682,0.39138088
3375,2,2,0.2993581,0.3087666,0.3918753
3376,1,1,0.2270593,0.41660053,0.35634017
3377,1,1,0.22485247,0.41789123,0.35725626
3378,1,2,0.2817323,0.34275076,0.37551695
3379,1,2,0.30403703,0.32191077,0.3740521
3380,1,2,0.29704365,0.3132056,0.38975075
3381,2,2,0.29116628,0.32072294,0.38811076
3382,2,2,0.289004,0.35256368,0.35843238
3383,0,1,0.25881022,0.39662075,0.34456906
3384,2,2,0.28189576,0.3544437,0.3636605
3385,2,1,0.25902566,0.42623308,0.31474125
3386,2,2,0.2959968,0.31305286,0.39095038
3387,2,2,0.30129126,0.3023843,0.3963244
3388,2,2,0.34275246,0.30142125,0.35582632
3389,2,2,0.30653286,0.32030743,0.3731598
3390,2,2,0.29991534,0.30980074,0.390284
3391,1,2,0.32121363,0.29634923,0.3824371
3392,1,2,0.3236513,0.3237404,0.35260823
3393,2,1,0.23150815,0.39798668,0.37050518
3394,1,1,0.22338419,0.4251122,0.35150364
3395,2,1,0.24543048,0.4198935,0.33467603
3396,1,1,0.23737049,0.4257163,0.3369132
3397,1,2,0.34171948,0.29285845,0.36542204
3398,1,2,0.32986087,0.31737554,0.35276365
3399,1,1,0.25059626,0.3979857,0.35141805
3400,1,1,0.23464774,0.41921455,0.34613773
3401,1,1,0.2398825,0.42777893,0.33233863
3402,1,1,0.22916871,0.43446106,0.33637017
3403,1,1,0.2734536,0.40473863,0.32180777
3404,1,1,0.32869163,0.33574986,0.3355585
3405,1,1,0.22233944,0.4308627,0.34679782
3406,1,1,0.22182183,0.4276855,0.3504926
3407,2,2,0.2362345,0.36188766,0.40187785
3408,1,1,0.26331508,0.40334755,0.3333373
3409,1,1,0.29842314,0.37446928,0.3271075
3410,1,1,0.2579379,0.4199144,0.32214773
3411,2,2,0.23500417,0.3752846,0.38971126
3412,1,1,0.22239067,0.42977077,0.3478386
3413,1,1,0.2416538,0.42651603,0.33183017
3414,2,1,0.22363429,0.42947152,0.3468941
3415,2,1,0.2279876,0.43537694,0.33663544
3416,1,1,0.23864257,0.42014518,0.34121218
3417,2,1,0.25103083,0.42228293,0.3266863
3418,2,1,0.2251255,0.42938852,0.345486
3419,0,1,0.22164829,0.40931848,0.36903328
3420,2,1,0.21723212,0.4250562,0.3577116
3421,0,1,0.21863966,0.4278814,0.35347888
3422,1,1,0.21953876,0.42208824,0.35837296
3423,1,1,0.23007372,0.41064125,0.35928503
3424,1,1,0.24515824,0.41304326,0.34179842
3425,1,1,0.22552402,0.39580378,0.37867215
3426,0,2,0.26569337,0.347431,0.3868756
3427,1,0,0.41343725,0.25829825,0.32826453
3428,1,1,0.24791886,0.39635104,0.35573006
3429,2,1,0.30677256,0.35261437,0.3406131
3430,0,1,0.2859747,0.36937916,0.34464607
3431,2,1,0.281202,0.3997503,0.31904775
3432,1,1,0.2926304,0.39352903,0.31384057
3433,0,0,0.34880194,0.3038662,0.34733185
3434,2,1,0.24872628,0.4208817,0.3303921
3435,0,0,0.43283135,0.2420828,0.3250859
3436,2,0,0.43283135,0.2420828,0.3250859
3437,2,0,0.5160124,0.2109431,0.2730445
3438,2,0,0.4201817,0.2587241,0.32109427
3439,1,0,0.37365025,0.31114647,0.31520334
3440,1,1,0.25495276,0.41758716,0.32746008
3441,1,1,0.23663174,0.39930433,0.3640639
3442,1,1,0.29887354,0.40074477,0.30038175
3443,1,1,0.2348976,0.42701438,0.33808798
3444,2,0,0.3402539,0.32071695,0.3390291
3445,1,1,0.25586057,0.43580407,0.3083353
3446,0,1,0.31160372,0.3998563,0.28853995
3447,1,1,0.26124233,0.4145317,0.32422593
3448,2,0,0.35553268,0.3258281,0.31863922
3449,2,0,0.40714967,0.31926832,0.27358204
3450,1,0,0.40445837,0.33702397,0.2585177
3451,1,0,0.38425896,0.34671834,0.26902273
3452,1,0,0.3490425,0.34067276,0.3102848
3453,2,0,0.36201727,0.32133943,0.3166433
3454,2,0,0.38909817,0.29985684,0.31104493
3455,0,0,0.3496559,0.331779,0.31856507
3456,1,1,0.35086226,0.35146654,0.2976712
3457,2,0,0.42460307,0.3290789,0.24631797
3458,2,0,0.3918001,0.31561545,0.29258442
3459,1,0,0.3597309,0.3007357,0.33953336
3460,0,0,0.35276756,0.30049387,0.34673852
3461,2,0,0.51443857,0.19669682,0.28886464
3462,2,0,0.4771349,0.2296981,0.29316694
3463,2,2,0.33065853,0.33191442,0.33742705
3464,2,0,0.3931793,0.27183077,0.33498988
3465,2,0,0.39158374,0.2973187,0.31109756
3466,0,0,0.4511843,0.28776255,0.26105317
3467,0,0,0.40135735,0.24067335,0.35796934
3468,2,0,0.36028185,0.3205528,0.31916532
3469,2,0,0.50733894,0.25827143,0.23438963
3470,2,0,0.47493383,0.22488296,0.3001832
3471,2,1,0.32656342,0.37890413,0.29453245
3472,0,0,0.38049185,0.33893812,0.2805701
3473,2,0,0.36302662,0.3198309,0.31714252
3474,2,0,0.39175093,0.33828986,0.26995924
3475,2,1,0.36584544,0.3763233,0.2578312
3476,1,1,0.26243186,0.42170322,0.3158649
3477,0,1,0.22194113,0.40863955,0.36941928
3478,1,1,0.22152185,0.40064144,0.37783676
3479,1,1,0.22527042,0.42561212,0.34911752
3480,0,1,0.2553977,0.41929737,0.32530493
3481,0,2,0.3462796,0.2952903,0.35843015
3482,2,0,0.34143823,0.33553883,0.32302293
3483,1,1,0.3367075,0.3388908,0.32440174
3484,1,0,0.3695681,0.31424442,0.31618744
3485,2,1,0.2816976,0.39677873,0.3215237
3486,1,2,0.2912728,0.33483544,0.37389177
3487,2,1,0.23921202,0.42667803,0.33411
3488,1,1,0.25586855,0.4158901,0.32824138
3489,0,1,0.33903605,0.38381818,0.27714574
3490,2,2,0.2976835,0.3500729,0.3522436
3491,2,1,0.2298683,0.4016821,0.3684496
3492,1,1,0.31346163,0.3878746,0.2986638
3493,1,2,0.30160263,0.32755202,0.3708453
3494,1,2,0.2788884,0.33391306,0.3871986
3495,2,2,0.2719913,0.36189345,0.3661153
3496,1,1,0.29720092,0.40678862,0.29601038
3497,2,1,0.30102292,0.39366975,0.3053074
3498,1,1,0.22489542,0.43443477,0.3406698
3499,2,2,0.340105,0.3081236,0.3517714
3500,2,1,0.26451278,0.41231385,0.32317337
3501,2,1,0.27448034,0.41079918,0.31472048
3502,1,2,0.3065173,0.32072902,0.37275374
3503,1,1,0.26773137,0.4013708,0.33089787
3504,1,1,0.29234385,0.41532138,0.2923348
3505,1,2,0.31561014,0.32101393,0.36337593
3506,1,1,0.23144805,0.4312377,0.3373143
3507,1,1,0.28854078,0.39087284,0.32058638
3508,1,1,0.26960737,0.38487566,0.34551704
3509,0,1,0.2571859,0.40253884,0.34027523
3510,0,1,0.22717255,0.40951914,0.3633083
3511,2,2,0.31960967,0.33184013,0.34855014
3512,2,1,0.24562086,0.43356004,0.32081914
3513,0,1,0.251003,0.43009752,0.31889954
3514,2,1,0.23774606,0.42894974,0.33330417
3515,1,0,0.36245942,0.3197786,0.317762
3516,1,0,0.43716404,0.2907655,0.27207044
3517,2,0,0.37134436,0.31295115,0.3157045
3518,1,0,0.4088238,0.33542535,0.2557508
3519,1,0,0.36027732,0.33334288,0.30637982
3520,1,0,0.37694067,0.33497462,0.2880847
3521,2,2,0.32308286,0.32872477,0.34819233
3522,2,0,0.3637478,0.31767854,0.3185736
3523,1,1,0.35438493,0.36583748,0.2797776
3524,1,1,0.27514675,0.41605404,0.3087992
3525,0,0,0.43182898,0.27982673,0.28834426
3526,2,1,0.33912793,0.38428682,0.2765852
3527,2,1,0.31992817,0.40286005,0.2772118
3528,1,0,0.35503495,0.32588437,0.31908065
3529,1,1,0.34028345,0.36463884,0.29507777
3530,0,1,0.33217442,0.38007453,0.28775117
3531,0,0,0.48779333,0.22266813,0.2895386
3532,1,0,0.36867186,0.31520218,0.31612596
3533,1,1,0.35498786,0.36108467,0.28392747
3534,1,1,0.35157427,0.3679849,0.2804408
3535,2,1,0.35072005,0.37723345,0.27204654
3536,0,1,0.3324727,0.37545818,0.29206914
3537,2,0,0.4277716,0.29695064,0.27527773
3538,1,1,0.30485916,0.37898898,0.31615183
3539,2,0,0.35474208,0.35388693,0.291371
3540,1,1,0.3277531,0.37365952,0.29858735
3541,2,1,0.28171283,0.39420742,0.32407978
3542,0,0,0.5649925,0.22195776,0.21304977
3543,2,0,0.35909963,0.32373422,0.31716615
3544,1,0,0.41769096,0.28891838,0.2933906
3545,1,0,0.44361106,0.2827297,0.27365926
3546,1,0,0.36088037,0.32182544,0.3172942
3547,2,0,0.3781402,0.3070325,0.31482726
3548,2,0,0.39081514,0.29811513,0.31106973
3549,1,0,0.39081514,0.29811513,0.31106973
3550,1,0,0.4355151,0.2627372,0.30174768
3551,1,0,0.3581722,0.3489763,0.29285148
3552,1,0,0.40962857,0.32416773,0.26620373
3553,1,1,0.31976277,0.3561098,0.3241274
3554,0,0,0.44151103,0.28085023,0.2776387
3555,0,0,0.44503012,0.25584346,0.29912636
3556,1,0,0.4120863,0.28436688,0.30354676
3557,2,0,0.4450853,0.2917183,0.2631964
3558,1,0,0.4680903,0.271431,0.2604787
3559,0,0,0.42280045,0.31181055,0.265389
3560,2,0,0.35217983,0.32700664,0.3208135
3561,2,0,0.37179598,0.3121888,0.31601524
3562,2,0,0.40921533,0.30269882,0.2880859
3563,1,1,0.34467328,0.3758306,0.27949613
3564,1,0,0.3725423,0.36418256,0.26327515
3565,1,0,0.38913253,0.348142,0.2627254
3566,1,1,0.35500443,0.3808472,0.26414835
3567,2,1,0.332648,0.39040965,0.2769423
3568,1,1,0.28903204,0.41605958,0.29490837
3569,2,1,0.32271641,0.35150826,0.32577533
3570,1,1,0.31129724,0.40591517,0.2827876
3571,0,0,0.3682063,0.32912928,0.3026644
3572,1,0,0.33903053,0.33717623,0.3237933
3573,2,0,0.3805252,0.3248589,0.29461583
3574,1,0,0.37130228,0.35251117,0.27618656
3575,1,0,0.38793322,0.29327336,0.31879345
3576,2,0,0.4083467,0.27304217,0.31861115
3577,1,0,0.35770068,0.324225,0.31807435
3578,1,0,0.3640381,0.31909224,0.31686968
3579,1,0,0.36821714,0.31554246,0.3162404
3580,1,0,0.40135616,0.2941813,0.30446255
3581,2,0,0.3643581,0.31843102,0.31721085
3582,1,1,0.31703177,0.3670599,0.31590837
3583,1,0,0.47434816,0.2685232,0.25712866
3584,1,0,0.47434816,0.2685232,0.25712866
3585,1,0,0.4260404,0.2635943,0.3103653
3586,2,0,0.5074678,0.25909317,0.23343907
3587,1,1,0.29815394,0.38704437,0.31480166
3588,2,1,0.3262606,0.3788501,0.2948893
3589,1,1,0.29937834,0.3842803,0.3163413
3590,2,1,0.29937834,0.3842803,0.3163413
3591,1,0,0.43212983,0.27898207,0.28888807
3592,0,0,0.43212983,0.27898207,0.28888807
3593,0,1,0.2686563,0.38303697,0.3483067
3594,2,1,0.2819994,0.39465457,0.323346
3595,1,2,0.2992447,0.34786293,0.3528924
3596,1,1,0.33328933,0.3369106,0.32980007
3597,1,2,0.36685252,0.26020214,0.37294534
3598,1,0,0.35979667,0.31036213,0.32984126
3599,1,1,0.23819056,0.41600484,0.34580454
3600,0,0,0.40944698,0.32492456,0.26562846
3601,2,0,0.42151946,0.2701346,0.30834603
3602,0,0,0.4006631,0.28345975,0.31587714
3603,2,0,0.37559953,0.3190663,0.30533412
3604,1,0,0.366612,0.3072717,0.32611635
3605,2,1,0.3304002,0.3995233,0.2700765
3606,2,1,0.33411425,0.38721597,0.2786698
3607,0,1,0.2945443,0.36091024,0.34454545
3608,0,1,0.27189508,0.42482844,0.3032764
3609,0,1,0.26731142,0.42027912,0.31240952
3610,0,0,0.4312063,0.3198493,0.24894436
3611,2,1,0.32881066,0.39846295,0.27272633
3612,0,1,0.25640672,0.42345208,0.32014117
3613,2,0,0.40045545,0.34476092,0.25478354
3614,1,1,0.2917274,0.41450468,0.293768
3615,1,1,0.36658052,0.37075025,0.2626692
3616,1,1,0.33207682,0.34360647,0.32431668
3617,1,1,0.34472865,0.35765818,0.29761317
3618,1,1,0.25563005,0.4342496,0.3101203
3619,1,1,0.25731778,0.43060592,0.31207633
3620,1,1,0.28028798,0.41978583,0.29992613
3621,1,1,0.26754215,0.40640196,0.32605594
3622,1,1,0.2553358,0.4108593,0.3338049
3623,1,1,0.2446007,0.41711092,0.3382883
3624,1,1,0.32751942,0.3732128,0.29926777
3625,2,1,0.27350733,0.42471278,0.3017799
3626,2,1,0.27110478,0.40694588,0.32194933
3627,2,1,0.31451425,0.3966095,0.28887627
3628,2,0,0.37413484,0.32776853,0.29809663
3629,2,1,0.34342173,0.35755447,0.29902378
3630,0,1,0.3340965,0.34011653,0.32578698
3631,2,1,0.22197178,0.42777598,0.3502522
3632,0,1,0.22095113,0.4018464,0.3772025
3633,1,1,0.33283398,0.34197748,0.32518858
3634,2,1,0.3375463,0.33826274,0.32419103
3635,2,1,0.22233225,0.42004555,0.35762218
3636,2,1,0.24590199,0.39650923,0.35758883
3637,1,1,0.33727622,0.33870128,0.32402247
3638,2,0,0.3393332,0.3371226,0.3235442
3639,2,0,0.3397454,0.33644813,0.3238065
3640,1,1,0.25441015,0.4201896,0.32540026
3641,1,0,0.35067624,0.32644922,0.32287446
3642,0,0,0.35948426,0.32266277,0.31785303
3643,0,0,0.5886147,0.14676371,0.26462156
3644,0,0,0.37938368,0.30703908,0.31357726
3645,0,0,0.36029422,0.32220393,0.3175018
3646,2,0,0.4507204,0.2979948,0.25128478
3647,2,0,0.3605148,0.35171515,0.28777006
3648,2,0,0.37540665,0.30991393,0.31467938
3649,0,0,0.367726,0.31606096,0.316213
3650,0,0,0.3991946,0.30954435,0.29126102
3651,0,0,0.4012641,0.28945202,0.3092839
3652,1,1,0.31292674,0.35682344,0.33024982
3653,0,1,0.2722904,0.38366878,0.34404078
3654,2,0,0.39226407,0.29570508,0.31203085
3655,1,0,0.35648802,0.31513286,0.32837915
3656,0,0,0.45651624,0.2670332,0.27645066
3657,1,0,0.35390228,0.32682297,0.31927472
3658,1,1,0.3221485,0.36606103,0.3117905
3659,1,0,0.36794457,0.34335467,0.2887007
3660,1,0,0.5137206,0.1286632,0.3576162
3661,1,0,0.40964928,0.31599027,0.27436045
3662,2,0,0.4414872,0.28433356,0.2741792
3663,1,0,0.3525171,0.32794672,0.3195362
3664,1,0,0.39788288,0.29177043,0.31034666
3665,1,0,0.43563706,0.26509872,0.2992642
3666,1,0,0.44013515,0.26217273,0.29769206
3667,1,0,0.5004181,0.24713884,0.25244302
3668,1,0,0.39673868,0.29273793,0.31052336
3669,0,0,0.39053535,0.32015526,0.28930938
3670,1,0,0.4986742,0.24195415,0.25937167
3671,1,0,0.4279272,0.28645888,0.28561392
3672,0,0,0.39545068,0.30564192,0.29890752
3673,1,0,0.41172835,0.30234846,0.28592318
3674,0,0,0.3717312,0.31149748,0.3167713
3675,2,0,0.4711005,0.2914148,0.23748466
3676,1,0,0.52279645,0.25497085,0.22223279
3677,0,0,0.42912546,0.28975117,0.2811233
3678,0,0,0.37822413,0.30843785,0.31333798
3679,0,0,0.36773667,0.31637296,0.3158904
3680,0,0,0.37354618,0.3115667,0.3148871
3681,0,0,0.44569778,0.22261424,0.33168793
3682,0,0,0.55852133,0.16248842,0.2789902
3683,2,0,0.3342707,0.33390772,0.33182153
3684,1,1,0.3123376,0.35686845,0.33079404
3685,0,0,0.46967864,0.2864495,0.24387185
3686,1,1,0.28000116,0.38389602,0.33610278
3687,0,1,0.27084154,0.40567046,0.32348797
3688,0,0,0.3488915,0.33523977,0.3158688
3689,0,0,0.38920298,0.29987866,0.31091836
3690,2,1,0.33873975,0.3443507,0.31690955
3691,0,0,0.35265994,0.32779595,0.31954408
3692,0,2,0.31314516,0.33346373,0.35339114
3693,1,0,0.43158597,0.29433098,0.27408302
3694,1,0,0.41539878,0.28998694,0.2946143
3695,1,0,0.38282263,0.30422914,0.31294823
3696,0,0,0.42199907,0.30950677,0.26849416
3697,0,0,0.3903781,0.3296304,0.2799915
3698,2,2,0.3357323,0.31300637,0.35126126
3699,0,0,0.34264418,0.33288234,0.32447353
3700,2,1,0.24539734,0.42564154,0.3289611
3701,0,1,0.29797933,0.3766123,0.32540843
3702,2,1,0.26224682,0.4228943,0.3148589
3703,1,1,0.31120422,0.37490207,0.31389374
3704,1,0,0.35586986,0.33995277,0.30417734
3705,0,1,0.27949896,0.37571186,0.34478915
3706,2,0,0.37235904,0.31135038,0.31629056
3707,0,1,0.3622327,0.36789882,0.2698685
3708,0,2,0.313557,0.32197854,0.36446446
3709,1,1,0.29863736,0.3525505,0.34881213
3710,2,2,0.3213278,0.3367922,0.34188005
3711,2,2,0.3213278,0.3367922,0.34188005
3712,2,1,0.2929262,0.40068424,0.30638963
3713,0,0,0.3545165,0.32375002,0.3217335
3714,1,0,0.3919478,0.31765315,0.29039904
3715,1,1,0.25276864,0.43095598,0.3162754
3716,2,1,0.25276864,0.43095598,0.3162754
3717,0,1,0.2565848,0.42440778,0.31900746
3718,0,0,0.34224337,0.33492097,0.32283568
3719,0,1,0.25480476,0.38595927,0.35923597
3720,0,2,0.2873514,0.34107634,0.37157223
3721,1,0,0.4591272,0.287949,0.25292385
3722,1,0,0.3764777,0.3215828,0.30193958
3723,1,1,0.31358662,0.36908552,0.31732795
3724,0,0,0.37570983,0.30361995,0.32067016
3725,0,0,0.40545392,0.26383317,0.33071288
3726,0,0,0.34095657,0.33647987,0.32256353
3727,0,0,0.3959199,0.26517445,0.33890566
3728,0,0,0.34562063,0.3430762,0.31130323
3729,2,1,0.25213078,0.3998002,0.34806907
3730,2,1,0.26306224,0.3970065,0.33993125
3731,0,0,0.34805468,0.33316097,0.31878436
3732,0,2,0.27013576,0.35598767,0.3738766
3733,0,0,0.37137935,0.31812003,0.31050062
3734,0,2,0.26944253,0.3616184,0.36893904
3735,0,0,0.356413,0.3144013,0.3291857
3736,0,1,0.30605626,0.36253357,0.3314101
3737,0,0,0.36508146,0.31855127,0.31636733
3738,0,1,0.2755969,0.38730922,0.33709386
3739,0,1,0.253742,0.38889298,0.35736498
3740,0,2,0.26141092,0.35745016,0.38113898
3741,1,2,0.25983793,0.36157578,0.37858623
3742,0,1,0.25671473,0.37761694,0.3656683
3743,1,1,0.30239147,0.3843889,0.31321964
3744,0,0,0.3798926,0.30754128,0.31256613
3745,1,1,0.28831533,0.38253763,0.32914707
3746,0,1,0.29156253,0.39987752,0.30856004
3747,1,0,0.3470716,0.33339635,0.31953207
3748,1,1,0.31259626,0.3588165,0.32858723
3749,2,0,0.3533291,0.32947087,0.3172
3750,1,0,0.3580456,0.32459393,0.3173605
3751,2,0,0.3556848,0.32600957,0.3183056
3752,0,0,0.4033133,0.25165644,0.34503022
3753,0,1,0.272026,0.4182506,0.30972338
3754,0,0,0.37610656,0.31645945,0.307434
3755,0,0,0.4592105,0.2573956,0.28339398
3756,0,0,0.39649415,0.27214226,0.3313635
3757,1,0,0.35149363,0.3277437,0.32076263
3758,0,0,0.40520248,0.25994954,0.33484796
3759,0,0,0.38262305,0.2952894,0.32208753
3760,0,0,0.37345716,0.27375227,0.35279053
3761,0,0,0.37356865,0.3098798,0.31655157
3762,0,0,0.46627045,0.2255611,0.3081685
3763,2,2,0.26864675,0.35414764,0.37720555
3764,1,2,0.27196097,0.35828152,0.36975747
3765,2,0,0.4225616,0.22321318,0.35422516
3766,2,2,0.31457806,0.30956635,0.37585565
3767,2,0,0.3782017,0.30651522,0.31528312
3768,2,2,0.28168616,0.3564949,0.3618189
3769,2,1,0.2661389,0.37439802,0.3594631
3770,2,2,0.29001722,0.33467904,0.37530372
3771,2,0,0.37747762,0.2974478,0.32507452
3772,2,2,0.29645184,0.31734008,0.38620812
3773,2,2,0.28979933,0.34598815,0.3642125
3774,2,2,0.3021362,0.31438494,0.3834788
3775,2,2,0.29859343,0.32576856,0.37563792
3776,2,1,0.28147438,0.37280864,0.34571698
3777,2,2,0.31987944,0.30027485,0.37984577
3778,0,2,0.333039,0.30719644,0.35976467
3779,0,2,0.34507152,0.30645058,0.34847793
3780,0,2,0.36377457,0.25113225,0.3850932
3781,2,2,0.35687146,0.2556327,0.38749585
3782,2,1,0.30873123,0.38201174,0.30925703
3783,2,1,0.3103285,0.4077175,0.281954
3784,0,1,0.3260944,0.36561185,0.30829373
3785,0,1,0.24920146,0.41841483,0.33238378
3786,0,0,0.34300798,0.33458737,0.32240465
3787,2,0,0.36435986,0.3053192,0.33032098
3788,2,1,0.30798686,0.3745385,0.31747463
3789,2,0,0.36922413,0.3328102,0.2979657
3790,2,0,0.39304206,0.30704483,0.2999131
3791,2,2,0.31217164,0.32683465,0.3609937
3792,0,0,0.44269246,0.30984792,0.2474596
3793,0,0,0.38763782,0.34777638,0.2645858
3794,0,0,0.44307473,0.28709844,0.2698268
3795,1,1,0.30092695,0.40551344,0.29355958
3796,2,1,0.35244653,0.3867566,0.26079687
3797,1,1,0.31226075,0.38383648,0.30390275
3798,1,0,0.3963511,0.3226111,0.28103772
3799,0,0,0.34916908,0.32419634,0.32663456
3800,1,0,0.44355923,0.3140211,0.24241965
3801,1,0,0.4321218,0.30440852,0.2634696
3802,0,0,0.40412304,0.32146254,0.2744144
3803,0,0,0.37853965,0.34690693,0.27455348
3804,0,0,0.37563282,0.30917063,0.31519657
3805,2,0,0.4163647,0.33825588,0.24537937
3806,0,1,0.24518323,0.4401558,0.31466103
3807,0,1,0.26339626,0.43223688,0.30436683
3808,0,1,0.26705685,0.435417,0.29752618
3809,2,0,0.3575972,0.32357007,0.3188327
3810,0,0,0.5268853,0.20548883,0.26762587
3811,0,1,0.35749575,0.3800312,0.26247308
3812,2,0,0.3782095,0.3640525,0.25773805
3813,1,0,0.3712688,0.36573333,0.2629979
3814,0,1,0.30907336,0.38487118,0.30605543
3815,0,1,0.31319547,0.39022505,0.29657942
3816,1,1,0.28965273,0.38414165,0.32620558
3817,1,1,0.2915478,0.4020433,0.30640888
3818,0,1,0.29412493,0.40276107,0.30311397
3819,0,0,0.43388525,0.3135781,0.25253665
3820,0,0,0.43178275,0.3159674,0.2522498
3821,1,0,0.4001732,0.33916712,0.26065972
3822,1,0,0.3935649,0.33693165,0.2695034
3823,1,0,0.45970294,0.30985355,0.23044346
3824,0,1,0.3580789,0.3758642,0.26605693
3825,0,1,0.3471191,0.39153495,0.26134595
3826,0,1,0.35330704,0.38938865,0.2573043
3827,0,0,0.46218553,0.28917572,0.24863876
3828,0,1,0.36342147,0.36987296,0.2667055
3829,1,1,0.34052905,0.39378685,0.26568407
3830,1,0,0.4076964,0.35905698,0.23324658
3831,1,1,0.36737868,0.38554242,0.24707891
3832,0,1,0.34894642,0.39100242,0.2600512
3833,1,1,0.3626448,0.38295028,0.25440487
3834,1,0,0.4379434,0.30141795,0.26063868
3835,0,0,0.4365146,0.33696842,0.22651704
3836,0,0,0.42914417,0.34116358,0.22969227
3837,2,2,0.27368265,0.3481321,0.3781852
3838,2,0,0.3915468,0.30306903,0.30538416
3839,0,2,0.33254668,0.32864973,0.33880356
3840,1,0,0.41700223,0.2797333,0.3032644
3841,1,1,0.33725834,0.36106816,0.30167347
3842,1,1,0.22982347,0.4311454,0.3390312
3843,1,0,0.4137797,0.31907883,0.26714146
3844,0,1,0.34701338,0.35699564,0.29599094
3845,0,0,0.38104776,0.3289417,0.29001048
3846,1,1,0.30683848,0.37864506,0.31451645
3847,1,1,0.33945706,0.3582358,0.30230713
3848,1,2,0.3440412,0.28141433,0.37454447
3849,0,0,0.46021134,0.22814137,0.31164733
3850,1,0,0.4610616,0.23451708,0.30442128
3851,0,0,0.49464923,0.21683493,0.28851587
3852,0,0,0.49397567,0.21313591,0.29288843
3853,0,0,0.3968713,0.3177728,0.2853559
3854,1,0,0.3788554,0.30271533,0.31842926
3855,0,0,0.3999197,0.28654647,0.3135339
3856,0,0,0.38739157,0.2870706,0.32553783
3857,1,1,0.36049923,0.36900532,0.27049553
3858,1,0,0.34510717,0.33983648,0.3150564
3859,0,1,0.31982264,0.39221516,0.28796214
3860,1,0,0.42826438,0.2879259,0.28380975
3861,0,1,0.26210886,0.42172313,0.316168
3862,0,0,0.3726998,0.3108637,0.31643644
3863,1,0,0.3760786,0.3086699,0.31525144
3864,0,0,0.45384192,0.25506222,0.29109588
3865,0,0,0.4748236,0.24199341,0.28318295
3866,1,1,0.29235947,0.39431772,0.31332275
3867,1,1,0.28981793,0.40885958,0.30132255
3868,1,1,0.278975,0.40826142,0.31276348
3869,0,0,0.41609898,0.25504267,0.32885835
3870,1,1,0.2976583,0.37426853,0.32807317
3871,0,0,0.4276559,0.2989659,0.27337825
3872,1,0,0.38569966,0.30168486,0.31261557
3873,1,0,0.3844583,0.30245385,0.3130878
3874,2,1,0.29269907,0.39851812,0.3087828
3875,1,0,0.34774646,0.334352,0.31790155
3876,1,1,0.32941777,0.3817026,0.28887963
3877,1,1,0.25623608,0.43972373,0.30404025
3878,1,1,0.2875536,0.3985234,0.31392303
3879,1,1,0.29802042,0.38840824,0.3135714
3880,2,0,0.40375695,0.2863807,0.30986235
3881,0,0,0.36567616,0.31650093,0.31782296
3882,0,0,0.39840057,0.29199514,0.3096042
3883,2,1,0.32059434,0.345607,0.3337986
3884,0,1,0.32089236,0.40342733,0.27568036
3885,0,0,0.49368334,0.23306221,0.2732545
3886,1,1,0.33913767,0.38181797,0.27904436
3887,0,1,0.35282135,0.3842518,0.26292685
3888,0,0,0.36690962,0.318917,0.31417328
3889,0,0,0.3723314,0.31107658,0.316592
3890,1,1,0.32430643,0.39194426,0.2837493
3891,0,0,0.4388224,0.30473822,0.2564394
3892,0,0,0.3856818,0.3063105,0.30800766
3893,2,0,0.3585133,0.29968384,0.3418029
3894,0,0,0.4091666,0.30621797,0.2846154
3895,0,0,0.36437654,0.33196962,0.30365384
3896,2,0,0.3543225,0.33691385,0.30876362
3897,2,0,0.3543225,0.33691385,0.30876362
3898,2,1,0.3078718,0.39055118,0.3015771
3899,2,0,0.38269058,0.28736314,0.32994625
3900,0,1,0.29076266,0.40639055,0.3028468
3901,1,1,0.29083565,0.40724912,0.3019152
3902,2,0,0.3681122,0.3238009,0.30808687
3903,2,1,0.32102343,0.35639817,0.32257843
3904,0,1,0.33391806,0.34000748,0.3260745
3905,2,1,0.32425898,0.35031503,0.32542598
3906,2,1,0.30787152,0.37215543,0.31997302
3907,2,1,0.3247955,0.35435283,0.32085165
3908,1,1,0.24824864,0.41396645,0.3377849
3909,2,1,0.27946514,0.37317425,0.34736064
3910,2,1,0.31086951,0.35997412,0.32915628
3911,2,1,0.2821548,0.37816107,0.3396841
3912,2,1,0.22736385,0.42938,0.3432561
3913,0,1,0.24120916,0.39548907,0.36330175
3914,2,1,0.279605,0.3881796,0.33221534
3915,2,1,0.24045917,0.43078578,0.32875505
3916,1,1,0.23783235,0.40678483,0.35538286
3917,2,1,0.31564406,0.34665364,0.33770236
3918,0,1,0.259479,0.43238524,0.3081358
3919,1,1,0.30116093,0.40339702,0.29544207
3920,0,0,0.359473,0.35584936,0.2846776
3921,0,1,0.35144347,0.3523332,0.29622328
3922,0,1,0.30144113,0.3866208,0.31193805
3923,0,0,0.35513744,0.34329584,0.30156666
3924,1,1,0.3501611,0.3518585,0.29798037
3925,2,0,0.40752935,0.29334107,0.29912952
3926,1,0,0.3895446,0.30874452,0.30171087
3927,1,1,0.34102833,0.36404905,0.29492265
3928,1,1,0.30431265,0.35814285,0.3375445
3929,2,0,0.40982544,0.30807114,0.28210342
3930,1,0,0.35955045,0.33431327,0.30613634
3931,0,2,0.33196482,0.31409213,0.35394305
3932,0,2,0.31019825,0.3343623,0.35543948
3933,1,1,0.28402328,0.38664863,0.32932815
3934,2,1,0.3098862,0.36029714,0.32981673
3935,2,2,0.3226798,0.3233171,0.3540032
3936,0,1,0.29860082,0.38237223,0.31902698
3937,0,0,0.37669688,0.33238503,0.29091805
3938,2,0,0.37549922,0.3198621,0.30463868
3939,1,0,0.34815416,0.336167,0.31567886
3940,1,0,0.40206274,0.32061023,0.27732703
3941,2,0,0.35360408,0.30757782,0.33881807
3942,1,0,0.43878055,0.27536663,0.28585288
3943,2,0,0.3940032,0.31328157,0.29271525
3944,0,0,0.4163166,0.32069963,0.2629838
3945,2,0,0.4815608,0.24097325,0.27746585
3946,1,2,0.25710025,0.359848,0.38305175
3947,0,2,0.3031441,0.33382046,0.3630355
3948,2,0,0.3959909,0.31829318,0.28571597
3949,1,1,0.22705641,0.41365018,0.35929346
3950,1,1,0.22541054,0.41860166,0.35598785
3951,0,0,0.3603168,0.35182014,0.28786305
3952,1,1,0.25785822,0.39431605,0.34782568
3953,2,1,0.240561,0.41963273,0.3398063
3954,2,0,0.3622247,0.33080697,0.30696836
3955,0,1,0.30499002,0.36495626,0.33005372
3956,0,1,0.28310078,0.3836217,0.33327752
3957,2,1,0.32287568,0.36297482,0.31414947
3958,1,0,0.34605536,0.33098906,0.32295555
3959,2,0,0.34378713,0.3332443,0.32296857
3960,1,0,0.4308156,0.28472322,0.28446117
3961,1,1,0.2353692,0.39978412,0.36484665
3962,0,1,0.31500706,0.34876376,0.33622915
3963,2,2,0.32709482,0.3243649,0.34854025
3964,1,1,0.27410695,0.3753395,0.35055357
3965,0,0,0.34286898,0.34015042,0.31698054
3966,2,0,0.34610352,0.3435228,0.3103737
3967,2,1,0.27423576,0.41025373,0.3155105
3968,1,1,0.30232537,0.36533648,0.33233812
3969,2,1,0.25003266,0.42556122,0.32440618
3970,2,1,0.26800624,0.4163045,0.3156893
3971,2,1,0.283478,0.40974686,0.30677518
3972,2,1,0.26559082,0.4113929,0.32301626
3973,2,1,0.268048,0.42288977,0.3090622
3974,1,1,0.28475425,0.41446617,0.3007795
3975,1,1,0.2802291,0.41210234,0.3076685
3976,1,1,0.33619368,0.33958,0.32422635
3977,2,0,0.34482867,0.33443055,0.32074088
3978,0,0,0.35244855,0.326043,0.32150847
3979,2,0,0.33907712,0.33674404,0.3241788
3980,1,1,0.31700897,0.3756954,0.3072957
3981,2,0,0.34241387,0.33409056,0.3234955
3982,0,0,0.3457529,0.33128637,0.32296076
3983,2,1,0.23520373,0.4062108,0.3585855
3984,2,1,0.21921282,0.41966206,0.36112514
3985,1,1,0.226148,0.4209399,0.35291216
3986,2,0,0.34497696,0.33203214,0.32299092
3987,1,1,0.21908762,0.41686693,0.36404547
3988,1,0,0.34570444,0.33120683,0.32308877
3989,1,1,0.33681592,0.34109345,0.32209066
3990,0,0,0.37961996,0.31515098,0.30522913
3991,0,0,0.4227328,0.28517136,0.2920959
3992,0,0,0.3895924,0.28246993,0.32793766
3993,0,2,0.32290888,0.32842642,0.34866467
3994,2,0,0.34966636,0.32859313,0.32174048
3995,2,0,0.34176672,0.33638352,0.3218498
3996,0,1,0.33831748,0.3505062,0.3111763
3997,0,2,0.29239103,0.34625736,0.36135158
3998,2,2,0.29239103,0.34625736,0.36135158
3999,1,2,0.29237244,0.33653194,0.37109557
4000,2,1,0.2665269,0.38224542,0.3512277
4001,1,1,0.2648108,0.39462978,0.34055945
4002,0,0,0.39550683,0.30529913,0.29919407
4003,0,1,0.24201256,0.3801605,0.37782702
4004,0,1,0.22440912,0.43060985,0.34498107
4005,0,2,0.267534,0.35411376,0.37835225
4006,0,1,0.2535651,0.41162372,0.33481127
4007,0,1,0.23441169,0.39365783,0.37193054
4008,0,2,0.30489162,0.32492015,0.37018824
4009,1,2,0.28176886,0.3376445,0.38058665
4010,0,1,0.2186727,0.4189591,0.3623682
4011,0,1,0.22415887,0.41986588,0.3559752
4012,0,1,0.23074584,0.40801436,0.3612398
4013,0,1,0.23530461,0.4195064,0.34518898
4014,1,1,0.2247969,0.42304346,0.35215968
4015,0,1,0.22125117,0.43098167,0.34776714
4016,0,1,0.2512496,0.3745219,0.37422845
4017,1,1,0.24289925,0.41716087,0.3399399
4018,0,1,0.23718141,0.41458264,0.34823593
4019,0,1,0.22768822,0.43327385,0.33903793
4020,0,1,0.27957416,0.40626904,0.31415686
4021,2,1,0.23403236,0.40133232,0.3646353
4022,1,1,0.2833059,0.38271475,0.33397934
4023,0,1,0.26100123,0.4028895,0.3361093
4024,1,1,0.23062067,0.41422975,0.35514966
4025,1,0,0.35801727,0.35178128,0.29020143
4026,1,1,0.27418977,0.40301675,0.32279345
4027,0,1,0.29791698,0.40537938,0.2967036
4028,1,1,0.25891712,0.42829603,0.31278676
4029,0,1,0.25173986,0.42297992,0.32528028
4030,0,1,0.25777858,0.42776883,0.31445268
4031,1,2,0.2662723,0.3538935,0.37983423
4032,0,0,0.3894359,0.28532374,0.32524034
4033,2,2,0.27620947,0.31771064,0.40607992
4034,2,1,0.28629822,0.38561228,0.32808957
4035,1,1,0.2356137,0.41839004,0.3459963
4036,0,1,0.23992264,0.43317568,0.32690164
4037,0,1,0.22188953,0.42833582,0.34977466
4038,2,1,0.24738948,0.38420555,0.36840495
4039,0,1,0.22031914,0.40230334,0.37737748
4040,2,1,0.27160752,0.36583805,0.36255446
4041,0,1,0.24193236,0.4331771,0.3248906
4042,1,1,0.23621376,0.40316597,0.36062023
4043,0,1,0.29875597,0.3622561,0.33898795
4044,0,1,0.31912053,0.3697647,0.31111482
4045,0,1,0.2795406,0.3846693,0.33579013
4046,0,1,0.26220426,0.42612994,0.3116659
4047,1,1,0.24797443,0.39400557,0.35801995
4048,0,0,0.37441146,0.3247639,0.30082458
4049,1,0,0.44915482,0.29763022,0.25321484
4050,0,0,0.3894027,0.32070968,0.28988758
4051,0,0,0.348961,0.32919112,0.32184783
4052,0,0,0.40705803,0.32596388,0.26697814
4053,0,0,0.33807075,0.33798787,0.3239414
4054,0,0,0.37606022,0.37046492,0.25347492
4055,0,1,0.30951908,0.41084263,0.27963826
4056,2,1,0.33294448,0.34231123,0.32474425
4057,0,0,0.39566305,0.34403872,0.26029828
4058,1,0,0.41779074,0.32908347,0.25312576
4059,0,1,0.35029304,0.37151548,0.27819145
4060,0,0,0.40901893,0.2851442,0.30583683
4061,2,0,0.4230849,0.31718028,0.25973475
4062,2,0,0.45137492,0.29558474,0.2530404
4063,0,0,0.36406893,0.35699713,0.2789339
4064,2,0,0.41263682,0.32273132,0.2646319
4065,2,0,0.4316507,0.30728018,0.26106918
4066,2,0,0.39950576,0.32712942,0.27336487
4067,0,0,0.41278103,0.33432913,0.25288984
4068,2,0,0.37216216,0.34067944,0.28715843
4069,2,0,0.40274036,0.3226361,0.2746236
4070,1,0,0.38781524,0.34492037,0.2672644
4071,2,0,0.39722437,0.32059392,0.2821817
4072,0,0,0.40052307,0.30544958,0.29402736
4073,0,0,0.40157738,0.3119672,0.28645542
4074,1,1,0.28622404,0.39920694,0.31456903
4075,1,1,0.2653508,0.3707531,0.36389613
4076,1,1,0.2680826,0.37465066,0.35726678
4077,1,1,0.26241904,0.4263741,0.31120685
4078,1,1,0.28296345,0.4157643,0.30127224
4079,1,1,0.24195856,0.42101917,0.3370223
4080,1,1,0.23090418,0.42465124,0.3444446
4081,1,1,0.26891574,0.37651548,0.35456884
4082,0,1,0.263671,0.39941606,0.336913
4083,0,1,0.2304791,0.40429232,0.3652286
4084,1,1,0.2481182,0.39987603,0.35200578
4085,0,1,0.23519696,0.3851038,0.3796993
4086,2,1,0.24411443,0.40596798,0.34991762
4087,2,1,0.23041478,0.39897302,0.3706122
4088,0,1,0.22185501,0.40183997,0.376305
4089,2,2,0.27090693,0.34370548,0.38538766
4090,2,1,0.24075761,0.42715228,0.3320901
4091,2,2,0.32065782,0.32831582,0.35102633
4092,2,0,0.35304254,0.3052982,0.3416592
4093,1,2,0.3195449,0.33094084,0.34951425
4094,2,0,0.41705316,0.33821082,0.24473606
4095,1,1,0.26819345,0.41977948,0.31202704
4096,1,1,0.2899491,0.4202464,0.28980455
4097,1,1,0.3128793,0.37897986,0.30814078
4098,1,0,0.38732404,0.35514283,0.2575332
4099,2,2,0.31500596,0.3301698,0.35482422
4100,2,0,0.4080564,0.28908953,0.30285403
4101,2,0,0.46789435,0.2757967,0.256309
4102,1,0,0.37033966,0.31355652,0.3161038
4103,1,0,0.42655098,0.25461057,0.3188385
4104,1,1,0.33684942,0.36867374,0.29447675
4105,1,1,0.34071618,0.3883036,0.2709803
4106,1,1,0.2506788,0.42911917,0.32020202
4107,1,1,0.30180332,0.41240036,0.28579623
4108,0,1,0.31210563,0.39724612,0.29064828
4109,2,1,0.29951182,0.41309318,0.287395
4110,2,0,0.3545456,0.30348113,0.34197333
4111,1,2,0.24779293,0.37177098,0.38043612
4112,1,1,0.22061342,0.42957103,0.3498156
4113,1,1,0.25074542,0.37813473,0.3711199
4114,1,1,0.24315506,0.4157172,0.3411277
4115,1,2,0.25665528,0.3611944,0.3821503
4116,0,1,0.31140792,0.35514456,0.33344755
4117,0,1,0.33811575,0.3554252,0.306459
4118,2,0,0.39331847,0.33746287,0.26921874
4119,1,1,0.2512502,0.42840454,0.32034528
4120,2,1,0.23530269,0.44061273,0.32408458
4121,1,1,0.24057865,0.4404246,0.3189968
4122,1,1,0.2279555,0.41641197,0.35563254
4123,1,1,0.22952305,0.41300866,0.35746837
4124,0,2,0.31643555,0.32861245,0.35495198
4125,0,2,0.3232657,0.33447957,0.3422547
4126,1,2,0.32719865,0.31839713,0.3544042
4127,2,1,0.29609117,0.41111308,0.29279578
4128,2,1,0.26009446,0.39093238,0.34897324
4129,2,1,0.23204245,0.38742548,0.38053203
4130,1,1,0.33575296,0.34399772,0.32024932
4131,1,0,0.36667135,0.31971118,0.3136175
4132,1,1,0.3030137,0.3624367,0.33454955
4133,1,1,0.32242167,0.3496154,0.32796293
4134,2,1,0.22867166,0.41117716,0.36015114
4135,1,1,0.2581595,0.4039656,0.3378749
4136,1,0,0.34663388,0.3254392,0.32792687
4137,2,0,0.4826619,0.2631724,0.25416562
4138,2,1,0.27644566,0.3813658,0.3421885
4139,2,1,0.29178703,0.40239802,0.30581492
4140,0,1,0.22808518,0.43755245,0.33436233
4141,1,1,0.2595766,0.39569175,0.34473163
4142,2,1,0.2721172,0.37877768,0.34910515
4143,1,0,0.44070634,0.26827115,0.29102248
4144,1,1,0.2254943,0.4136041,0.3609015
4145,2,1,0.22212082,0.41099772,0.36688143
4146,1,1,0.22258954,0.42402598,0.3533845
4147,2,2,0.31726,0.32382905,0.35891092
4148,1,1,0.21983987,0.41616195,0.36399817
4149,1,2,0.315792,0.32790658,0.3563015
4150,1,1,0.22597215,0.43791962,0.33610824
4151,1,1,0.23734976,0.42216137,0.34048885
4152,1,2,0.33621106,0.3138899,0.34989905
4153,1,2,0.32319343,0.31687465,0.35993192
4154,1,1,0.3428032,0.36910692,0.28808987
4155,2,1,0.29566118,0.36356297,0.34077582
4156,2,1,0.28669208,0.3679568,0.3453512
4157,1,1,0.2987361,0.35572138,0.34554258
4158,2,2,0.3122553,0.332213,0.35553175
4159,1,0,0.3401955,0.32164982,0.33815473
4160,2,1,0.29661185,0.38522235,0.31816587
4161,2,0,0.33797216,0.32905024,0.33297765
4162,2,2,0.34519064,0.30930594,0.3455034
4163,1,1,0.32759613,0.34317935,0.3292245
4164,2,2,0.3263989,0.33650944,0.33709165
4165,2,2,0.33470547,0.32290134,0.3423932
4166,1,1,0.24506003,0.43414828,0.32079172
4167,1,1,0.2503542,0.40881753,0.34082824
4168,1,1,0.28122878,0.40591866,0.31285253
4169,2,1,0.23631784,0.38464406,0.37903804
4170,1,0,0.36276004,0.32011676,0.31712317
4171,0,0,0.45077616,0.22631828,0.32290557
4172,0,0,0.43928337,0.22150508,0.33921152
4173,1,2,0.36411944,0.26459312,0.3712874
4174,1,1,0.25769565,0.39157984,0.35072455
4175,2,1,0.25863943,0.39625195,0.34510857
4176,0,0,0.3751581,0.28551388,0.339328
4177,2,2,0.33904514,0.31552374,0.34543115
4178,1,1,0.3043519,0.34901598,0.34663215
4179,2,0,0.36047375,0.32940948,0.3101168
4180,2,0,0.4036745,0.28727993,0.30904558
4181,2,1,0.27770498,0.3727966,0.34949845
4182,2,2,0.29549256,0.34172305,0.3627844
4183,2,1,0.2770444,0.39264545,0.33031017
4184,2,2,0.31000745,0.33584684,0.35414574
4185,1,0,0.38383073,0.31546977,0.30069947
4186,2,0,0.39168662,0.28510174,0.3232117
4187,1,0,0.37192908,0.29344228,0.33462864
4188,0,0,0.38406563,0.31671974,0.29921457
4189,2,0,0.38355932,0.27226543,0.34417525
4190,1,0,0.4005185,0.28945476,0.3100267
4191,2,0,0.40060493,0.28992024,0.30947486
4192,0,2,0.32567123,0.29589716,0.37843165
4193,1,2,0.30525276,0.33306202,0.36168525
4194,0,1,0.25062054,0.40079105,0.34858838
4195,1,1,0.25146762,0.37473497,0.3737974
4196,1,1,0.29279506,0.4062788,0.30092615
4197,2,1,0.24408121,0.39373615,0.36218265
4198,1,1,0.2563467,0.40969986,0.3339534
4199,2,1,0.26287243,0.39172688,0.3454007
4200,2,1,0.23141913,0.40461108,0.3639698
4201,2,2,0.2912258,0.3401951,0.36857915
4202,2,1,0.2810125,0.3808076,0.33817992
4203,2,1,0.28933853,0.38748604,0.3231754
4204,2,2,0.27878854,0.33590347,0.38530806
4205,2,1,0.22960404,0.39412564,0.37627035
4206,1,1,0.29133254,0.37365577,0.33501166
4207,1,0,0.37177888,0.2829806,0.34524053
4208,1,1,0.24397244,0.4131239,0.34290358
4209,1,2,0.29642355,0.3255108,0.37806568
4210,1,2,0.34885377,0.26833346,0.38281274
4211,1,1,0.25818747,0.37436548,0.36744702
4212,1,2,0.30632135,0.3231794,0.3704993
4213,2,0,0.35596225,0.30993,0.33410773
4214,1,0,0.43915284,0.27924913,0.281598
4215,1,0,0.41770345,0.29014498,0.29215157
4216,1,0,0.37196723,0.31452498,0.31350777
4217,1,0,0.37609857,0.31038737,0.313514
4218,1,1,0.3020038,0.37380317,0.3241931
4219,1,1,0.3518872,0.37819007,0.2699227
4220,1,1,0.29386005,0.41005057,0.29608935
4221,0,1,0.35630178,0.36854276,0.27515545
4222,2,0,0.36352026,0.32082582,0.31565386
4223,1,0,0.474381,0.26375428,0.26186484
4224,1,0,0.3509826,0.32123023,0.32778716
4225,2,0,0.3890112,0.34196368,0.26902512
4226,1,0,0.34525105,0.33324757,0.3215013
4227,1,0,0.3767892,0.3686705,0.2545403
4228,1,0,0.3433714,0.33496416,0.32166445
4229,1,0,0.3440202,0.33332115,0.32265872
4230,1,0,0.3536233,0.32572952,0.32064718
4231,2,0,0.50119776,0.22798122,0.27082103
4232,2,0,0.49179417,0.24924293,0.25896293
4233,2,1,0.3419948,0.3518262,0.30617902
4234,0,0,0.4389485,0.29421234,0.26683915
4235,0,1,0.33697015,0.34385476,0.31917503
4236,1,1,0.33822525,0.34316748,0.3186073
4237,2,0,0.34367657,0.33778787,0.3185356
4238,1,1,0.33796775,0.34280527,0.31922692
4239,1,1,0.33548328,0.345574,0.3189428
4240,0,1,0.28642467,0.3596023,0.35397303
4241,1,1,0.25174013,0.43738693,0.31087288
4242,1,1,0.2588546,0.42642662,0.31471872
4243,1,1,0.27953416,0.4174255,0.30304036
4244,2,1,0.3003483,0.38839903,0.31125265
4245,1,0,0.3551896,0.30048478,0.34432563
4246,1,1,0.2594485,0.41013098,0.33042058
4247,1,1,0.21998864,0.42737013,0.35264122
4248,1,1,0.21595907,0.42575714,0.3582838
4249,1,1,0.29869494,0.38782048,0.31348464
4250,1,1,0.22966276,0.44306004,0.32727727
4251,1,1,0.24931012,0.43640208,0.31428775
4252,2,1,0.33816195,0.3391171,0.322721
4253,1,1,0.23069806,0.4224807,0.34682128
4254,1,1,0.24009037,0.42769134,0.33221823
4255,1,1,0.23877677,0.4120768,0.34914646
4256,2,1,0.24147159,0.39465168,0.36387676
4257,2,2,0.27889174,0.33100638,0.39010185
4258,2,1,0.22131187,0.43342412,0.34526405
4259,1,2,0.26958606,0.356652,0.37376198
4260,0,1,0.27032247,0.40194777,0.32772976
4261,2,1,0.31948268,0.3418958,0.33862156
4262,2,1,0.22379996,0.40607774,0.3701223
4263,2,2,0.3130543,0.31390366,0.37304205
4264,0,2,0.30766612,0.31677747,0.37555647
4265,1,1,0.30577892,0.38801038,0.30621076
4266,1,0,0.3609645,0.34604123,0.29299423
4267,1,1,0.30556297,0.38068074,0.31375632
4268,1,0,0.3862238,0.34316233,0.2706139
4269,1,1,0.336478,0.36978358,0.29373842
4270,1,0,0.34661588,0.34185922,0.3115249
4271,1,0,0.38218123,0.3187695,0.2990493
4272,1,0,0.3509769,0.3416738,0.30734935
4273,1,1,0.30743966,0.3731374,0.319423
4274,1,1,0.35276175,0.35631728,0.290921
4275,1,1,0.29759964,0.39092913,0.31147125
4276,1,1,0.30481845,0.38833487,0.30684662
4277,2,1,0.34099835,0.35671785,0.3022838
4278,0,0,0.37442565,0.3099819,0.31559247
4279,1,1,0.27392712,0.41179603,0.31427687
4280,2,0,0.478649,0.19647396,0.32487702
4281,1,1,0.27233487,0.42472845,0.30293664
4282,2,1,0.30017808,0.40096813,0.29885375
4283,2,0,0.37080902,0.35659733,0.27259365
4284,2,1,0.34724706,0.37374708,0.27900586
4285,1,1,0.34724706,0.37374708,0.27900586
4286,2,1,0.26825666,0.41643694,0.31530645
4287,2,1,0.26825666,0.41643694,0.31530645
4288,1,1,0.2642939,0.41497573,0.32073033
4289,2,0,0.34216586,0.3368473,0.32098684
4290,2,0,0.34822038,0.33171585,0.32006374
4291,1,0,0.35942152,0.32231835,0.3182601
4292,1,0,0.34345657,0.3367959,0.31974754
4293,1,0,0.34704834,0.33399326,0.31895837
4294,1,0,0.3775368,0.30730572,0.31515747
4295,2,1,0.2521044,0.4070777,0.34081793
4296,1,1,0.26775238,0.37573576,0.35651186
4297,2,0,0.37194318,0.31174293,0.31631383
4298,2,0,0.37300533,0.31028518,0.31670943
4299,0,0,0.36357802,0.31864288,0.31777912
4300,2,1,0.26981553,0.40359437,0.32659012
4301,1,0,0.3510602,0.32773748,0.3212023
4302,1,1,0.228764,0.4242424,0.3469936
4303,1,0,0.377434,0.30372798,0.318838
4304,1,1,0.2946284,0.40239748,0.30297408
4305,1,0,0.40406343,0.28783724,0.3080994
4306,2,0,0.3915473,0.26854342,0.3399093
4307,1,0,0.40255243,0.28902957,0.30841804
4308,1,0,0.38032424,0.28350028,0.3361755
4309,2,0,0.38882294,0.29912028,0.31205678
4310,2,1,0.34598103,0.35186124,0.3021577
4311,1,1,0.2858358,0.35894477,0.35521948
4312,1,0,0.36404294,0.31916425,0.31679288
4313,1,0,0.37012666,0.37001678,0.25985652
4314,1,1,0.3550178,0.3884358,0.2565463
4315,0,0,0.41225028,0.30771655,0.28003323
4316,2,0,0.38891092,0.3571834,0.25390562
4317,2,0,0.3773208,0.35962826,0.2630509
4318,2,1,0.36767074,0.36977807,0.26255113
4319,2,1,0.3686954,0.37479687,0.25650775
4320,2,1,0.26845142,0.40915442,0.32239422
4321,0,1,0.37061277,0.37936684,0.25002044
4322,2,1,0.35155624,0.3729837,0.27546
4323,1,1,0.34427646,0.38315994,0.27256355
4324,2,1,0.34769753,0.39376238,0.25854012
4325,2,1,0.35087928,0.36423886,0.2848819
4326,0,1,0.3184193,0.3753813,0.30619943
4327,2,1,0.28453538,0.40105227,0.3144124
4328,1,0,0.34458953,0.33511484,0.3202957
4329,2,0,0.34961018,0.33056566,0.31982416
4330,2,0,0.35134652,0.33031237,0.31834117
4331,1,0,0.39602584,0.36432147,0.23965271
4332,1,1,0.28384072,0.41135332,0.3048059
4333,1,0,0.35437918,0.32933068,0.31629014
4334,1,0,0.35487214,0.3239447,0.32118326
4335,2,1,0.27198958,0.38649696,0.34151343
4336,1,1,0.3486339,0.35015306,0.30121297
4337,1,1,0.33840683,0.34068456,0.32090864
4338,2,0,0.4621962,0.2235479,0.3142558
4339,1,1,0.31303006,0.38368076,0.30328918
4340,1,0,0.46415833,0.29303312,0.24280857
4341,1,1,0.28136447,0.37629583,0.34233975
4342,2,0,0.35303104,0.33537924,0.3115897
4343,2,1,0.32204598,0.37898284,0.29897118
4344,2,0,0.42209882,0.27335045,0.30455065
4345,0,0,0.34877545,0.3287056,0.322519
4346,1,0,0.40137,0.30014172,0.29848826
4347,1,0,0.4120371,0.2578305,0.33013242
4348,1,1,0.34658393,0.3578591,0.29555693
4349,1,0,0.39693913,0.2886479,0.31441304
4350,1,1,0.28246954,0.38898414,0.32854626
4351,2,1,0.30564275,0.36045972,0.33389744
4352,1,1,0.2984951,0.36867213,0.33283275
4353,2,0,0.37801304,0.32292533,0.2990616
4354,2,1,0.30063388,0.38725007,0.31211597
4355,2,0,0.35425565,0.3436173,0.30212706
4356,2,0,0.3945751,0.3378753,0.26754963
4357,2,0,0.43665454,0.29515737,0.26818803
4358,0,2,0.33915052,0.3074465,0.35340297
4359,1,2,0.3321262,0.3154289,0.35244486
4360,1,1,0.30610123,0.40026546,0.29363325
4361,1,1,0.2345909,0.4080588,0.35735035
4362,1,1,0.3024921,0.39156884,0.30593905
4363,0,1,0.32057154,0.37343422,0.3059942
4364,0,1,0.32057154,0.37343422,0.3059942
4365,2,0,0.36884773,0.3676725,0.2634798
4366,1,0,0.36884773,0.3676725,0.2634798
4367,1,1,0.2572928,0.4442973,0.29840982
4368,2,1,0.31704426,0.39679375,0.286162
4369,2,1,0.3436236,0.38153854,0.27483782
4370,0,0,0.35151368,0.32823873,0.32024765
4371,2,1,0.29662696,0.41494492,0.28842813
4372,1,1,0.2908515,0.4160628,0.29308572
4373,1,1,0.3316837,0.3985262,0.26979008
4374,1,1,0.29423225,0.41412896,0.29163882
4375,1,1,0.3258053,0.40012646,0.27406827
4376,1,1,0.34402207,0.3911828,0.2647951
4377,1,1,0.300598,0.4090237,0.29037827
4378,1,1,0.30657616,0.41003695,0.28338692
4379,1,0,0.3671368,0.31570795,0.31715527
4380,1,1,0.27102563,0.41437143,0.31460297
4381,1,1,0.27767897,0.42014396,0.30217707
4382,1,1,0.22546038,0.4367246,0.33781502
4383,2,1,0.22331215,0.42139366,0.35529417
4384,1,2,0.32656452,0.33402798,0.33940753
4385,2,0,0.3405363,0.32142335,0.33804032
4386,1,0,0.33992693,0.33521083,0.3248622
4387,0,0,0.45099664,0.23299694,0.31600642
4388,0,0,0.38266864,0.2692005,0.34813088
4389,0,0,0.47703192,0.23728675,0.2856814
4390,2,0,0.35829562,0.32321897,0.31848538
4391,2,0,0.35823387,0.32160196,0.32016417
4392,2,0,0.37668157,0.30001116,0.3233073
4393,1,0,0.35525754,0.32485625,0.31988627
4394,2,0,0.44374305,0.260902,0.295355
4395,2,0,0.42135313,0.27619845,0.30244848
4396,2,1,0.33447835,0.36149752,0.30402413
4397,0,2,0.28886062,0.3374921,0.37364724
4398,1,1,0.2654008,0.43519098,0.29940826
4399,1,1,0.25455657,0.382012,0.36343136
4400,2,2,0.2606517,0.36268142,0.37666684
4401,1,0,0.4345121,0.2689301,0.29655778
4402,1,0,0.40037534,0.31974542,0.2798792
4403,1,0,0.4174757,0.2952856,0.2872387
4404,2,0,0.36969993,0.31269494,0.3176052
4405,2,0,0.44351363,0.25021926,0.30626714
4406,2,0,0.4064122,0.2941987,0.29938912
4407,1,0,0.37122607,0.2828799,0.3458941
4408,2,0,0.44605,0.2895285,0.26442143
4409,1,2,0.338266,0.31665936,0.3450747
4410,0,0,0.3563089,0.35246405,0.29122704
4411,1,0,0.41251025,0.29103202,0.29645774
4412,2,0,0.37330928,0.359175,0.26751572
4413,2,0,0.41395804,0.28056306,0.3054789
4414,1,2,0.31151795,0.32694277,0.36153927
4415,2,0,0.36252454,0.33211198,0.3053635
4416,2,1,0.3095207,0.3792381,0.3112412
4417,2,0,0.40065604,0.29454258,0.30480132
4418,1,1,0.230744,0.42749068,0.34176528
4419,0,0,0.41950697,0.2813989,0.2990942
4420,1,1,0.29619816,0.3617977,0.3420042
4421,2,0,0.4111982,0.29276347,0.29603836
4422,2,0,0.3954245,0.32692492,0.2776505
4423,2,1,0.34833735,0.37549803,0.2761646
4424,1,1,0.26840475,0.4075087,0.32408655
4425,2,1,0.25535086,0.41934627,0.32530278
4426,2,1,0.26368123,0.37246642,0.36385238
4427,2,0,0.41376394,0.31164968,0.27458635
4428,0,2,0.3555815,0.2886116,0.35580692
4429,0,1,0.2735492,0.37693375,0.349517
4430,0,1,0.27707487,0.3944914,0.32843375
